index,classifier,POS_CON_ENC,BEN_TRV_ENC,BEN_FA_ENC,BEN_FPT_ENC,BEN_PDT_ENC,POS_SPU_ENC,REG_SAL_ENC,SEXO_ENC,NIV_EDU_ENC,POS_SSO_ENC,GRUPO_ETAR_ENC_Entre 18 y 25 años,GRUPO_ETAR_ENC_Entre 26 y 40 años,GRUPO_ETAR_ENC_Entre 41 y 60 años,GRUPO_ETAR_ENC_Mayor de 60 años,EX_GRUPO_ENC_AUC,EX_GRUPO_ENC_ELN,EX_GRUPO_ENC_EPL,EX_GRUPO_ENC_ERG,EX_GRUPO_ENC_ERP,EX_GRUPO_ENC_FARC,TIP_VIV_ENC_Apartamento,TIP_VIV_ENC_Casa,TIP_VIV_ENC_Casa_Lote,TIP_VIV_ENC_Finca,TIP_VIV_ENC_Habitacion,TIP_VIV_ENC_Otro,TIP_VIV_ENC_Rancho,TIP_VIV_ENC_Vivienda indigena,REG_VIV_ENC_Familiar,REG_VIV_ENC_No_Registra,REG_VIV_ENC_Otra_forma,REG_VIV_ENC_Sana_posesión_título,REG_VIV_ENC_arriendo_subarriendo,REG_VIV_ENC_usufructo,OCU_ECO_ENC_Desocupados,OCU_ECO_ENC_Ocupados_Informal,DEP_RES_ENC,MUN_RES_ENC,NUM_HIJOS_NOR,AÑO_ING_NOR
132,GradientBoostingClassifier_BASE_LINE_VALUES,,,,,,,,,,,,,,,,,,,,,,,,,,,,,,,,,,,,,,,,
3742,GradientBoostingClassifier_BASE_LINE_VALUES,,,,,,,,,,,,,,,,,,,,,,,,,,,,,,,,,,,,,,,,
675,GradientBoostingClassifier_BASE_LINE_VALUES,,,,,,,0.0,,,,,,,,,,,,,,,,,,,,,,,,,,,,1.0,,,,,2015.0
39,GradientBoostingClassifier_BASE_LINE_VALUES,,,,,,,,,,,,,,,,,,,,,,,,,,,,,,,,,,,,,,,,
1361,GradientBoostingClassifier_BASE_LINE_VALUES,,,,,,,,,,,,,,,,,,,,,,,,,,,,,,,,,,,,,,,,
4249,GradientBoostingClassifier_BASE_LINE_VALUES,,,,,,,,,,,,,,,,,,,,,,,,,,,,,,,,,,,,,,,,
352,GradientBoostingClassifier_BASE_LINE_VALUES,,,,,,,,,,,,,,,,,,,,,,,,,,,,,,,,,,,,,,,,
2454,GradientBoostingClassifier_BASE_LINE_VALUES,,,,,,,,,,3.0,,,,,,,,,,,,,,,,,,,,,,,,,,,0.0472201422688131,,,2006.0
4091,GradientBoostingClassifier_BASE_LINE_VALUES,,,,,,,,,,,,,,,,,,,,,,,,,,,,,,,,,,,,,,,,
3922,GradientBoostingClassifier_BASE_LINE_VALUES,,,,,,,,,,,,,,,,,,,,,,,,,,,,,,,,,,,,,,,,
1720,GradientBoostingClassifier_BASE_LINE_VALUES,,,,,,,,,1.0,1.0,,,,,,,,,,,,,,1.0,,,,,,,,,,1.0,1.0,,0.0419786596780232,0.0818513665293897,,2014.0
3926,GradientBoostingClassifier_BASE_LINE_VALUES,,,,,,,,,,,,,,,,,,,,,,,,,,,,,,,,,,,,,,,,
3629,GradientBoostingClassifier_BASE_LINE_VALUES,,,,,,,,,,,,,,,,,,,,,,,,1.0,,,,,,,,,,,,,0.0419786596780232,,,
2340,GradientBoostingClassifier_BASE_LINE_VALUES,,,,,,,,,,,,,,,,,,,,,,,,,,,,,,,,,,,,,,,,
1798,GradientBoostingClassifier_BASE_LINE_VALUES,,,,,,,,,,,,,,,,,,,,,,,,,,,,,1.0,,,,,,,,0.2119992512167727,,,2014.0
3692,GradientBoostingClassifier_BASE_LINE_VALUES,,,,,,,,,,,,,,,,,,,,,,,,1.0,,,,,,,,,,,,,,,,
2910,GradientBoostingClassifier_BASE_LINE_VALUES,,1.0,,,,,,,2.0,1.0,,,,,,,,,,,,,,1.0,,,,,,,,,,1.0,1.0,,0.0419786596780232,0.0818513665293897,,2014.0
1634,GradientBoostingClassifier_BASE_LINE_VALUES,,,,,,,,,,,,,,,,,,,,,,,,,,,,,,,,,,,,,,,,
581,GradientBoostingClassifier_BASE_LINE_VALUES,,,,,,,,,,,,,,,,,,,,,,,,,,,,,,,,,,,,,,,,
1066,GradientBoostingClassifier_BASE_LINE_VALUES,,,,,,,,,,,,,,,,,,,,,,,,,,,,,,,,,,,,,,,,
1851,GradientBoostingClassifier_BASE_LINE_VALUES,,,,,,,,,,,,,,,,,,,,,,,,,,,,,,,,,,,,,,,,
1474,GradientBoostingClassifier_BASE_LINE_VALUES,,,,,,,,,,,,,,,,,,,,,,,,,,,,,,,,,,,,,,,,
3101,GradientBoostingClassifier_BASE_LINE_VALUES,,,,,,,0.0,,2.0,,,,,,,,,,,,,,,,,,,,,,,,,,1.0,,,,,2016.0
1103,GradientBoostingClassifier_BASE_LINE_VALUES,,,,,,,,,,,,,,,,,,,,,,,,,,,,,,,,,,,,,0.0419786596780232,,,
2072,GradientBoostingClassifier_BASE_LINE_VALUES,,,,,,,,,,,,,,,,,,,,,,,,,,,,,,,,,,,,,,,,
3317,GradientBoostingClassifier_BASE_LINE_VALUES,,,,,,,,,,,,,,,,,,,,,,,,,,,,,,,,,,,1.0,,,,,2014.0
4010,GradientBoostingClassifier_BASE_LINE_VALUES,,,,,,,,,,,,,,,,,,,,,,,,,,,,,,,,,,,,,,,,
943,GradientBoostingClassifier_BASE_LINE_VALUES,,,,,,,,,,,,,,,,,,,,,,,,,,,,,,,,,,,,,,,,
1047,GradientBoostingClassifier_BASE_LINE_VALUES,,1.0,,,,,,,1.0,,,,,,,,,,,,,,,1.0,,,,,1.0,,,,,,,,0.2119992512167727,0.0038843129913889,,2014.0
1273,GradientBoostingClassifier_BASE_LINE_VALUES,,,,,,,,,,,,,,,,,,,,,,,,,,,,,,,,,,,,,,0.0038843129913889,,
1576,GradientBoostingClassifier_BASE_LINE_VALUES,,,,,,,,,,,,,,,,,,,,,,,,,,,,,,,,,,,,,,,,
1827,GradientBoostingClassifier_BASE_LINE_VALUES,,,,,,,,,,,,,,,1.0,,,,,,,,1.0,,,,,,,,,,,,,,,,,
3369,GradientBoostingClassifier_BASE_LINE_VALUES,,,,,,,,,,,,,,,,,,,,,,,,,,,,,,,,,,,,,,,,
1175,GradientBoostingClassifier_BASE_LINE_VALUES,,,,,,,,,,,,,,,1.0,,,,,,,,,,,,,,,,,,,,,,,,,
74,GradientBoostingClassifier_BASE_LINE_VALUES,,,,,,,,,,,,,,,,,,,,,,,,,,,,,,,,,,,,,,,,
781,GradientBoostingClassifier_BASE_LINE_VALUES,,,,,,,,,,,,,,,,,,,,,,,,,,,,,,,,,,,,,,,,
1577,GradientBoostingClassifier_BASE_LINE_VALUES,,,,,,,,,,,,,,,1.0,,,,,,,,,,,,,,1.0,,,,,,,,,,,
1832,GradientBoostingClassifier_BASE_LINE_VALUES,,,,,,,,,,,,,,,,,,,,,,,,,,,,,,,,,,,,,,,,
4163,GradientBoostingClassifier_BASE_LINE_VALUES,,,,,,,,,,,,,,,,,,,,,,,,,,,,,,,,,,,,,,,,
490,GradientBoostingClassifier_BASE_LINE_VALUES,,,,,,,,,,,,,,,,,,,,,,,,,,,,,,,,,,,,,,,,
45,GradientBoostingClassifier_BASE_LINE_VALUES,,,,,,,,,,,,,,,,,,,,,,,,,,,,,,,,,,,,,,,,
620,GradientBoostingClassifier_BASE_LINE_VALUES,,,,,,,,,,,,,,,,,,,,,,,,,,,,,,,,,,,1.0,,,,,2015.0
4184,GradientBoostingClassifier_BASE_LINE_VALUES,,,,,,,,,,,,,,,,,,,,,,,,,,,,,,,,,,,,,0.0419786596780232,,,2016.0
4085,GradientBoostingClassifier_BASE_LINE_VALUES,,,,,,,,,,,,,,,,,,,,,,,,,,,,,,,,,,,,,,0.0818513665293897,,2015.0
529,GradientBoostingClassifier_BASE_LINE_VALUES,,,,,,,,,,,,,,,,,,,,,,,,,,,,,,,,,,,,,,,,
592,GradientBoostingClassifier_BASE_LINE_VALUES,,,,,,,,,,,,,,,,,,,,,,,,,,,,,,,,,,,,,,,,
1146,GradientBoostingClassifier_BASE_LINE_VALUES,,,,,,,,,,,,,,,,,,,,,,,,,,,,,,,,,,,,,,,,
1811,GradientBoostingClassifier_BASE_LINE_VALUES,,,,,,,,,,,,,,,,,,,,,,,,,,,,,1.0,,,,,,1.0,,,,,2014.0
2373,GradientBoostingClassifier_BASE_LINE_VALUES,,,,,,,,,,,,,,,,,,,,,,,,,,,,,,,,,,,,,,,,
3074,GradientBoostingClassifier_BASE_LINE_VALUES,,,,,,,,,,,,,,,,,,,,,,,,,,,,,,,,,,,,,0.0419786596780232,,,
740,GradientBoostingClassifier_BASE_LINE_VALUES,,,,,,,,,,,,,,,,,,,,,,,,,,,,,,,,,,,,,0.0419786596780232,,,
2619,GradientBoostingClassifier_BASE_LINE_VALUES,,,,,,,,,,,,,,,,,,,,,,,,,,,,,,,,,,,,,,,,
217,GradientBoostingClassifier_BASE_LINE_VALUES,,,,,,,,,,,,,,,,,,,,,,,,,,,,,1.0,,,,,,,,0.2119992512167727,,,2015.0
387,GradientBoostingClassifier_BASE_LINE_VALUES,,,,,,,,,,,,,,,,,,,,,,,,,,,,,,,,,,,,,,,,
4108,GradientBoostingClassifier_BASE_LINE_VALUES,,,,,,,,,,,,,,,,,,,,,,,,,,,,,,,,,,,,,,,,2015.0
2728,GradientBoostingClassifier_BASE_LINE_VALUES,,,,,,,,,,,,,,,,,,,,,,,,,,,,,,,,,,,,,,,,
2872,GradientBoostingClassifier_BASE_LINE_VALUES,,,,,,,,,,,,,,,,,,,,,,,,,,,,,,,,,,,,,0.2119992512167727,,,
514,GradientBoostingClassifier_BASE_LINE_VALUES,,,,,,,,,,,,,,,,,,,,,,,,,,,,,,,,,,,,,,,,
1011,GradientBoostingClassifier_BASE_LINE_VALUES,,,,,,,,,,,,,,,,,,,,,,,,,,,,,,,,,,,,,,,,
281,GradientBoostingClassifier_BASE_LINE_VALUES,,,,,,,,,,,,,,,,,,,,,,,,,,,,,1.0,,,,,,,,,,,2014.0
4196,GradientBoostingClassifier_BASE_LINE_VALUES,,,,,,,,,,,,,,,,,,,,,,,,,,,,,,,,,,,,,,,,
502,GradientBoostingClassifier_BASE_LINE_VALUES,,,,,,,,,,,,,,,,,,,,,,,,,,,,,,,,,,,,,,0.0818513665293897,,2015.0
6,GradientBoostingClassifier_BASE_LINE_VALUES,,,,,,,,,,,,,,,,,,,,,,,,,,,,,,,,,,,,,0.0419786596780232,,,
1553,GradientBoostingClassifier_BASE_LINE_VALUES,,,,,,,0.0,,,,,,,,,,,,,,,,,,,,,,,,,,,1.0,1.0,,0.0419786596780232,0.0818513665293897,,2014.0
3779,GradientBoostingClassifier_BASE_LINE_VALUES,,,,,,,1.0,,,,,,,,0.0,,,,,,,,,,,,,,,,,,,,,,0.0472201422688131,,,
23,GradientBoostingClassifier_BASE_LINE_VALUES,,,,,,,1.0,,,,,,,,0.0,,,,,,,,,,,,,,,,,,,,,,0.0472201422688131,0.0211063272182703,,
3384,GradientBoostingClassifier_BASE_LINE_VALUES,,,,,,,,,,1.0,,,,,0.0,,,,,,,,,,,,,,,,,,,,0.0,1.0,0.0472201422688131,0.0211063272182703,3.0,
1329,GradientBoostingClassifier_BASE_LINE_VALUES,,,,,,,1.0,,,,,,,1.0,0.0,,,,,,,,,,,,,,,,1.0,,,,,,0.0472201422688131,0.0211063272182703,2.0,
696,GradientBoostingClassifier_BASE_LINE_VALUES,,,,,,0.0,1.0,,,,,,,1.0,0.0,,,,,,,,,,,,,,,,1.0,,,,,,0.0472201422688131,0.0211063272182703,2.0,
4055,GradientBoostingClassifier_BASE_LINE_VALUES,,,,,,,1.0,,,1.0,,,,,0.0,,,,,,,,,,,,,,,,,,,,,,0.0472201422688131,0.0861100711344066,,
622,GradientBoostingClassifier_BASE_LINE_VALUES,,,,,,,,,,,,,,,0.0,,,,,,,,,,,,,,,,,,,,,,0.0472201422688131,0.0211063272182703,,2006.0
1009,GradientBoostingClassifier_BASE_LINE_VALUES,0.0,,,,,0.0,1.0,0.0,4.0,,,,,1.0,0.0,,,,,,,,,,,,,,,,,,,,,,0.0472201422688131,0.0211063272182703,4.0,2006.0
1044,XGBClassifier_BASE_LINE_VALUES,,,,,,,,,,,,,,,,,,,,,,,,,,,,,1.0,,,,,,1.0,,0.0419786596780232,0.0005147884687383,,2014.0
1329,XGBClassifier_BASE_LINE_VALUES,,,,,1.0,,,0.0,,1.0,,,,1.0,0.0,,,,,,,,,1.0,,1.0,,,,,1.0,,,,,,0.0472201422688131,0.0080962186447023,2.0,2010.0
574,XGBClassifier_BASE_LINE_VALUES,,,,,,,,,,,,,,,,,,,,,,,,,,,,,,,,,,,,,,,,
3352,XGBClassifier_BASE_LINE_VALUES,,,,,1.0,,1.0,0.0,,,,,,1.0,0.0,1.0,,,,1.0,,0.0,1.0,,1.0,1.0,,,,,1.0,,,,,,0.0472201422688131,0.0211063272182703,2.0,2006.0
2837,XGBClassifier_BASE_LINE_VALUES,,,,,1.0,,1.0,0.0,,,,,,1.0,0.0,1.0,,,,,,,1.0,1.0,1.0,1.0,,,,,1.0,,,,,,0.0472201422688131,0.0211063272182703,2.0,2006.0
2276,XGBClassifier_BASE_LINE_VALUES,,,,,,,,,,,,,,,1.0,,,,,,,,,,,,,,1.0,,,,,,,,,,,
125,XGBClassifier_BASE_LINE_VALUES,,1.0,,,,,,,,,,,,1.0,,1.0,,,,,,,,1.0,1.0,,,,,,,,,1.0,,0.0,0.2119992512167727,0.037298764507675,0.0,2007.0
2802,XGBClassifier_BASE_LINE_VALUES,,,,,,,,,,,,,,,,,,,,,,,,,,,,,,,,,,,,,,0.0021527517783601,,
45,XGBClassifier_BASE_LINE_VALUES,,,,,,,,,,,,,,,,,,,,,,,,,,,,,1.0,,,,,,,,,,,
2707,XGBClassifier_BASE_LINE_VALUES,,,,,1.0,,,0.0,4.0,1.0,,,,,0.0,,,,,,1.0,,1.0,,,1.0,1.0,,,,1.0,,,,,,0.0472201422688131,0.0021527517783601,4.0,2008.0
803,XGBClassifier_BASE_LINE_VALUES,,,,,,,,,,,,,,,,,,,,,,,,,,,,,,,,,,,,,0.2119992512167727,,,
343,XGBClassifier_BASE_LINE_VALUES,,1.0,,,,,,,,,,,,,,,,,,,,,,,,,,,1.0,,,,,,,,,0.0005147884687383,,
622,XGBClassifier_BASE_LINE_VALUES,,,,,,,1.0,0.0,2.0,,,,,,0.0,,,,,1.0,,,1.0,,,,,,,,,,0.0,,,,0.0472201422688131,0.0109041557469112,,2011.0
2804,XGBClassifier_BASE_LINE_VALUES,,,,,,,,,,,,,,,,,,,,,,,,,,,,,,,,,,,,,0.0419786596780232,,,2007.0
2782,XGBClassifier_BASE_LINE_VALUES,1.0,,,,1.0,,,,3.0,1.0,,0.0,,1.0,,0.0,,,,,1.0,,,,,,,,1.0,,1.0,,0.0,,,1.0,0.0472201422688131,0.0211063272182703,4.0,2015.0
2043,XGBClassifier_BASE_LINE_VALUES,,,,,1.0,0.0,,,,1.0,,,,,0.0,,,,,,,,1.0,,,1.0,,,1.0,,1.0,,,,,,0.0472201422688131,,2.0,2008.0
1335,XGBClassifier_BASE_LINE_VALUES,,,,,,,,,,,,,,,1.0,,,,,,,,,,,,,,,,,,,,,,,,,
2543,XGBClassifier_BASE_LINE_VALUES,1.0,,,,1.0,0.0,0.0,0.0,2.0,1.0,,0.0,,1.0,0.0,1.0,,,,1.0,0.0,,,1.0,1.0,1.0,,,1.0,,1.0,,0.0,,,0.0,0.0472201422688131,0.0211063272182703,2.0,2006.0
1219,XGBClassifier_BASE_LINE_VALUES,1.0,1.0,,,1.0,0.0,,0.0,,1.0,,0.0,,,0.0,,,,,,,,,,,1.0,1.0,,,,1.0,,0.0,,1.0,,0.0472201422688131,0.0080962186447023,2.0,
705,XGBClassifier_BASE_LINE_VALUES,,,,,,,,,,,,,,,,,,,,,,,,,,,,,,,,,,,,,,,,
3776,XGBClassifier_BASE_LINE_VALUES,,,,,,,,,,,,,,,,,,,,,,,,,,,,,,,,,,,,,,,,
2447,XGBClassifier_BASE_LINE_VALUES,,,,,,,,,,,,,,,,,,,,,,,,,,,,,,,,,,,,,,,,
2984,XGBClassifier_BASE_LINE_VALUES,,,,,,,,,,,,,,,,,,,,,,,1.0,,,,,,1.0,,,,,,,,0.2119992512167727,,,
2176,XGBClassifier_BASE_LINE_VALUES,,,,,,,,,,,,,,,,,,,,,,,,,,,,,,,,,,,,,,0.0005147884687383,,
2091,XGBClassifier_BASE_LINE_VALUES,,,,,,,,,,,,,,1.0,,,,,,,,,,1.0,1.0,,,,,,,,,1.0,1.0,0.0,0.0861100711344066,0.0818513665293897,0.0,2010.0
2928,XGBClassifier_BASE_LINE_VALUES,,,,,,,,,,,,,,,,,,,,,,,,,,,,,,,,,,,,,,,,
3431,XGBClassifier_BASE_LINE_VALUES,,,,,1.0,,1.0,0.0,,,,,,1.0,0.0,,,,,,,,1.0,1.0,,1.0,,,,,1.0,,,,,,0.0472201422688131,0.0211063272182703,2.0,2006.0
74,XGBClassifier_BASE_LINE_VALUES,,,,,,,,,,,,,,,1.0,,,,,,,,,,,,,,,,,,,,,,,,,
2558,XGBClassifier_BASE_LINE_VALUES,,,,,,,,,,,,,,,,,,,,,,,,,,,,,,,,,,,,,,,,
3697,XGBClassifier_BASE_LINE_VALUES,,,,,,0.0,,,1.0,,,,,,,,,,,,,,,,,1.0,,,1.0,,,,,1.0,,,0.2119992512167727,0.0211063272182703,,2011.0
1770,XGBClassifier_BASE_LINE_VALUES,,,,,,,,,,,,,,,,,,,,,,,,,,,,,,,,,,,,,,0.0010295769374766,,
2937,XGBClassifier_BASE_LINE_VALUES,0.0,,,,1.0,0.0,1.0,0.0,,,,,,1.0,0.0,,,,,,,,1.0,,,,,,,,1.0,,,,,,0.0472201422688131,0.037298764507675,4.0,2010.0
1098,XGBClassifier_BASE_LINE_VALUES,,,,,,,,,,,,,,,,,,,,,,,,,,,,,,,,,,,,,0.0861100711344066,,,
1230,XGBClassifier_BASE_LINE_VALUES,,,,,,,,,,,,,,,,,,,,,,,,,,,,,,,,,,,,,0.0419786596780232,,,
2429,XGBClassifier_BASE_LINE_VALUES,,,,,,,,,,,,,,,,,,,,,,,,,,,,,,,,,,,,,,0.0211063272182703,,
4254,XGBClassifier_BASE_LINE_VALUES,,,,,,,,,,,,,,,,,,,,,,,,,,,,,,,,,,,,,,,,
3581,XGBClassifier_BASE_LINE_VALUES,0.0,,,,1.0,0.0,1.0,,,1.0,,,,1.0,0.0,,,,,,,,1.0,,1.0,,,,,,1.0,,0.0,1.0,,,0.0472201422688131,0.0211063272182703,,2010.0
961,XGBClassifier_BASE_LINE_VALUES,,,,,1.0,,,,,1.0,,0.0,,1.0,,1.0,,,,,1.0,1.0,1.0,,,1.0,,,,,1.0,,,0.0,,,0.0472201422688131,0.0211063272182703,5.0,2011.0
527,XGBClassifier_BASE_LINE_VALUES,,,,,,,,,,,,,,,,,,,,,,,,,,,,,,,,,,,,,,,,
1066,XGBClassifier_BASE_LINE_VALUES,,1.0,,,,,,,,,,,,,,,,,,,,,,,,,,,1.0,,,,,,,,,,,
2188,XGBClassifier_BASE_LINE_VALUES,,1.0,,,,,,,1.0,,,,,1.0,1.0,,,,,,,,,,,,,,1.0,,,,,1.0,,,,0.0005147884687383,,
3243,XGBClassifier_BASE_LINE_VALUES,,,,,,,,,,,,,,,,,,,,,,,,,,,,,,,,,,,,,0.0861100711344066,,,
117,XGBClassifier_BASE_LINE_VALUES,,,,,,,,,,,,,,,,,,,,,,,,,,,,,,,,,,,,,,,,
3022,XGBClassifier_BASE_LINE_VALUES,,,,,,,,0.0,,1.0,,,,,0.0,1.0,,,,1.0,,,,,,,,,,,1.0,,,,,,0.0472201422688131,,5.0,2010.0
514,XGBClassifier_BASE_LINE_VALUES,,,,,,,,,,,,,,,,,,,,,,,,,,,,,,,,,,,,,,,,
1767,XGBClassifier_BASE_LINE_VALUES,,1.0,,,1.0,0.0,1.0,0.0,,,,,,,0.0,,,,,,0.0,,1.0,,1.0,1.0,1.0,,1.0,,1.0,,,,,,0.0472201422688131,0.0080962186447023,2.0,2006.0
1753,XGBClassifier_BASE_LINE_VALUES,,,,,,,,,,,,,,,1.0,,,,,,,,,,,,,,1.0,,,,,,,,,,,
1873,XGBClassifier_BASE_LINE_VALUES,,,,,,,,,,,,,,,,,,,,,,,,,,,,,,,,,,,,,,,,
696,XGBClassifier_BASE_LINE_VALUES,,,,,1.0,,,0.0,,1.0,,,,1.0,0.0,,,,,,,,,1.0,,1.0,,,,,1.0,,,,,,0.0472201422688131,0.0080962186447023,2.0,2010.0
809,XGBClassifier_BASE_LINE_VALUES,,,,,,,,,2.0,,,,,,,,,,,,,,1.0,1.0,,,,,,,,,,1.0,,0.0,0.0419786596780232,0.0818513665293897,,2011.0
280,XGBClassifier_BASE_LINE_VALUES,,,,,,,,,,,,,,,1.0,,,,,,,,,,,,,,,,,,,,,,,0.0005147884687383,,
502,XGBClassifier_BASE_LINE_VALUES,,,,,,,,,,,,,,,,,,,,,,,,,,,,,,,,,,,,,0.0419786596780232,0.0211063272182703,,
1675,XGBClassifier_BASE_LINE_VALUES,,,,,,,,,,,,,,,1.0,,,,,,,,,,,,,,,,,,,,,,,,,2006.0
699,XGBClassifier_BASE_LINE_VALUES,,,,,,,,,,,,,,,,,,,,,,,,,,,,,,,,,,,,,,,,
2931,XGBClassifier_BASE_LINE_VALUES,,1.0,,,,,0.0,,1.0,,,,,,,,,,,,,,,,,,,,1.0,,,,,,1.0,,0.0419786596780232,0.0005147884687383,,2014.0
1578,XGBClassifier_BASE_LINE_VALUES,,,,,,,,,,,,,,,,,,,,,,,,,,,,,,,,,,,,,0.2119992512167727,,,
282,XGBClassifier_BASE_LINE_VALUES,,,,,,,,,,,,,,,,,,,,,0.0,,,,,,,,,,,,,,,,0.0419786596780232,0.0211063272182703,,2004.0
202,XGBClassifier_BASE_LINE_VALUES,,,,,,,1.0,,,1.0,,,,,,,,,,,,,,0.0,,1.0,,,,,,,,,,,0.0472201422688131,,,2014.0
1068,XGBClassifier_BASE_LINE_VALUES,,,,,,,,,,,,,,,,,,,,,,,,,,,,,,,,,,1.0,,,,,0.0,
3496,XGBClassifier_BASE_LINE_VALUES,,,,,,,,,,,,,,,,,,,,,,,,,,,,,,,,,,,,,0.0419786596780232,,,2005.0
3250,XGBClassifier_BASE_LINE_VALUES,,,,,,,,,,,,,,,,,,,,,,,,,,,,,,,,,,,,,,,,
3601,XGBClassifier_BASE_LINE_VALUES,,,,,,,,,,,,,,,,,,,,,,,,,,,,,,,,,,,,,,,,
646,XGBClassifier_BASE_LINE_VALUES,,,,,,,,,,,,,,,,,,,,,,,,,,,,,,,,,,,,,0.0419786596780232,,,
4108,XGBClassifier_BASE_LINE_VALUES,,,,,,,,,,,,,,,,,,,,,,,,1.0,,,,,,,,,,,1.0,,0.2119992512167727,0.0010295769374766,,2004.0
3616,XGBClassifier_BASE_LINE_VALUES,,,,,,,,,,,,,,,,,,,,,,,,,,,,,,,,,,,,,0.0861100711344066,0.0211063272182703,,
892,XGBClassifier_BASE_LINE_VALUES,1.0,1.0,,,,,,,,,,,,,,1.0,,,,,,,,,1.0,1.0,,,1.0,,,,,1.0,,,,0.0021527517783601,,
1035,XGBClassifier_BASE_LINE_VALUES,,,,,,,,,,,,,,,,,,,,,,,,,,,,,,,,,,,,,0.0419786596780232,,,
4035,XGBClassifier_BASE_LINE_VALUES,1.0,1.0,,,1.0,0.0,1.0,0.0,2.0,1.0,,,,1.0,0.0,1.0,,,,1.0,0.0,1.0,,,1.0,1.0,1.0,,,,1.0,,,,1.0,0.0,0.0472201422688131,0.0211063272182703,2.0,2005.0
397,XGBClassifier_BASE_LINE_VALUES,,,,,,,,,,,,,,,,,,,,,,,,,,,,,,,,,,,,,,,,
234,XGBClassifier_BASE_LINE_VALUES,,,,,,,,,,,,,,,,,,,,,,,,,,,,,,,,,,,,,0.0419786596780232,,,
1850,XGBClassifier_BASE_LINE_VALUES,,,,,,,,,1.0,,,,,,,,,,,,,,,1.0,,1.0,,,1.0,,,,,,,,0.2119992512167727,0.0080962186447023,,
3047,XGBClassifier_BASE_LINE_VALUES,,,,,,,,,,,,,,,,,,,,,,,,,,,,,,,,,,,,,,,,
1430,XGBClassifier_BASE_LINE_VALUES,,,,,,,,,,,,,,,,,,,,,,,,,,,,,,,,,,,,,0.0472201422688131,0.0211063272182703,,2016.0
1453,XGBClassifier_BASE_LINE_VALUES,,,,,,,,,,,,,,,1.0,,,,,,,,,,,,,,,,,,,1.0,,,,0.0005147884687383,,
3317,XGBClassifier_BASE_LINE_VALUES,,,,,,,,,,,,,,,,,,,,,,,,,,,,,,,,,,,,,0.0181579932609509,0.0021527517783601,,
167,RidgeClassifierCV_BASE_LINE_VALUES,,,,,,,,,,,,,,,,,,,,,,,,,,,,,,,,,,,,,,,,
3637,RidgeClassifierCV_BASE_LINE_VALUES,,,,,,,,,,1.0,,,,,,,,,,,,,,,,,,,,,,,,,,,,,,
246,RidgeClassifierCV_BASE_LINE_VALUES,,1.0,,,,,,,,1.0,,,,,,,,,,,,,,1.0,,,,,,,,,,1.0,1.0,,,,,
2705,RidgeClassifierCV_BASE_LINE_VALUES,,,,,,,,,,,,,,,,,,,,,,,,,,,,,,,,,,,,,,,,
1580,RidgeClassifierCV_BASE_LINE_VALUES,,,,,,,,,,1.0,,,,,,,,,,,,,,,,,,,,,,,,,,,,,,
3216,RidgeClassifierCV_BASE_LINE_VALUES,,,,,,,,,,1.0,,,,,,,,,,,,,,,,,,,,,,,,,,,,,,
2706,RidgeClassifierCV_BASE_LINE_VALUES,,,,,,,,,,,,,,,,,,,,,,,,,,,,,,,,,,,,,,,,
2610,RidgeClassifierCV_BASE_LINE_VALUES,,,,,,,,,,1.0,,,,,,,,,,,,,,,,,,,,,,,,,,,,,,
3816,RidgeClassifierCV_BASE_LINE_VALUES,,1.0,,,,,,,,1.0,,,,,,,,,,,,,,1.0,,,,,,,,,,1.0,1.0,,,,,
1434,RidgeClassifierCV_BASE_LINE_VALUES,,1.0,,,,,0.0,,,1.0,,,,,,,,,,,,,,,,,,,,,,,,,,,,,,
2636,RidgeClassifierCV_BASE_LINE_VALUES,,1.0,,,,,,,,1.0,,,,,,,,,,,,,,1.0,,,,,,,,,,,,,,,,
387,RidgeClassifierCV_BASE_LINE_VALUES,,,,,,,,,,1.0,,,,,,,,,,,,,,,,,,,,,,,,,,,,,,
86,RidgeClassifierCV_BASE_LINE_VALUES,,,,,,,,,,1.0,,,,,,,,,,,,,,,,,,,,,,,,,,,,,,
15,RidgeClassifierCV_BASE_LINE_VALUES,,,,,,,,,,1.0,,,,,,,,,,,,,,,,,,,,,,,,,,,,,,
2458,RidgeClassifierCV_BASE_LINE_VALUES,,1.0,,,,,0.0,,,1.0,,,,,,,,,,,,,,1.0,,,,,,,,,,1.0,1.0,,,,,
3047,RidgeClassifierCV_BASE_LINE_VALUES,,,,,,,,,,,,,,,,,,,,,,,,,,,,,,,,,,,,,,,,
809,RidgeClassifierCV_BASE_LINE_VALUES,,,,,,,,,,1.0,,,,,,,,,,,,,,,,,,,,,,,,,,,,,,
1433,RidgeClassifierCV_BASE_LINE_VALUES,,1.0,,,,,,,2.0,1.0,,1.0,,,,,,,,,,,,1.0,,,,,,,,,1.0,1.0,1.0,0.0,,,,2015.0
216,RidgeClassifierCV_BASE_LINE_VALUES,,,,,,,,,,,,,,,,,,,,,,,,,,,,,,,,,,,,,,,,
3271,RidgeClassifierCV_BASE_LINE_VALUES,,1.0,,,,,0.0,,2.0,1.0,,,1.0,,,,,,,,,,,1.0,,,,,1.0,,,,1.0,1.0,,,,,,2014.0
3500,RidgeClassifierCV_BASE_LINE_VALUES,,1.0,,,,,,,1.0,1.0,,,,,,,,,,,,,,1.0,,,,,,,,,,1.0,1.0,,,,,
1858,RidgeClassifierCV_BASE_LINE_VALUES,,,,,,,,,,,,,,,,,,,,,,,,,,,,,,,,,,,,,,,,
117,RidgeClassifierCV_BASE_LINE_VALUES,,,,,,,,,,,,,,,,,,,,,,,,,,,,,,,,,,,,,,,,
3810,RidgeClassifierCV_BASE_LINE_VALUES,,,,,,,,,,1.0,,,,,,,,,,,,,,,,,,,,,,,,,,,,,,
3253,RidgeClassifierCV_BASE_LINE_VALUES,,,,,1.0,0.0,1.0,,,,,,,,,1.0,,,,1.0,,,,,,,,,,,1.0,,,,0.0,,0.0472201422688131,,3.0,
1190,RidgeClassifierCV_BASE_LINE_VALUES,,,,,,,,,,1.0,,,,,,,,,,,,,,,,,,,,,,,,,,,,,,
3317,RidgeClassifierCV_BASE_LINE_VALUES,,,,,,,,,,1.0,,,,,,,,,,,,,,,,,,,,,,,,,,,,,,
3601,RidgeClassifierCV_BASE_LINE_VALUES,,,,,,,,,,,,,,,,,,,,,,,,,,,,,,,,,,,,,,,,
4120,RidgeClassifierCV_BASE_LINE_VALUES,,,,,,,,,,,,,,,,,,,,,,,,,,,,,,,,,,,,,,,,
4085,RidgeClassifierCV_BASE_LINE_VALUES,,1.0,,,,,,,,1.0,,,,,,,,,,,,,,1.0,,,,,,,,,,1.0,1.0,,,0.0818513665293897,,
1358,RidgeClassifierCV_BASE_LINE_VALUES,,,,,,,,,,,,,,,,,,,,,,,,,,,,,,,,,,,,,,,,
3677,RidgeClassifierCV_BASE_LINE_VALUES,,,,,,,,,,1.0,,,,,,,,,,,,,,,,,,,,,,,,,,,,,,
1079,RidgeClassifierCV_BASE_LINE_VALUES,,,,,,,,,,1.0,,,,,,,,,,,,,,,,,,,,,,,,,,,,,,
2732,RidgeClassifierCV_BASE_LINE_VALUES,,,,,,,,,,1.0,,,,,,,,,,,,,,,,,,,,,,,,,,,,,,
1400,RidgeClassifierCV_BASE_LINE_VALUES,1.0,,,,1.0,0.0,1.0,0.0,4.0,,,,0.0,1.0,0.0,1.0,,,,1.0,,1.0,1.0,,,1.0,,,,,1.0,,0.0,,,,0.0472201422688131,,1.0,2006.0
448,RidgeClassifierCV_BASE_LINE_VALUES,,,,,,,,,,,,,,,,,,,,,,,,,,,,,,,,,,,,,,,,
371,RidgeClassifierCV_BASE_LINE_VALUES,,1.0,,,,,0.0,,1.0,1.0,,,,,,,,,,,,,,1.0,,,,,,,,,,1.0,1.0,,,,,
4086,RidgeClassifierCV_BASE_LINE_VALUES,,,,,,,,,,1.0,,,,,,,,,,,,,,,,,,,,,,,,,,,,,,
3692,RidgeClassifierCV_BASE_LINE_VALUES,,,,,,,,,,,,,,,,,,,,,,,,,,,,,,,,,,,,,,,,
3689,RidgeClassifierCV_BASE_LINE_VALUES,,1.0,,,,,,,,1.0,,,,,,,,,,,,,,,,,,,,,,,,,,,,,,
3820,RidgeClassifierCV_BASE_LINE_VALUES,,,,,1.0,0.0,1.0,0.0,4.0,,,,0.0,1.0,0.0,1.0,,,,1.0,,,1.0,,1.0,1.0,,,,,1.0,,0.0,,0.0,1.0,0.0472201422688131,,3.0,
613,RidgeClassifierCV_BASE_LINE_VALUES,,,,,,,,,,,,,,,,,,,,,,,,,,,,,,,,,,,,,,,,
4142,RidgeClassifierCV_BASE_LINE_VALUES,,,,,,,,,,1.0,,,,,,,,,,,,,,,,,,,,,,,,,,,,,,
284,RidgeClassifierCV_BASE_LINE_VALUES,,,,,,,,,,1.0,,,,,,,,,,,,,,,,,,,,,,,,,,,,,,
2607,RidgeClassifierCV_BASE_LINE_VALUES,,,,,,,,,,,,,,,,,,,,,,,,,,,,,,,,,,,,,,,,
3123,RidgeClassifierCV_BASE_LINE_VALUES,,1.0,,,,,,,2.0,1.0,,,1.0,,,,,,,,0.0,,,1.0,,,,,1.0,,,,1.0,1.0,1.0,0.0,,,,2010.0
4112,RidgeClassifierCV_BASE_LINE_VALUES,,,,,,,,,,1.0,,,,,,,,,,,,,,,,,,,,,,,,,,,,,,
2245,RidgeClassifierCV_BASE_LINE_VALUES,,1.0,,,,,,,2.0,1.0,,,1.0,,,,,,,,0.0,,,1.0,,,,,1.0,,,,1.0,1.0,1.0,0.0,,,,2010.0
596,RidgeClassifierCV_BASE_LINE_VALUES,,,,,,,,,,,,,,,,,,,,,,,,,,,,,,,,,,,,,,,,
2474,RidgeClassifierCV_BASE_LINE_VALUES,,1.0,,,,,,,,1.0,,,,,,,,,,,,,,1.0,,,,,,,,,,,,,,,0.0,
3984,RidgeClassifierCV_BASE_LINE_VALUES,,,,,,,,,,1.0,,,,,,,,,,,,,,,,,,,,,,,,,,,,,,
2179,RidgeClassifierCV_BASE_LINE_VALUES,,,,,,,,,,,,,,,,,,,,,,,,,,,,,,,,,,,,,,,,
1588,RidgeClassifierCV_BASE_LINE_VALUES,,,,,,,,,,,,,,,,,,,,,,,,,,,,,,,,,,,,,,,,
857,RidgeClassifierCV_BASE_LINE_VALUES,,,,,,,,,,1.0,,,,,,,,,,,,,,,,,,,,,,,,,,,,,,
2788,RidgeClassifierCV_BASE_LINE_VALUES,,,,,,,,,,1.0,,,,,,,,,,,,,,,,,,,,,,,,,,,,,,
697,RidgeClassifierCV_BASE_LINE_VALUES,,,,,,,,,,,,,,,,,,,,,,,,,,,,,,,,,,,,,,,,
4240,RidgeClassifierCV_BASE_LINE_VALUES,,,,,,,,,,1.0,,,,,,,,,,,,,,,,,,,,,,,,,,,,,,
314,RidgeClassifierCV_BASE_LINE_VALUES,,,,,,,,,,,,,,,,,,,,,,,,,,,,,,,,,,,,,,,,
3049,RidgeClassifierCV_BASE_LINE_VALUES,,1.0,,,,,0.0,,,1.0,,,,,,,,,,,,,,1.0,,,,,,,,,1.0,1.0,1.0,,,,,
228,RidgeClassifierCV_BASE_LINE_VALUES,,1.0,,,,,,,,1.0,,,,,,,,,,,,,,,,,,,,,,,,,,,,,,
675,RidgeClassifierCV_BASE_LINE_VALUES,,,,,,,,,,,,,,,,,,,,,,,,,,,,,,,,,,,,,,,,
3250,RidgeClassifierCV_BASE_LINE_VALUES,,,,,,,,,,,,,,,,,,,,,,,,,,,,,,,,,,,,,,,,
2204,RidgeClassifierCV_BASE_LINE_VALUES,,,,,,,,,,1.0,,,,,,,,,,,,,,,,,,,,,,,,,,,,,,
2792,RidgeClassifierCV_BASE_LINE_VALUES,,,,,1.0,0.0,1.0,0.0,4.0,,,,0.0,1.0,0.0,1.0,,,,1.0,,1.0,1.0,,1.0,1.0,,,,,1.0,,0.0,,,,0.0472201422688131,0.0211063272182703,2.0,
527,RidgeClassifierCV_BASE_LINE_VALUES,,,,,,,,,,,,,,,,,,,,,,,,,,,,,,,,,,,,,,,,
1323,RidgeClassifierCV_BASE_LINE_VALUES,,,,,,,,,,1.0,,,,,,,,,,,,,,,,,,,,,,,,,,,,,,
705,RidgeClassifierCV_BASE_LINE_VALUES,,,,,,,,,,,,,,,,,,,,,,,,,,,,,,,,,,,,,,,,
1548,RidgeClassifierCV_BASE_LINE_VALUES,,1.0,,,,,0.0,,,1.0,,,,,,,,,,,,,,1.0,,,,,,,,,,,,,,,,
1007,RidgeClassifierCV_BASE_LINE_VALUES,,1.0,,,,,,,,1.0,,,,,,,,,,,,,,,,,,,,,,,,,,,,,,
3586,RidgeClassifierCV_BASE_LINE_VALUES,,,,,,,,,,1.0,,,,,,,,,,,,,,,,,,,,,,,,,,,,,,
3740,RidgeClassifierCV_BASE_LINE_VALUES,,,,,,,,,,,,,,,,,,,,,,,,,,,,,,,,,,,,,,,,
4235,RidgeClassifierCV_BASE_LINE_VALUES,,1.0,,,,,0.0,,,1.0,,,,,,,,,,,,,,1.0,,,,,,,,,,1.0,1.0,,,,,
2230,RidgeClassifierCV_BASE_LINE_VALUES,,1.0,,,,,,,1.0,1.0,,1.0,,,,,,,,,,0.0,,1.0,,,,,1.0,,,,,1.0,,,0.2119992512167727,,0.0,2010.0
3298,RidgeClassifierCV_BASE_LINE_VALUES,,1.0,,,,,,,,1.0,,,,,,,,,,,,,,,,,,,,,,,,,,,,,,
1026,RidgeClassifierCV_BASE_LINE_VALUES,,1.0,,,,1.0,0.0,,,1.0,,,,,,,,,,,,,,1.0,,,,,,,,,,1.0,,,,,,
889,RidgeClassifierCV_BASE_LINE_VALUES,,,,,,,,,,1.0,,,,,,,,,,,,,,,,,,,,,,,,,,,,,,
3456,RidgeClassifierCV_BASE_LINE_VALUES,,,,,,,,,,1.0,,,,,,,,,,,,,,,,,,,,,,,,,,,,,,
3581,LinearDiscriminantAnalysis_BASE_LINE_VALUES,,,,,1.0,0.0,1.0,0.0,4.0,,,,,1.0,0.0,1.0,,,,1.0,,,,,,,,,,,1.0,,0.0,,,,0.0472201422688131,0.0211063272182703,3.0,
332,LinearDiscriminantAnalysis_BASE_LINE_VALUES,,1.0,,,,,,,,1.0,,,,,,,,,,,,,,1.0,,,,,,,,,,,,,,,,
2788,LinearDiscriminantAnalysis_BASE_LINE_VALUES,,,,,,,,,,1.0,,,,,,,,,,,,,,,,,,,,,,,,,,,,,,
3275,LinearDiscriminantAnalysis_BASE_LINE_VALUES,,,,,,,,,,1.0,,,,,,,,,,,,,,,,,,,,,,,,,,,,,,
3563,LinearDiscriminantAnalysis_BASE_LINE_VALUES,,,,,,,,,,1.0,,,,,,,,,,,,,,,,,,,,,,,,,,,0.2119992512167727,,,
1415,LinearDiscriminantAnalysis_BASE_LINE_VALUES,,,,,,,,,,1.0,,,,,,,,,,,,,,,,,,,,,,,,,,,,,,
642,LinearDiscriminantAnalysis_BASE_LINE_VALUES,,,,,,,,,,1.0,,,,,,,,,,,,,,,,,,,,,,,,,,,,,,
1626,LinearDiscriminantAnalysis_BASE_LINE_VALUES,,,,,,,,,,1.0,,,,,,,,,,,,,,,,,,,,,,,,,,,,,,
1837,LinearDiscriminantAnalysis_BASE_LINE_VALUES,,,,,,,,,,,,,,,,,,,,,,,,,,,,,,,,,,,,,,,,
4120,LinearDiscriminantAnalysis_BASE_LINE_VALUES,,,,,,,,,,1.0,,,,,,,,,,,,,,,,,,,,,,,,,,,0.2119992512167727,,,
3583,LinearDiscriminantAnalysis_BASE_LINE_VALUES,,,,,,,,,,,,,,,,,,,,,,,,,,,,,,,,,,,,,,,,
405,LinearDiscriminantAnalysis_BASE_LINE_VALUES,,,,,,,,,,,,,,,,,,,,,,,,,,,,,,,,,,,,,,,,
653,LinearDiscriminantAnalysis_BASE_LINE_VALUES,,,,,,,,,,,,,,,,,,,,,,,,,,,,,,,,,,,,,,,,
3272,LinearDiscriminantAnalysis_BASE_LINE_VALUES,,,,,,,,,,,,,,,,,,,,,,,,,,,,,,,,,,,,,,,,
1557,LinearDiscriminantAnalysis_BASE_LINE_VALUES,,,,,,,,,,,,,,,,,,,,,,,,,,,,,,,,,,,,,,,,
4086,LinearDiscriminantAnalysis_BASE_LINE_VALUES,,,,,,,,,,1.0,,,,,,,,,,,,,,,,,,,,,,,,,,,,,,
1702,LinearDiscriminantAnalysis_BASE_LINE_VALUES,,1.0,,,,,,,,1.0,,,,,,,,,,,,,,1.0,,,,,,,,,,,,,,,,
934,LinearDiscriminantAnalysis_BASE_LINE_VALUES,,,,,,,,,,,,,,,,,,,,,,,,,,,,,,,,,,,,,,,,
117,LinearDiscriminantAnalysis_BASE_LINE_VALUES,,,,,,,,,,,,,,,,,,,,,,,,,,,,,,,,,,,,,,,,
15,LinearDiscriminantAnalysis_BASE_LINE_VALUES,,,,,,,,,,1.0,,,,,,,,,,,,,,,,,,,,,,,,,,,,,,
1335,LinearDiscriminantAnalysis_BASE_LINE_VALUES,,,,,,,,,,,,,,,,,,,,,,,,,,,,,,,,,,,,,,,,
970,LinearDiscriminantAnalysis_BASE_LINE_VALUES,,,,,,,,,,,,,,,,,,,,,,,,,,,,,,,,,,,,,,,,
1563,LinearDiscriminantAnalysis_BASE_LINE_VALUES,,,,,,,,,,1.0,,,,,,,,,,,,,,,,,,,,,,,,,,,,,,
3714,LinearDiscriminantAnalysis_BASE_LINE_VALUES,,1.0,,,,1.0,,,,1.0,,,,,,,,,,,,,,1.0,,,,,,,,,,1.0,,,,,,
3831,LinearDiscriminantAnalysis_BASE_LINE_VALUES,,,,,,,,,,1.0,,,,,,,,,,,,,,,,,,,,,,,,,,,,,,
1175,LinearDiscriminantAnalysis_BASE_LINE_VALUES,,1.0,,,,,,,,1.0,,,,,,,,,,,,,,,,,,,,,,,,,,,,,,
2802,LinearDiscriminantAnalysis_BASE_LINE_VALUES,,1.0,,,,,,,,1.0,,,,,,,,,,,,,,1.0,,,,,,,,,,,,,,,,
2732,LinearDiscriminantAnalysis_BASE_LINE_VALUES,,,,,,,,,,1.0,,,,,,,,,,,,,,,,,,,,,,,,,,,,,,
1684,LinearDiscriminantAnalysis_BASE_LINE_VALUES,,,,,,,,,,,,,,,,,,,,,,,,,,,,,,,,,,,,,,,,
291,LinearDiscriminantAnalysis_BASE_LINE_VALUES,,,,,,,,,,1.0,,,,,,,,,,,,,,,,,,,,,,,,,,,,,,
97,LinearDiscriminantAnalysis_BASE_LINE_VALUES,,,,,,,,,,,,,,,,,,,,,,,,,,,,,,,,,,,,,,,,
448,LinearDiscriminantAnalysis_BASE_LINE_VALUES,,,,,,,,,,,,,,,,,,,,,,,,,,,,,,,,,,,,,,,,
3500,LinearDiscriminantAnalysis_BASE_LINE_VALUES,,1.0,,,,,,,2.0,1.0,,,,,,,,,,,,,,1.0,,,,,1.0,,,,1.0,1.0,1.0,0.0,,,0.0,2011.0
2324,LinearDiscriminantAnalysis_BASE_LINE_VALUES,,,,,,,,,,1.0,,,,,,,,,,,,,,,,,,,,,,,,,,,,,,
2438,LinearDiscriminantAnalysis_BASE_LINE_VALUES,,,,,,,,,,,,,,,,,,,,,,,,,,,,,,,,,,,,,,,,
217,LinearDiscriminantAnalysis_BASE_LINE_VALUES,,1.0,,,,,,,,1.0,,,,,,,,,,,,,,1.0,,,,,,,,,,,,,0.2119992512167727,,,
4142,LinearDiscriminantAnalysis_BASE_LINE_VALUES,,,,,,,,,,1.0,,,,,,,,,,,,,,,,,,,,,,,,,,,,,,
1856,LinearDiscriminantAnalysis_BASE_LINE_VALUES,,,,,,,,,,3.0,,,,,,,,,,,,,,,,,,,,,,,,,,,,,,
1039,LinearDiscriminantAnalysis_BASE_LINE_VALUES,,0.0,,,,0.0,1.0,,,,,,,1.0,0.0,1.0,,,,1.0,,,,,,,,,,,1.0,,,,,,0.0283601647323099,0.0211063272182703,3.0,
3602,LinearDiscriminantAnalysis_BASE_LINE_VALUES,,1.0,,,,,,,,1.0,,,,,,,,,,,,,,1.0,,,,,,,,,,1.0,1.0,,,0.0818513665293897,,
2966,LinearDiscriminantAnalysis_BASE_LINE_VALUES,,1.0,,,,,,,,1.0,,,,,,,,,,,,,,,,,,,,,,,,,,,,,,
4085,LinearDiscriminantAnalysis_BASE_LINE_VALUES,0.0,1.0,,,,,,,,1.0,,,,,,,,,,,,,,1.0,,,,,1.0,,,,,1.0,1.0,0.0,,0.037298764507675,,2014.0
395,LinearDiscriminantAnalysis_BASE_LINE_VALUES,,,,,,,,,,1.0,,,,,,,,,,,,,,,,,,,,,,,,,,,,,,
4032,LinearDiscriminantAnalysis_BASE_LINE_VALUES,,,,,,,,,,,,,,,,,,,,,,,,,,,,,,,,,,,,,,,,
4112,LinearDiscriminantAnalysis_BASE_LINE_VALUES,,,,,,,,,,1.0,,,,,,,,,,,,,,,,,,,,,,,,,,,,,,
1152,LinearDiscriminantAnalysis_BASE_LINE_VALUES,,,,,1.0,,1.0,,,,,,,,,,,,,,,,,,,,,,,,,,,,,,0.0472201422688131,0.0021527517783601,5.0,
3692,LinearDiscriminantAnalysis_BASE_LINE_VALUES,,,,,,,,,,1.0,,,,,,,,,,,,,,,,,,,,,,,,,,,,,,
3520,LinearDiscriminantAnalysis_BASE_LINE_VALUES,,1.0,,,,,,,,1.0,,,,,,,,,,,,,,,,,,,,,,,,,,,,,,
3912,LinearDiscriminantAnalysis_BASE_LINE_VALUES,,,,,,,,,,1.0,,,,,,,,,,,,,,,,,,,,,,,,,,,,,,
3113,LinearDiscriminantAnalysis_BASE_LINE_VALUES,,,,,1.0,0.0,1.0,0.0,4.0,,,,,1.0,0.0,1.0,,,,1.0,,1.0,,,,,,,,,1.0,,0.0,,,,0.0472201422688131,0.0211063272182703,4.0,
675,LinearDiscriminantAnalysis_BASE_LINE_VALUES,,,,,,,,,,1.0,,,,,,,,,,,,,,,,,,,,,,,,,,,,,,
1998,LinearDiscriminantAnalysis_BASE_LINE_VALUES,,,,,,,,,,,,,,,,,,,,,,,,,,,,,,,,,,,,,,,,
2419,LinearDiscriminantAnalysis_BASE_LINE_VALUES,,,,,,,,,,1.0,,,,,,,,,,,,,,,,,,,,,,,,,,,,,,
2396,LinearDiscriminantAnalysis_BASE_LINE_VALUES,,,,,,,,,,1.0,,,,,,,,,,,,,,,,,,,,,,,,,,,,,,
168,LinearDiscriminantAnalysis_BASE_LINE_VALUES,,,,,,,,,,1.0,,,,,,,,,,,,,,,,,,,,,,,,,,,,,,
705,LinearDiscriminantAnalysis_BASE_LINE_VALUES,,,,,,,,,,,,,,,,,,,,,,,,,,,,,,,,,,,,,,,,
2684,LinearDiscriminantAnalysis_BASE_LINE_VALUES,,,,,,,,,,,,,,,,,,,,,,,,,,,,,,,,,,,,,,,,
2706,LinearDiscriminantAnalysis_BASE_LINE_VALUES,,,,,,,,,,,,,,,,,,,,,,,,,,,,,,,,,,,,,,,,
697,LinearDiscriminantAnalysis_BASE_LINE_VALUES,,,,,,,,,,,,,,,,,,,,,,,,,,,,,,,,,,,,,,,,
3586,LinearDiscriminantAnalysis_BASE_LINE_VALUES,,,,,,,,,,1.0,,,,,,,,,,,,,,,,,,,,,,,,,,,,,,
234,LinearDiscriminantAnalysis_BASE_LINE_VALUES,,,,,,,,,,1.0,,,,,,,,,,,,,,,,,,,,,,,,,,,,,,
3092,LinearDiscriminantAnalysis_BASE_LINE_VALUES,,,,,1.0,0.0,1.0,,,,,,,1.0,0.0,1.0,,,,1.0,,,,,,,,,,,,,,,0.0,,0.0472201422688131,,3.0,
261,LinearDiscriminantAnalysis_BASE_LINE_VALUES,,1.0,,,,,,,,1.0,,,,,,,,,,,,,,1.0,,,,,,,,,,,,,0.2119992512167727,,,
3425,LinearDiscriminantAnalysis_BASE_LINE_VALUES,,1.0,,,,,0.0,,1.0,1.0,,,,,,,,,,,,,,1.0,,,,,,,,,,,1.0,,,,,
1482,LinearDiscriminantAnalysis_BASE_LINE_VALUES,,,,,,,,,,1.0,,,,,,,,,,,,,,,,,,,,,,,,,,,,,,
3336,LinearDiscriminantAnalysis_BASE_LINE_VALUES,,1.0,,,,,,,,1.0,,,,,,,,,,,,,,,,,,,,,,,,,,,,,,
3321,LinearDiscriminantAnalysis_BASE_LINE_VALUES,,,,,,,,,,1.0,,,,,,,,,,,,,,,,,,,,,,,,,,,,,,
575,LinearDiscriminantAnalysis_BASE_LINE_VALUES,,,,,,,,,,1.0,,,,,,,,,,,,,,,,,,,,,,,,,,,,,,
896,LinearDiscriminantAnalysis_BASE_LINE_VALUES,,,,,,,,,,,,,,,,,,,,,,,,,,,,,,,,,,,,,,,,
1989,LinearDiscriminantAnalysis_BASE_LINE_VALUES,,,,,1.0,0.0,1.0,,,,,,,1.0,0.0,1.0,,,,1.0,,,,,,,,,,,1.0,,0.0,,,,0.0472201422688131,0.0211063272182703,2.0,
1086,LinearDiscriminantAnalysis_BASE_LINE_VALUES,,1.0,,,,1.0,0.0,,,,,,,0.0,1.0,,,,,0.0,,,,,,,,,,,,,,1.0,1.0,,0.0861100711344066,0.0818513665293897,,
4238,LinearDiscriminantAnalysis_BASE_LINE_VALUES,,1.0,,,,,,,,1.0,,,,,,,,,,,,,,1.0,,,,,,,,,,,,,,,,
4244,LinearDiscriminantAnalysis_BASE_LINE_VALUES,,,,,,,,,,1.0,,,,,,,,,,,,,,,,,,,,,,,,,,,,,,
2895,LinearDiscriminantAnalysis_BASE_LINE_VALUES,,,,,,,,,,,,,,,,,,,,,,,,,,,,,,,,,,,,,,,,
2820,LinearDiscriminantAnalysis_BASE_LINE_VALUES,,,,,,,,,,1.0,,,,,,,,,,,,,,,,,,,,,,,,,,,,,,
1116,LinearDiscriminantAnalysis_BASE_LINE_VALUES,,1.0,,,,,0.0,,,1.0,,,,,,,,,,,,,,1.0,,,,,,,,,,,,,,,,
1205,AdaBoostClassifier_BASE_LINE_VALUES,,,,,,0.0,1.0,,,,,,,,0.0,,,,,,,,,,,,,,,,1.0,,0.0,,,,0.0472201422688131,0.0109041557469112,1.0,2010.0
3736,AdaBoostClassifier_BASE_LINE_VALUES,,,,,,0.0,,,,,,,,,0.0,,,,,,,,,,,,,,,,1.0,,,,0.0,,0.0472201422688131,0.0211063272182703,1.0,
435,AdaBoostClassifier_BASE_LINE_VALUES,,,,,,,,,,1.0,,,,,,,,,,,,,,1.0,,,,,,,,,,,1.0,,,0.0818513665293897,,2016.0
2943,AdaBoostClassifier_BASE_LINE_VALUES,,1.0,,,,,,,2.0,1.0,,,,,,,,,,,,,,1.0,,,1.0,,,,,,1.0,1.0,1.0,,,,,2006.0
3422,AdaBoostClassifier_BASE_LINE_VALUES,,1.0,,,,,0.0,,1.0,1.0,,,,,,,,,,,,,,1.0,,,1.0,,,,,,,1.0,,,,0.0818513665293897,,2016.0
4240,AdaBoostClassifier_BASE_LINE_VALUES,,,,,,,,,,,,,,,,,,,,,,,,,,,,,,,,,,,,,,,,
3321,AdaBoostClassifier_BASE_LINE_VALUES,,1.0,,,,,0.0,,,1.0,,,,,,,,,,,,,,1.0,,,1.0,,,,,,,1.0,,,,0.0818513665293897,0.0,2016.0
2083,AdaBoostClassifier_BASE_LINE_VALUES,0.0,1.0,,,,,,,,1.0,,,,,,,,,,,,,,1.0,,,1.0,,,,,,1.0,1.0,1.0,,,0.0818513665293897,0.0,2016.0
3001,AdaBoostClassifier_BASE_LINE_VALUES,,,,,,0.0,1.0,,,,,,,,0.0,,,,,,,,,,,,,,,,1.0,,0.0,,,,0.0472201422688131,0.0109041557469112,1.0,2010.0
3543,AdaBoostClassifier_BASE_LINE_VALUES,,,,,,,,,,,,,,,,,,,,,,,,,,,,,,,,,,,,,,,,
1474,AdaBoostClassifier_BASE_LINE_VALUES,,,,,,,,,,1.0,,,,,1.0,,,,,,,,,,,,,,,,,,,,,,,,,2016.0
280,AdaBoostClassifier_BASE_LINE_VALUES,,,,,,,,,,1.0,,,,,,,,,,,,,,,,,,,,,,,,,,,,,,
316,AdaBoostClassifier_BASE_LINE_VALUES,,,,,,,0.0,,,1.0,,,,,,,,,,,,,,1.0,,,,,,,,,,1.0,1.0,,,,,2016.0
1531,AdaBoostClassifier_BASE_LINE_VALUES,,,,,,,,,,,,,,,,,,,,,,,,,,,,,,,,,,,,,,,,
3835,AdaBoostClassifier_BASE_LINE_VALUES,1.0,,,,,0.0,1.0,,4.0,,,,,,0.0,,,,,,,,,,,,,,,,1.0,,,0.0,,,0.0472201422688131,,1.0,2010.0
29,AdaBoostClassifier_BASE_LINE_VALUES,,,,,,,,,,,,,,,,,,,,,,,,,,,,,,,,,,,,,0.2119992512167727,,,2016.0
1122,AdaBoostClassifier_BASE_LINE_VALUES,,,,,,,,,,,,,,,,,,,,,,,,,,,,,,,,,,,,,,,,
1675,AdaBoostClassifier_BASE_LINE_VALUES,,,,,,,,,,1.0,,,,,,,,,,,,,,,,,,,,,,,,,,,,,,2016.0
117,AdaBoostClassifier_BASE_LINE_VALUES,,,,,,,,,,,,,,,,,,,,,,,,,,,,,,,,,,,,,,,,
663,AdaBoostClassifier_BASE_LINE_VALUES,,,,,,,,,,1.0,,,,,,,,,,,,,,,,,,,,,,,,,,,,,,2016.0
2422,AdaBoostClassifier_BASE_LINE_VALUES,,1.0,,,,,,,2.0,1.0,,,,,,,,,,,,,,1.0,,,1.0,,,,,,,1.0,1.0,,0.2119992512167727,,,2016.0
917,AdaBoostClassifier_BASE_LINE_VALUES,,1.0,,,,,0.0,,,1.0,,,,,,,,,,,,,,1.0,,,1.0,,,,,,,1.0,1.0,,,0.0818513665293897,,2016.0
3336,AdaBoostClassifier_BASE_LINE_VALUES,,,,,,,,,,1.0,,,,,,,,,,,,,,,,,,,,,,,,,,,,,,2016.0
244,AdaBoostClassifier_BASE_LINE_VALUES,,1.0,,,,,,,2.0,1.0,,,,,,,,,,,,,,1.0,,,1.0,,,,,,,1.0,1.0,,0.2119992512167727,,,2016.0
4112,AdaBoostClassifier_BASE_LINE_VALUES,,,,,,,0.0,,,1.0,,,,,,,,,,,,,,1.0,,,,,,,,,,,,,,,,2016.0
4032,AdaBoostClassifier_BASE_LINE_VALUES,,,,,,,,,,1.0,,,,,,,,,,,,,,,,,,,,,,,,,,,,,,
4045,AdaBoostClassifier_BASE_LINE_VALUES,,,,,,,,,,1.0,,,,,,,,,,,,,,,,,,,,,,,,,,,,,,2016.0
3951,AdaBoostClassifier_BASE_LINE_VALUES,,,,,,0.0,1.0,,,,,,,,0.0,,,,,,,,,0.0,,,,,,,1.0,,0.0,,,,0.0472201422688131,0.0211063272182703,3.0,
4235,AdaBoostClassifier_BASE_LINE_VALUES,,1.0,,,,,0.0,,,1.0,,,,,,,,,,,,,,1.0,,,1.0,,,,,,,1.0,1.0,,,,,2016.0
953,AdaBoostClassifier_BASE_LINE_VALUES,,1.0,,,,,,,2.0,1.0,,,,,1.0,,,,,,,,,,,,1.0,,,,,,,1.0,1.0,,,0.0818513665293897,,2016.0
3601,AdaBoostClassifier_BASE_LINE_VALUES,,,,,,,,,,,,,,,,,,,,,,,,,,,,,,,,,,,,,,,,
3285,AdaBoostClassifier_BASE_LINE_VALUES,,,,,,,,,,,,,,,,,,,,,,,,,,,,,,,,,,,,,,,,
3019,AdaBoostClassifier_BASE_LINE_VALUES,,,,,,,,,,,,,,,,,,,,,,,,,,,,,,,,,,,,,,,,
2437,AdaBoostClassifier_BASE_LINE_VALUES,,,,,,,,,,,,,,,,,,,,,,,,,,,,,,,,,,,,,,,,
3689,AdaBoostClassifier_BASE_LINE_VALUES,,,,,,,,,,1.0,,,,,,,,,,,,,,1.0,,,,,,,,,,,,,,,,2016.0
199,AdaBoostClassifier_BASE_LINE_VALUES,,,,,,,,,,,,,,,,,,,,,,,,,,,,,,,,,,,,,,,,
579,AdaBoostClassifier_BASE_LINE_VALUES,,,,,,,,,,,,,,,,,,,,,,,,,,,,,,,,,,,,,,,,
3820,AdaBoostClassifier_BASE_LINE_VALUES,,,,,,,1.0,,,,,,,,0.0,,,,,,,,,,,,,,,,,,,,0.0,,0.0472201422688131,,,
1660,AdaBoostClassifier_BASE_LINE_VALUES,,,,,,0.0,1.0,,,,,,,,0.0,,,,,,,,,,,,,,,,1.0,,0.0,,,,0.0472201422688131,0.0211063272182703,3.0,2010.0
2378,AdaBoostClassifier_BASE_LINE_VALUES,,,,,,,,,,1.0,,,,,,,,,,,,,,,,,,,,,,,,,,,,,,2016.0
983,AdaBoostClassifier_BASE_LINE_VALUES,,1.0,,,,,,,2.0,1.0,,,,,,,,,,,,,,1.0,,,1.0,,,,,,,1.0,1.0,,0.2119992512167727,,,2016.0
653,AdaBoostClassifier_BASE_LINE_VALUES,,,,,,,,,,1.0,,,,,,,,,,,,,,,,,,,,,,,,,,,,,,
2449,AdaBoostClassifier_BASE_LINE_VALUES,,,,,,,0.0,,,1.0,,,,,,,,,,,,,,1.0,,,,,,,,,,1.0,1.0,,,,,2016.0
3425,AdaBoostClassifier_BASE_LINE_VALUES,,1.0,,,,,0.0,,1.0,1.0,,,,,,,,,,,,,,1.0,,,1.0,,,,,,1.0,,1.0,,,,,2016.0
596,AdaBoostClassifier_BASE_LINE_VALUES,,,,,,,,,,,,,,,,,,,,,,,,,,,,,,,,,,,,,,,,
915,AdaBoostClassifier_BASE_LINE_VALUES,,,,,,0.0,1.0,,,,,,,,0.0,,,,,,,,,,,,,,,,1.0,,,,,,0.0472201422688131,0.0211063272182703,1.0,2010.0
1103,AdaBoostClassifier_BASE_LINE_VALUES,,,,,,,,,,1.0,,,,,,,,,,,,,,,,,,,,,,,,,,,,,,
1577,AdaBoostClassifier_BASE_LINE_VALUES,,,,,,,,,,1.0,,,,,1.0,,,,,,,,,,,,,,,,,,,,,,,,,2016.0
3655,AdaBoostClassifier_BASE_LINE_VALUES,,,,,,,,,,,,,,,,,,,,,,,,,,,,,,,,,,,,,,,,
605,AdaBoostClassifier_BASE_LINE_VALUES,,,,,,0.0,,,4.0,,,,,,0.0,,,,,,,,,,,,,,,,1.0,,0.0,,0.0,,0.0472201422688131,0.0211063272182703,3.0,2010.0
699,AdaBoostClassifier_BASE_LINE_VALUES,,,,,,,,,,,,,,,,,,,,,,,,,,,,,,,,,,,,,,,,
3637,AdaBoostClassifier_BASE_LINE_VALUES,,1.0,,,,,,,2.0,1.0,,,,,,,,,,,,,,1.0,,,1.0,,,,,,,1.0,1.0,,,0.0818513665293897,,2016.0
97,AdaBoostClassifier_BASE_LINE_VALUES,,,,,,,,,,1.0,,,,,,,,,,,,,,,,,,,,,,,,,,,,,,2016.0
4098,AdaBoostClassifier_BASE_LINE_VALUES,,,,,,,,,,1.0,,,,,,,,,,,,,,,,,,,,,,,,,,,0.2119992512167727,,,
3578,AdaBoostClassifier_BASE_LINE_VALUES,,1.0,,,,,0.0,,1.0,1.0,,,,,,,,,,,,,,1.0,,,1.0,,,,,,1.0,1.0,,,,,0.0,2016.0
918,AdaBoostClassifier_BASE_LINE_VALUES,,,,,,,,,,,,,,,,,,,,,,,,,,,,,,,,,,,,,,,,
2840,AdaBoostClassifier_BASE_LINE_VALUES,,,,,,,,,,1.0,,,,,,,,,,,,,,,,,,,,,,,,,,,,,,
351,AdaBoostClassifier_BASE_LINE_VALUES,,,,,,,,,,,,,,,,,,,,,,,,,,,,,,,,,,,,,,,,
705,AdaBoostClassifier_BASE_LINE_VALUES,,,,,,,,,,,,,,,,,,,,,,,,,,,,,,,,,,,,,,,,
3742,AdaBoostClassifier_BASE_LINE_VALUES,,,,,,,,,,,,,,,,,,,,,,,,,,,,,,,,,,,,,,,,
1190,AdaBoostClassifier_BASE_LINE_VALUES,,,,,,,,,,1.0,,,,,,,,,,,,,,,,,,,,,,,,,,,,,,2016.0
3096,AdaBoostClassifier_BASE_LINE_VALUES,,,,,,,1.0,,,,,,,,0.0,,,,,,,,,,,,,,,,,,,,,,0.0472201422688131,,,
1344,AdaBoostClassifier_BASE_LINE_VALUES,,,,,,,,,,1.0,,,,,,,,,,,,,,,,,,,,,,,,,,,,,,
1721,AdaBoostClassifier_BASE_LINE_VALUES,,,,,,,,,,,,,,,,,,,,,,,,,,,,,,,,,,,,,,,,
2895,AdaBoostClassifier_BASE_LINE_VALUES,,,,,,,,,,,,,,,,,,,,,,,,,,,,,,,,,,,,,,,,
2485,AdaBoostClassifier_BASE_LINE_VALUES,,,,,,,,,,1.0,,,,,,,,,,,,,,,,,,,,,,,,,,,,,,
3798,AdaBoostClassifier_BASE_LINE_VALUES,,,,,,,,,,,,,,,,,,,,,,,,,,,,,,,,,,,,,,,,
1729,AdaBoostClassifier_BASE_LINE_VALUES,,1.0,,,,,,,1.0,1.0,,,,,,,,,,,,,,1.0,,,1.0,,,,,,,1.0,1.0,,,0.0211063272182703,,2016.0
445,AdaBoostClassifier_BASE_LINE_VALUES,,,,,,,,,,,,,,,,,,,,,,,,,,,,,,,,,,,,,,,,
265,AdaBoostClassifier_BASE_LINE_VALUES,1.0,0.0,,,,0.0,,,,,,,,,,,,,,,,,,,,,,,,,1.0,,,,,,0.0472201422688131,0.0211063272182703,1.0,2006.0
2760,AdaBoostClassifier_BASE_LINE_VALUES,,,,,,,,,,1.0,,,,,,,,,,,,,,1.0,,,,,,,,,,,1.0,,,,,2016.0
2851,AdaBoostClassifier_BASE_LINE_VALUES,,,,,,,,,,1.0,,,,,,,,,,,,,,,,,,,,,,,,,,,,,,2016.0
2758,AdaBoostClassifier_BASE_LINE_VALUES,,1.0,,,,,,,1.0,1.0,,,,,,,,,,,,,,1.0,,,1.0,,,,,,,1.0,1.0,,,0.0818513665293897,0.0,2016.0
222,AdaBoostClassifier_BASE_LINE_VALUES,,,,,,,,,,1.0,,,,,,,,,,,,,,,,,,,,,,,,,,,,,,2016.0
1578,AdaBoostClassifier_BASE_LINE_VALUES,,,,,,,,,,,,,,,,,,,,,,,,,,,,,,,,,,,,,,,,
3819,AdaBoostClassifier_BASE_LINE_VALUES,,,,,,,,,,1.0,,,,,,,,,,,,,,1.0,,,,,,,,,,,,,,,,2016.0
4086,LogisticRegressionCV_BASE_LINE_VALUES,,,,,,,,,,1.0,,,,,,,,,,,,,,,,,,,,,,,,,,,,,,
3079,LogisticRegressionCV_BASE_LINE_VALUES,,,,,,,1.0,0.0,,,,,0.0,1.0,0.0,1.0,,,,1.0,,1.0,1.0,0.0,1.0,1.0,,,,,1.0,,,0.0,,,0.0472201422688131,0.0021527517783601,3.0,
3532,LogisticRegressionCV_BASE_LINE_VALUES,,,,,,,,,,1.0,,,,,,,,,,,,,,,,,,,,,,,,,,,0.2119992512167727,,,
697,LogisticRegressionCV_BASE_LINE_VALUES,,,,,,,,,,,,,,,,,,,,,,,,,,,,,,,,,,,,,,,,
1086,LogisticRegressionCV_BASE_LINE_VALUES,,,,,,,,,,,,,,,,,,,,,,,,,,,,,,,,,,,,,0.2119992512167727,,,
1590,LogisticRegressionCV_BASE_LINE_VALUES,,,,,,,1.0,,,,,,,,,1.0,,,,1.0,,,,0.0,,,,,,,1.0,,,,,,0.0472201422688131,,4.0,
1007,LogisticRegressionCV_BASE_LINE_VALUES,,,,,,,,,,1.0,,,,,,,,,,,,,,1.0,,,,,,,,,,,,,,,,
3074,LogisticRegressionCV_BASE_LINE_VALUES,,,,,,,,,,,,,,,,,,,,,,,,,,,,,,,,,,,,,,,,
3272,LogisticRegressionCV_BASE_LINE_VALUES,,,,,,,,,,,,,,,,,,,,,,,,,,,,,,,,,,,,,,,,
598,LogisticRegressionCV_BASE_LINE_VALUES,,,,,,,,,,,,,,,,,,,,,,,,,,,,,,,,,,,,,,,,
3317,LogisticRegressionCV_BASE_LINE_VALUES,,,,,,,,,,1.0,,,,,,,,,,,,,,,,,,,,,,,,,,,,,,
2629,LogisticRegressionCV_BASE_LINE_VALUES,,1.0,,,,,,,,1.0,,,,,,,,,,,,,,1.0,,,,,,,,,,,,,,,,
1358,LogisticRegressionCV_BASE_LINE_VALUES,,,,,,,,,,,,,,,,,,,,,,,,,,,,,,,,,,,,,,,,
2276,LogisticRegressionCV_BASE_LINE_VALUES,,,,,,,,,,1.0,,,,,,,,,,,,,,,,,,,,,,,,,,,,,,
2738,LogisticRegressionCV_BASE_LINE_VALUES,,,,,,,,,,,,,,,,,,,,,,,,,,,,,,,,,,,,,,,,
1433,LogisticRegressionCV_BASE_LINE_VALUES,,1.0,,,,,,,2.0,1.0,,,,,,,,,,,,,,1.0,,,,,1.0,,,,1.0,1.0,1.0,0.0,,,,
3464,LogisticRegressionCV_BASE_LINE_VALUES,,,,,,,1.0,,,,,,,,,1.0,,,,,,,,,,,,,,,,,,,,,0.0472201422688131,,,
2485,LogisticRegressionCV_BASE_LINE_VALUES,,,,,,,,,,1.0,,,,,,,,,,,,,,,,,,,,,,,,,,,,,,
4085,LogisticRegressionCV_BASE_LINE_VALUES,0.0,1.0,,,,,,,1.0,1.0,,1.0,,,,,,,,,,0.0,,1.0,,,1.0,,1.0,,,,,1.0,1.0,0.0,,0.037298764507675,,
3250,LogisticRegressionCV_BASE_LINE_VALUES,,,,,,,,,,,,,,,,,,,,,,,,,,,,,,,,,,,,,,,,
2230,LogisticRegressionCV_BASE_LINE_VALUES,,1.0,,,1.0,,,,1.0,1.0,,1.0,,,,,,,,,,0.0,,1.0,,,1.0,,1.0,,,,,1.0,,,0.2119992512167727,,0.0,
3697,LogisticRegressionCV_BASE_LINE_VALUES,,1.0,,,,,,,,1.0,,,,,,,,,,,,,,1.0,,,,,,,,,,1.0,1.0,,0.2119992512167727,,,
2507,LogisticRegressionCV_BASE_LINE_VALUES,,,,,,,,,,1.0,,,,,,,,,,,,,,,,,,,,,,,,,,,,,,
117,LogisticRegressionCV_BASE_LINE_VALUES,,,,,,,,,,,,,,,,,,,,,,,,,,,,,,,,,,,,,,,,
1323,LogisticRegressionCV_BASE_LINE_VALUES,,,,,,,,,,1.0,,,,,,,,,,,,,,,,,,,,,,,,,,,,,,
1588,LogisticRegressionCV_BASE_LINE_VALUES,,,,,,,,,,,,,,,,,,,,,,,,,,,,,,,,,,,,,,,,
3292,LogisticRegressionCV_BASE_LINE_VALUES,,,,,,,,,,1.0,,,,,,,,,,,,,,1.0,,,,,,,,,,,,,,,,
282,LogisticRegressionCV_BASE_LINE_VALUES,,,,,,,,,,1.0,,,,,,,,,,,,,,,,,,,,,,,,,,,0.2119992512167727,,,
245,LogisticRegressionCV_BASE_LINE_VALUES,,1.0,,,,,,,2.0,1.0,,,,,,,,,,,,,,1.0,,,,,1.0,,,,1.0,1.0,1.0,0.0,,,,
1026,LogisticRegressionCV_BASE_LINE_VALUES,,1.0,,,,1.0,0.0,,,1.0,,,,,,,,,,,,,,1.0,,,,,,,,,,,,,,,,
3143,LogisticRegressionCV_BASE_LINE_VALUES,0.0,1.0,,,,,,,2.0,1.0,,1.0,,,,,,,,,,,,1.0,,,,,1.0,,,,,1.0,1.0,0.0,,,,
3088,LogisticRegressionCV_BASE_LINE_VALUES,,,,,,,,,,1.0,,,,,,,,,,,,,,1.0,,,,,,,,,,,,,,,,
514,LogisticRegressionCV_BASE_LINE_VALUES,,,,,,,,,,,,,,,,,,,,,,,,,,,,,,,,,,,,,,,,
2658,LogisticRegressionCV_BASE_LINE_VALUES,,,,,,,,,,1.0,,,,,,,,,,,,,,,,,,,,,,,,,,,,,,
4244,LogisticRegressionCV_BASE_LINE_VALUES,,,,,,,,,,,,,,,,,,,,,,,,,,,,,,,,,,,,,,,,
3764,LogisticRegressionCV_BASE_LINE_VALUES,,,,,,,,,,1.0,,,,,,,,,,,,,,,,,,,,,,,,,,,,,,
223,LogisticRegressionCV_BASE_LINE_VALUES,0.0,,,,,,0.0,,2.0,,,1.0,,,,,,,,,,0.0,,1.0,,,1.0,,1.0,,,,,1.0,1.0,0.0,0.0472201422688131,0.037298764507675,0.0,
3629,LogisticRegressionCV_BASE_LINE_VALUES,,,,,,,,,,1.0,,,,,,,,,,,,,,,,,,,,,,,,,,,,,,
1548,LogisticRegressionCV_BASE_LINE_VALUES,,1.0,,,,,0.0,,,1.0,,,,,,,,,,,,,,1.0,,,,,,,,,,,,,,,,
2030,LogisticRegressionCV_BASE_LINE_VALUES,,,,,,0.0,1.0,,,,,,,,,1.0,,,,1.0,,,,,,,,,,,1.0,,,,,,0.0472201422688131,,3.0,
15,LogisticRegressionCV_BASE_LINE_VALUES,,,,,,,,,,1.0,,,,,,,,,,,,,,,,,,,,,,,,,,,,,,
2235,LogisticRegressionCV_BASE_LINE_VALUES,,,,,,,,,,1.0,,,,,,,,,,,,,,,,,,,,,,,,,,,,,,
581,LogisticRegressionCV_BASE_LINE_VALUES,,,,,,,,,,1.0,,,,,,,,,,,,,,,,,,,,,,,,,,,,,,
353,LogisticRegressionCV_BASE_LINE_VALUES,,,,,,,,,,1.0,,,,,,,,,,,,,,,,,,,,,,,,,,,,,,
3586,LogisticRegressionCV_BASE_LINE_VALUES,,,,,,,,,,1.0,,,,,,,,,,,,,,,,,,,,,,,,,,,,,,
4142,LogisticRegressionCV_BASE_LINE_VALUES,,,,,,,,,,1.0,,,,,,,,,,,,,,,,,,,,,,,,,,,,,,
705,LogisticRegressionCV_BASE_LINE_VALUES,,,,,,,,,,,,,,,,,,,,,,,,,,,,,,,,,,,,,,,,
3337,LogisticRegressionCV_BASE_LINE_VALUES,,,,,,,,,,,,,,,,,,,,,,,,,,,,,,,,,,,,,,,,
3832,LogisticRegressionCV_BASE_LINE_VALUES,,,,,,,,,,,,,,,,,,,,,,,,,,,,,,,,,,,,,,,,
1434,LogisticRegressionCV_BASE_LINE_VALUES,,1.0,,,,1.0,0.0,,,1.0,,,,,,,,,,,,,,,,,,,,,,,,,,,,,,
23,LogisticRegressionCV_BASE_LINE_VALUES,1.0,,,,,0.0,1.0,0.0,4.0,,,,0.0,1.0,0.0,1.0,,,,1.0,,,,,,,,,,,1.0,,,,,,0.0472201422688131,0.0211063272182703,2.0,
3706,LogisticRegressionCV_BASE_LINE_VALUES,,,,,,,,,,,,,,,,,,,,,,,,,,,,,,,,,,,,,,,,
3727,LogisticRegressionCV_BASE_LINE_VALUES,1.0,,,,,0.0,1.0,0.0,,,,,0.0,1.0,0.0,1.0,,,,1.0,,1.0,1.0,,1.0,1.0,,,,,1.0,,0.0,,,,0.0472201422688131,,1.0,
852,LogisticRegressionCV_BASE_LINE_VALUES,,1.0,,,,,0.0,,,1.0,,,,,,,,,,,,,,1.0,,,,,,,,,,1.0,1.0,,,,,
1873,LogisticRegressionCV_BASE_LINE_VALUES,,,,,,,,,,1.0,,,,,,,,,,,,,,,,,,,,,,,,,,,,,,
2619,LogisticRegressionCV_BASE_LINE_VALUES,,,,,,,,,,,,,,,,,,,,,,,,,,,,,,,,,,,,,,,,
4010,LogisticRegressionCV_BASE_LINE_VALUES,,,,,,,,,,,,,,,,,,,,,,,,,,,,,,,,,,,,,,,,
4238,LogisticRegressionCV_BASE_LINE_VALUES,,,,,,,,,,1.0,,,,,,,,,,,,,,1.0,,,,,,,,,,,,,,,,
4120,LogisticRegressionCV_BASE_LINE_VALUES,,,,,,,,,,,,,,,,,,,,,,,,,,,,,,,,,,,,,,,,
2732,LogisticRegressionCV_BASE_LINE_VALUES,,,,,,,,,,1.0,,,,,,,,,,,,,,,,,,,,,,,,,,,,,,
1970,LogisticRegressionCV_BASE_LINE_VALUES,,,,,,,1.0,0.0,,,,,0.0,1.0,0.0,1.0,,,,1.0,,1.0,1.0,0.0,1.0,1.0,,,,,1.0,,0.0,,,,0.0472201422688131,0.0021527517783601,2.0,
675,LogisticRegressionCV_BASE_LINE_VALUES,,,,,,,,,,,,,,,,,,,,,,,,,,,,,,,,,,,,,,,,
2803,LogisticRegressionCV_BASE_LINE_VALUES,,,,,,,,,,,,,,,,,,,,,,,,,,,,,,,,,,,,,,,,
448,LogisticRegressionCV_BASE_LINE_VALUES,,,,,,,,,,,,,,,,,,,,,,,,,,,,,,,,,,,,,,,,
1580,LogisticRegressionCV_BASE_LINE_VALUES,,,,,,,,,,,,,,,,,,,,,,,,,,,,,,,,,,,,,,,,
371,LogisticRegressionCV_BASE_LINE_VALUES,,1.0,,,,,0.0,,1.0,1.0,,,,,,,,,,,,,,1.0,,,,,,,,,,1.0,1.0,,,,,
4112,LogisticRegressionCV_BASE_LINE_VALUES,,,,,,,,,,1.0,,,,,,,,,,,,,,,,,,,,,,,,,,,,,,
167,LogisticRegressionCV_BASE_LINE_VALUES,,,,,,,,,,,,,,,,,,,,,,,,,,,,,,,,,,,,,,,,
86,LogisticRegressionCV_BASE_LINE_VALUES,,,,,,,,,,,,,,,,,,,,,,,,,,,,,,,,,,,,,,,,
877,LogisticRegressionCV_BASE_LINE_VALUES,,,,,,,,,,1.0,,,,,,,,,,,,,,1.0,,,,,,,,,,,,,,,,
3831,LogisticRegressionCV_BASE_LINE_VALUES,,,,,,,,,,1.0,,,,,,,,,,,,,,,,,,,,,,,,,,,0.2119992512167727,,,
306,LogisticRegressionCV_BASE_LINE_VALUES,0.0,1.0,,,,,,,,1.0,,1.0,,,,,,,,,,,,1.0,,,,,1.0,,,,,1.0,1.0,0.0,,,0.0,
216,LogisticRegressionCV_BASE_LINE_VALUES,,,,,,,,,,,,,,,,,,,,,,,,,,,,,,,,,,,,,,,,
3500,LogisticRegressionCV_BASE_LINE_VALUES,,1.0,,,,,,,,1.0,,,,,,,,,,,,,,1.0,,,,,,,,,,1.0,1.0,,,,,
3654,LogisticRegressionCV_BASE_LINE_VALUES,,,,,,,,,,1.0,,,,,,,,,,,,,,,,,,,,,,,,,,,,,,
803,LogisticRegressionCV_BASE_LINE_VALUES,,,,,,,,,,1.0,,,,,,,,,,,,,,,,,,,,,,,,,,,,,,
3714,LogisticRegressionCV_BASE_LINE_VALUES,,,,,,,,,,1.0,,,,,,,,,,,,,,1.0,,,,,,,,,,,,,,,,
1192,LogisticRegressionCV_BASE_LINE_VALUES,,,,,,,,,,1.0,,,,,,,,,,,,,,1.0,,,,,,,,,,,,,,,,
167,RidgeClassifierCV_BASE_HYPER,,,,,,,,,,,,,,,,,,,,,,,,,,,,,,,,,,,,,,,,
3637,RidgeClassifierCV_BASE_HYPER,,,,,,,,,,1.0,,,,,,,,,,,,,,,,,,,,,,,,,,,,,,
246,RidgeClassifierCV_BASE_HYPER,,1.0,,,,,,,,1.0,,,,,,,,,,,,,,1.0,,,,,,,,,,1.0,1.0,,,,,
2705,RidgeClassifierCV_BASE_HYPER,,,,,,,,,,,,,,,,,,,,,,,,,,,,,,,,,,,,,,,,
1580,RidgeClassifierCV_BASE_HYPER,,,,,,,,,,1.0,,,,,,,,,,,,,,,,,,,,,,,,,,,,,,
3216,RidgeClassifierCV_BASE_HYPER,,,,,,,,,,1.0,,,,,,,,,,,,,,,,,,,,,,,,,,,,,,
2706,RidgeClassifierCV_BASE_HYPER,,,,,,,,,,,,,,,,,,,,,,,,,,,,,,,,,,,,,,,,
2610,RidgeClassifierCV_BASE_HYPER,,,,,,,,,,1.0,,,,,,,,,,,,,,,,,,,,,,,,,,,,,,
3816,RidgeClassifierCV_BASE_HYPER,,1.0,,,,,,,,1.0,,,,,,,,,,,,,,1.0,,,,,,,,,,1.0,1.0,,,,,
1434,RidgeClassifierCV_BASE_HYPER,,1.0,,,,,0.0,,,1.0,,,,,,,,,,,,,,,,,,,,,,,,,,,,,,
2636,RidgeClassifierCV_BASE_HYPER,,1.0,,,,,,,,1.0,,,,,,,,,,,,,,1.0,,,,,,,,,,,,,,,,
387,RidgeClassifierCV_BASE_HYPER,,,,,,,,,,1.0,,,,,,,,,,,,,,,,,,,,,,,,,,,,,,
86,RidgeClassifierCV_BASE_HYPER,,,,,,,,,,1.0,,,,,,,,,,,,,,,,,,,,,,,,,,,,,,
15,RidgeClassifierCV_BASE_HYPER,,,,,,,,,,1.0,,,,,,,,,,,,,,,,,,,,,,,,,,,,,,
2458,RidgeClassifierCV_BASE_HYPER,,1.0,,,,,0.0,,,1.0,,,,,,,,,,,,,,1.0,,,,,,,,,,1.0,1.0,,,,,
3047,RidgeClassifierCV_BASE_HYPER,,,,,,,,,,,,,,,,,,,,,,,,,,,,,,,,,,,,,,,,
809,RidgeClassifierCV_BASE_HYPER,,,,,,,,,,1.0,,,,,,,,,,,,,,,,,,,,,,,,,,,,,,
1433,RidgeClassifierCV_BASE_HYPER,,1.0,,,,,,,2.0,1.0,,1.0,,,,,,,,,,,,1.0,,,,,,,,,1.0,1.0,1.0,0.0,,,,2015.0
216,RidgeClassifierCV_BASE_HYPER,,,,,,,,,,,,,,,,,,,,,,,,,,,,,,,,,,,,,,,,
3271,RidgeClassifierCV_BASE_HYPER,,1.0,,,,,0.0,,2.0,1.0,,,1.0,,,,,,,,,,,1.0,,,,,1.0,,,,1.0,1.0,,,,,,2014.0
3500,RidgeClassifierCV_BASE_HYPER,,1.0,,,,,,,1.0,1.0,,,,,,,,,,,,,,1.0,,,,,,,,,,1.0,1.0,,,,,
1858,RidgeClassifierCV_BASE_HYPER,,,,,,,,,,,,,,,,,,,,,,,,,,,,,,,,,,,,,,,,
117,RidgeClassifierCV_BASE_HYPER,,,,,,,,,,,,,,,,,,,,,,,,,,,,,,,,,,,,,,,,
3810,RidgeClassifierCV_BASE_HYPER,,,,,,,,,,1.0,,,,,,,,,,,,,,,,,,,,,,,,,,,,,,
3253,RidgeClassifierCV_BASE_HYPER,,,,,1.0,0.0,1.0,,,,,,,,,1.0,,,,1.0,,,,,,,,,,,1.0,,,,0.0,,0.0472201422688131,,3.0,
1190,RidgeClassifierCV_BASE_HYPER,,,,,,,,,,1.0,,,,,,,,,,,,,,,,,,,,,,,,,,,,,,
3317,RidgeClassifierCV_BASE_HYPER,,,,,,,,,,1.0,,,,,,,,,,,,,,,,,,,,,,,,,,,,,,
3601,RidgeClassifierCV_BASE_HYPER,,,,,,,,,,,,,,,,,,,,,,,,,,,,,,,,,,,,,,,,
4120,RidgeClassifierCV_BASE_HYPER,,,,,,,,,,,,,,,,,,,,,,,,,,,,,,,,,,,,,,,,
4085,RidgeClassifierCV_BASE_HYPER,,1.0,,,,,,,,1.0,,,,,,,,,,,,,,1.0,,,,,,,,,,1.0,1.0,,,0.0818513665293897,,
1358,RidgeClassifierCV_BASE_HYPER,,,,,,,,,,,,,,,,,,,,,,,,,,,,,,,,,,,,,,,,
3677,RidgeClassifierCV_BASE_HYPER,,,,,,,,,,1.0,,,,,,,,,,,,,,,,,,,,,,,,,,,,,,
1079,RidgeClassifierCV_BASE_HYPER,,,,,,,,,,1.0,,,,,,,,,,,,,,,,,,,,,,,,,,,,,,
2732,RidgeClassifierCV_BASE_HYPER,,,,,,,,,,1.0,,,,,,,,,,,,,,,,,,,,,,,,,,,,,,
1400,RidgeClassifierCV_BASE_HYPER,1.0,,,,1.0,0.0,1.0,0.0,4.0,,,,0.0,1.0,0.0,1.0,,,,1.0,,1.0,1.0,,,1.0,,,,,1.0,,0.0,,,,0.0472201422688131,,1.0,2006.0
448,RidgeClassifierCV_BASE_HYPER,,,,,,,,,,,,,,,,,,,,,,,,,,,,,,,,,,,,,,,,
371,RidgeClassifierCV_BASE_HYPER,,1.0,,,,,0.0,,1.0,1.0,,,,,,,,,,,,,,1.0,,,,,,,,,,1.0,1.0,,,,,
4086,RidgeClassifierCV_BASE_HYPER,,,,,,,,,,1.0,,,,,,,,,,,,,,,,,,,,,,,,,,,,,,
3692,RidgeClassifierCV_BASE_HYPER,,,,,,,,,,,,,,,,,,,,,,,,,,,,,,,,,,,,,,,,
3689,RidgeClassifierCV_BASE_HYPER,,1.0,,,,,,,,1.0,,,,,,,,,,,,,,,,,,,,,,,,,,,,,,
3820,RidgeClassifierCV_BASE_HYPER,,,,,1.0,0.0,1.0,0.0,4.0,,,,0.0,1.0,0.0,1.0,,,,1.0,,,1.0,,1.0,1.0,,,,,1.0,,0.0,,0.0,1.0,0.0472201422688131,,3.0,
613,RidgeClassifierCV_BASE_HYPER,,,,,,,,,,,,,,,,,,,,,,,,,,,,,,,,,,,,,,,,
4142,RidgeClassifierCV_BASE_HYPER,,,,,,,,,,1.0,,,,,,,,,,,,,,,,,,,,,,,,,,,,,,
284,RidgeClassifierCV_BASE_HYPER,,,,,,,,,,1.0,,,,,,,,,,,,,,,,,,,,,,,,,,,,,,
2607,RidgeClassifierCV_BASE_HYPER,,,,,,,,,,,,,,,,,,,,,,,,,,,,,,,,,,,,,,,,
3123,RidgeClassifierCV_BASE_HYPER,,1.0,,,,,,,2.0,1.0,,,1.0,,,,,,,,0.0,,,1.0,,,,,1.0,,,,1.0,1.0,1.0,0.0,,,,2010.0
4112,RidgeClassifierCV_BASE_HYPER,,,,,,,,,,1.0,,,,,,,,,,,,,,,,,,,,,,,,,,,,,,
2245,RidgeClassifierCV_BASE_HYPER,,1.0,,,,,,,2.0,1.0,,,1.0,,,,,,,,0.0,,,1.0,,,,,1.0,,,,1.0,1.0,1.0,0.0,,,,2010.0
596,RidgeClassifierCV_BASE_HYPER,,,,,,,,,,,,,,,,,,,,,,,,,,,,,,,,,,,,,,,,
2474,RidgeClassifierCV_BASE_HYPER,,1.0,,,,,,,,1.0,,,,,,,,,,,,,,1.0,,,,,,,,,,,,,,,0.0,
3984,RidgeClassifierCV_BASE_HYPER,,,,,,,,,,1.0,,,,,,,,,,,,,,,,,,,,,,,,,,,,,,
2179,RidgeClassifierCV_BASE_HYPER,,,,,,,,,,,,,,,,,,,,,,,,,,,,,,,,,,,,,,,,
1588,RidgeClassifierCV_BASE_HYPER,,,,,,,,,,,,,,,,,,,,,,,,,,,,,,,,,,,,,,,,
857,RidgeClassifierCV_BASE_HYPER,,,,,,,,,,1.0,,,,,,,,,,,,,,,,,,,,,,,,,,,,,,
2788,RidgeClassifierCV_BASE_HYPER,,,,,,,,,,1.0,,,,,,,,,,,,,,,,,,,,,,,,,,,,,,
697,RidgeClassifierCV_BASE_HYPER,,,,,,,,,,,,,,,,,,,,,,,,,,,,,,,,,,,,,,,,
4240,RidgeClassifierCV_BASE_HYPER,,,,,,,,,,1.0,,,,,,,,,,,,,,,,,,,,,,,,,,,,,,
314,RidgeClassifierCV_BASE_HYPER,,,,,,,,,,,,,,,,,,,,,,,,,,,,,,,,,,,,,,,,
3049,RidgeClassifierCV_BASE_HYPER,,1.0,,,,,0.0,,,1.0,,,,,,,,,,,,,,1.0,,,,,,,,,1.0,1.0,1.0,,,,,
228,RidgeClassifierCV_BASE_HYPER,,1.0,,,,,,,,1.0,,,,,,,,,,,,,,,,,,,,,,,,,,,,,,
675,RidgeClassifierCV_BASE_HYPER,,,,,,,,,,,,,,,,,,,,,,,,,,,,,,,,,,,,,,,,
3250,RidgeClassifierCV_BASE_HYPER,,,,,,,,,,,,,,,,,,,,,,,,,,,,,,,,,,,,,,,,
2204,RidgeClassifierCV_BASE_HYPER,,,,,,,,,,1.0,,,,,,,,,,,,,,,,,,,,,,,,,,,,,,
2792,RidgeClassifierCV_BASE_HYPER,,,,,1.0,0.0,1.0,0.0,4.0,,,,0.0,1.0,0.0,1.0,,,,1.0,,1.0,1.0,,1.0,1.0,,,,,1.0,,0.0,,,,0.0472201422688131,0.0211063272182703,2.0,
527,RidgeClassifierCV_BASE_HYPER,,,,,,,,,,,,,,,,,,,,,,,,,,,,,,,,,,,,,,,,
1323,RidgeClassifierCV_BASE_HYPER,,,,,,,,,,1.0,,,,,,,,,,,,,,,,,,,,,,,,,,,,,,
705,RidgeClassifierCV_BASE_HYPER,,,,,,,,,,,,,,,,,,,,,,,,,,,,,,,,,,,,,,,,
1548,RidgeClassifierCV_BASE_HYPER,,1.0,,,,,0.0,,,1.0,,,,,,,,,,,,,,1.0,,,,,,,,,,,,,,,,
1007,RidgeClassifierCV_BASE_HYPER,,1.0,,,,,,,,1.0,,,,,,,,,,,,,,,,,,,,,,,,,,,,,,
3586,RidgeClassifierCV_BASE_HYPER,,,,,,,,,,1.0,,,,,,,,,,,,,,,,,,,,,,,,,,,,,,
3740,RidgeClassifierCV_BASE_HYPER,,,,,,,,,,,,,,,,,,,,,,,,,,,,,,,,,,,,,,,,
4235,RidgeClassifierCV_BASE_HYPER,,1.0,,,,,0.0,,,1.0,,,,,,,,,,,,,,1.0,,,,,,,,,,1.0,1.0,,,,,
2230,RidgeClassifierCV_BASE_HYPER,,1.0,,,,,,,1.0,1.0,,1.0,,,,,,,,,,0.0,,1.0,,,,,1.0,,,,,1.0,,,0.2119992512167727,,0.0,2010.0
3298,RidgeClassifierCV_BASE_HYPER,,1.0,,,,,,,,1.0,,,,,,,,,,,,,,,,,,,,,,,,,,,,,,
1026,RidgeClassifierCV_BASE_HYPER,,1.0,,,,1.0,0.0,,,1.0,,,,,,,,,,,,,,1.0,,,,,,,,,,1.0,,,,,,
889,RidgeClassifierCV_BASE_HYPER,,,,,,,,,,1.0,,,,,,,,,,,,,,,,,,,,,,,,,,,,,,
3456,RidgeClassifierCV_BASE_HYPER,,,,,,,,,,1.0,,,,,,,,,,,,,,,,,,,,,,,,,,,,,,
1563,XGBClassifier_BASE_HYPER,,,,,,,,,,,,,,,,,,,,,,,,,,,,,,,,,,,,,0.0861100711344066,,,
3409,XGBClassifier_BASE_HYPER,,,,,,,,,2.0,,,,1.0,,,,,,,,0.0,,,1.0,1.0,,,,,,,,,0.0,,0.0,0.0419786596780232,0.037298764507675,,2005.0
1257,XGBClassifier_BASE_HYPER,,,,,,,,,,,,,,,,,,,,,,,,,,,,,,,,,,,,,,,,
3352,XGBClassifier_BASE_HYPER,,,,,1.0,,1.0,0.0,,,,,,1.0,0.0,1.0,,,,,,0.0,1.0,,1.0,,,,,,1.0,,1.0,,,,0.0472201422688131,0.0211063272182703,2.0,2006.0
2818,XGBClassifier_BASE_HYPER,,,,,1.0,,,0.0,3.0,1.0,,,,1.0,0.0,1.0,,,,1.0,1.0,1.0,1.0,,,1.0,0.0,,,,1.0,,0.0,,,,0.0472201422688131,0.0211063272182703,2.0,2010.0
1530,XGBClassifier_BASE_HYPER,,,,,,,1.0,0.0,,,,,,1.0,0.0,,,,,,,,,,1.0,,,,,,,,,,,,0.0472201422688131,0.0109041557469112,,2011.0
1047,XGBClassifier_BASE_HYPER,,1.0,,,,,,,2.0,,,,,,,,,,,,,,,,,1.0,,,1.0,,,,,,,1.0,0.2119992512167727,0.0211063272182703,1.0,2011.0
579,XGBClassifier_BASE_HYPER,,,,,,,,,,,,,,,,,,,,,,,,,,,,,,,,,,,,,,,,
222,XGBClassifier_BASE_HYPER,,,,,,,,,1.0,,,,,,,,,,,,,,,,,,,,1.0,,,,,,,,0.2119992512167727,0.0005147884687383,,2014.0
387,XGBClassifier_BASE_HYPER,,,,,,,,,,,,,,,,,,,,,,,,,,,,,,,,,,,,,0.0419786596780232,,,
3563,XGBClassifier_BASE_HYPER,,,,,,0.0,,,,,,,,,,1.0,,,,,,,,,,,,,,,,,,,,,0.0283601647323099,0.0021527517783601,,2007.0
2301,XGBClassifier_BASE_HYPER,,,,,,,,,,,,,,1.0,,,,,,,,,,,,,,,,,,,,,,,0.0472201422688131,0.0021527517783601,,
117,XGBClassifier_BASE_HYPER,,,,,,,,,,,,,,,,,,,,,,,,,,,,,,,,,,,,,,,,
619,XGBClassifier_BASE_HYPER,,,,,,,,,,,,,,,,,,,,,,,,,,,,,,,,,,,,,,,,
2738,XGBClassifier_BASE_HYPER,,,,,,,,,,,,,,,,,,,,,,,,,,,,,,,,,,,,,0.0419786596780232,,,
3113,XGBClassifier_BASE_HYPER,,,,,,,1.0,,4.0,1.0,,,,1.0,0.0,,,,,,,,,,1.0,,,,,,,,,,,,0.0472201422688131,0.0109041557469112,,2014.0
2003,XGBClassifier_BASE_HYPER,,1.0,,,,,,,,,,,,,,,,,,,,,,,,,,,1.0,,,,,,,,0.2119992512167727,,,2014.0
3063,XGBClassifier_BASE_HYPER,,1.0,,,,,,,1.0,,,,,,,,,,,,,,,1.0,,,,,1.0,,,,,1.0,,,0.0419786596780232,0.0005147884687383,,2011.0
823,XGBClassifier_BASE_HYPER,,,,,,,,,,,,,,,,,,,,,,,,,,,,,,,,,,,,,0.0419786596780232,,,
490,XGBClassifier_BASE_HYPER,,,,,,,,,,,,,,,,,,,,,,,,,,,,,,,,,,,,,0.2119992512167727,,,2015.0
3016,XGBClassifier_BASE_HYPER,,1.0,,,,,,,1.0,,,,,,,,,,,,,,,,,,,,1.0,,,,,1.0,,,0.2119992512167727,0.0005147884687383,,2014.0
705,XGBClassifier_BASE_HYPER,,,,,,,,,,,,,,,1.0,,,,,,,,,,,,,,,,,,,,,,,,,
1066,XGBClassifier_BASE_HYPER,,,,,,,,,,,,,,,,,,,,,,,,,,,,,,,,,,,,,,,,
1192,XGBClassifier_BASE_HYPER,,,,,,,0.0,,,,,,,,,,,,,,,,,,,,,,,,,,,,1.0,,,,,
125,XGBClassifier_BASE_HYPER,,1.0,,,,,,,,,,,,,,,,,,,,,,1.0,,,,,,,,,,1.0,,0.0,0.2119992512167727,0.0021527517783601,,2007.0
3001,XGBClassifier_BASE_HYPER,,,,,1.0,0.0,1.0,,,1.0,,,,,0.0,,,,,,,,,,,1.0,,,,,1.0,,,,,,0.0472201422688131,0.0211063272182703,,2010.0
4224,XGBClassifier_BASE_HYPER,,,,,,,,,,,,,,,,,,,,,,,,,,,,,,,,,,,,,0.0861100711344066,,,
3890,XGBClassifier_BASE_HYPER,1.0,1.0,,,1.0,,,0.0,4.0,1.0,,,,,0.0,1.0,,,,,1.0,,1.0,,1.0,1.0,1.0,,1.0,,1.0,,0.0,,,,0.0472201422688131,0.0109041557469112,3.0,2005.0
1743,XGBClassifier_BASE_HYPER,,,,,,1.0,,,,,,,,,,,,,,,,0.0,,1.0,,,,,,,,,,1.0,,,0.0419786596780232,0.0005147884687383,,2014.0
502,XGBClassifier_BASE_HYPER,,,,,,,,,,,,,,,,,,,,,,,,,,,,,,,,,,,,,0.0419786596780232,0.0211063272182703,,
280,XGBClassifier_BASE_HYPER,,,,,,,,,,,,,,,1.0,,,,,,,,,,,,,,,,,,,,,,,,,
3742,XGBClassifier_BASE_HYPER,,,,,,,,,,,,,,,,,,,,,,,,,,,,,,,,,,,,,0.0861100711344066,,,
918,XGBClassifier_BASE_HYPER,,,,,,,,,,,,,,,,,,,,,,,,,,,,,,,,,,,,,,,,
2753,XGBClassifier_BASE_HYPER,,,,,,,,,,,,,,,,,,,,,,,,,,,,,,,,,,,,,,,,
2895,XGBClassifier_BASE_HYPER,,,,,,,,,,,,,,,,,,,,,,,,,,,,,,,,,,,,,,,,
316,XGBClassifier_BASE_HYPER,,,,,,,0.0,,,,,1.0,,,,,,,,,,,1.0,1.0,,,,,,,,,,1.0,1.0,,0.2119992512167727,,,2007.0
2315,XGBClassifier_BASE_HYPER,,,,,,,,,,,,,,,,,,,,,,,,,,,,,,,,,,,,,0.0419786596780232,,,
74,XGBClassifier_BASE_HYPER,,,,,,,,,,,,,,,,,,,,,,,,,,,,,,,,,,,,,,,,
3303,XGBClassifier_BASE_HYPER,,,,,,,,,,,,,,,,,,,,,,,,,,,,,,,,,,,,,,,,
4045,XGBClassifier_BASE_HYPER,,1.0,,,,,,,,,,,,,,,,,,,,,,,,,,,,,,,,,,,,,,2011.0
2129,XGBClassifier_BASE_HYPER,,,,,,,,,,,,,,,,,,,,,,,,,,,,,,,,,,,,,,,,
3209,XGBClassifier_BASE_HYPER,,,,,,,,,,,,,,,,,,,,,,,,,,,,,,,,,,,,,,,,
472,XGBClassifier_BASE_HYPER,,,,,,,,,,,,,,,,,,,,,,,,,,,,,,,,,,,,,,,,
1848,XGBClassifier_BASE_HYPER,,,,,,,0.0,,,,,,,,,,,,,,,,1.0,1.0,1.0,,,,,,,,,1.0,1.0,,0.0419786596780232,0.0211063272182703,,2014.0
3434,XGBClassifier_BASE_HYPER,,,,,,0.0,,,4.0,,,,,,,1.0,,,,,,,1.0,1.0,,,,,,,,,,,1.0,0.0,0.0419786596780232,0.0005147884687383,4.0,
3431,XGBClassifier_BASE_HYPER,,,,,,,,0.0,,,,,,1.0,0.0,,,,,,,,1.0,,,,1.0,,,,1.0,,,,,,0.0472201422688131,0.0109041557469112,4.0,2006.0
1827,XGBClassifier_BASE_HYPER,,,,,,,,,1.0,,,,,,,,,,,,,,,,,1.0,,,1.0,,,,,1.0,1.0,,,,,
3216,XGBClassifier_BASE_HYPER,,,,,,,,,,,,,,,,,,,,,,,,,,,,,,,,,,,,,0.0861100711344066,,,
4035,XGBClassifier_BASE_HYPER,,,,,1.0,,1.0,,3.0,1.0,,,,1.0,0.0,1.0,,,,,0.0,,,,,1.0,,,,,1.0,,,,,,0.0472201422688131,0.0211063272182703,,2005.0
1389,XGBClassifier_BASE_HYPER,,,,,,,,,,,,,,,,,,,,,,,,,,,,,,,,,,1.0,,,,0.0211063272182703,,
407,XGBClassifier_BASE_HYPER,,,,,,,,,,,,,,,,,,,,,,,,,,,,,,,,,,,1.0,,,,,
3549,XGBClassifier_BASE_HYPER,,,,,,,,,,,,,,,,,,,,,,,,,,,,,,,,,,,,,,0.0005147884687383,,
1528,XGBClassifier_BASE_HYPER,1.0,1.0,,,,,0.0,0.0,,1.0,,0.0,,,0.0,,,,,1.0,,,,,,1.0,,,,,1.0,,,,,,0.0472201422688131,0.0109041557469112,1.0,2014.0
688,XGBClassifier_BASE_HYPER,,1.0,,,,,,,4.0,,,,,,,,,,,,,,,,,1.0,,,,,1.0,,,0.0,,,0.0472201422688131,,4.0,2004.0
2193,XGBClassifier_BASE_HYPER,,,,,,,,,,,,,,,,,,,,,,,,,,,,,,,,,,,,,,,,2014.0
1729,XGBClassifier_BASE_HYPER,,,,,,,,,,,,,,,,,,,,,,,,,,,,,,,,,,,,,0.0419786596780232,0.0005147884687383,,2014.0
3285,XGBClassifier_BASE_HYPER,,,,,,,,,,,,,,,,,,,,,,,,,,,,,,,,,,,,,,,,
2401,XGBClassifier_BASE_HYPER,,,,,,,,,,,,,,,,,,,,,,,,,,,,,,,,,,,,,0.0419786596780232,,,
3798,XGBClassifier_BASE_HYPER,,,,,,,,,,,,,,,,,,,,,,,,,,,,,,,,,,,,,,,,
2376,XGBClassifier_BASE_HYPER,,,,,,,,,1.0,,,,,,,,,,,,,,,,,,,,,,,,,,,,,,,
2449,XGBClassifier_BASE_HYPER,,,,,,,,,,,,,,,,,,,,,,,,,,,,,,,,,,,,,,,,2014.0
1947,XGBClassifier_BASE_HYPER,,,,,,,,,,1.0,,,,,0.0,,,,,,,,1.0,,,,,,,,1.0,,,,,,0.0472201422688131,,3.0,2016.0
2897,XGBClassifier_BASE_HYPER,,,,,,,,,,,,,,,,,,,,,,,,,,,,,,,,,,,,,,,,
1011,XGBClassifier_BASE_HYPER,,,,,,,0.0,,,,,,,,,,,,,,,,,,,,,,,,,,,,1.0,,,,0.0,
1044,XGBClassifier_BASE_HYPER,,,,,,,,,,,,,,,,,,,,,,,,,,,,,,,,,,,,,0.0861100711344066,,,2014.0
1598,XGBClassifier_BASE_HYPER,,1.0,,,1.0,0.0,0.0,0.0,3.0,1.0,,,,1.0,0.0,,,,,,1.0,0.0,,,1.0,1.0,1.0,,1.0,,1.0,,,,,,0.0472201422688131,0.0211063272182703,0.0,2010.0
762,XGBClassifier_BASE_HYPER,,,,,,,,,,,,,,,,,,,,,,,,,,,,,,,,,,,,,0.0861100711344066,,,
212,XGBClassifier_BASE_HYPER,,,,,,,,0.0,2.0,1.0,,,,1.0,0.0,,,,,,,,,,,1.0,,,,,1.0,,,,,,0.0472201422688131,0.0211063272182703,,2010.0
1626,XGBClassifier_BASE_HYPER,,,,,,,,,,,,,,,,,,,,,,,,,,,,,,,,,,,,,,,,
261,XGBClassifier_BASE_HYPER,,,,,,,,,,,,,,,,,,,,,,,,,,,,,,,,,,,,,0.2119992512167727,,,
3344,XGBClassifier_BASE_HYPER,,,,,,0.0,,,,1.0,,,,,,,,,,,,,,,,,,,,,1.0,,,0.0,,,0.0472201422688131,0.0211063272182703,0.0,2010.0
651,XGBClassifier_BASE_HYPER,1.0,,,,,,1.0,,,1.0,,,,,0.0,,,,,,,,,,,1.0,,,,,1.0,,,,,,0.0472201422688131,0.037298764507675,1.0,
1721,XGBClassifier_BASE_HYPER,,,,,,,,,,,,,,,,,,,,,,,,,,,,,,,,,,,,,,,,
4177,GradientBoostingClassifier_BASE_HYPER,0.0,,,,,0.0,1.0,0.0,,1.0,,,,,0.0,,,,,,,,1.0,,,1.0,,,,,1.0,,0.0,,,,0.0472201422688131,0.0211063272182703,0.0,2010.0
1031,GradientBoostingClassifier_BASE_HYPER,,,,,,,,,,,,,,,,,,,,,,,,,,,,,,,,,,,,,0.0419786596780232,0.0818513665293897,,
705,GradientBoostingClassifier_BASE_HYPER,,,,,,,,,,,,,,,,,,,,,,,,,,,,,,,,,,,,,,,,
393,GradientBoostingClassifier_BASE_HYPER,,,,,,,,,,,,,,,,,,,,,,,,,,,,,,,,,,,,,0.0419786596780232,,,
117,GradientBoostingClassifier_BASE_HYPER,,,,,,,,,,,,,,,,,,,,,,,,,,,,,,,,,,,,,,,,
1531,GradientBoostingClassifier_BASE_HYPER,,,,,,,,,,,,,,,,,,,,,,,,,,,,,,,,,,,,,,,,
1957,GradientBoostingClassifier_BASE_HYPER,,,,,,,1.0,0.0,,1.0,,,,1.0,0.0,,,,,,,,1.0,,,,1.0,,,,1.0,,,,,,0.0472201422688131,0.0211063272182703,4.0,2010.0
1778,GradientBoostingClassifier_BASE_HYPER,,,,,,,,,,,,,,,,,,,,,,,,,,,,,,,,,,,,,0.0419786596780232,,,
1715,GradientBoostingClassifier_BASE_HYPER,,,,,,,,,,,,,,,,,,,,,,,,,,,,,,,,,,,,,0.0419786596780232,,,
2855,GradientBoostingClassifier_BASE_HYPER,,,,,,0.0,1.0,0.0,,,,,,1.0,0.0,1.0,,,,,,,1.0,,,,1.0,,,,1.0,,,,,,0.0472201422688131,0.0211063272182703,4.0,2006.0
1699,GradientBoostingClassifier_BASE_HYPER,,,,,,,,,,,,,,,,,,,,,,,,,,,,,,,,,,,,,0.0181579932609509,,,
216,GradientBoostingClassifier_BASE_HYPER,,,,,,,,,,,,,,,,,,,,,,,,,,,,,,,,,,,,,,,,
2072,GradientBoostingClassifier_BASE_HYPER,,,,,,,,,,,,,,,,,,,,,,,,,,,,,,,,,,,,,0.0419786596780232,,,
472,GradientBoostingClassifier_BASE_HYPER,,,,,,,,,,,,,,,,,,,,,,,,,,,,,,,,,,,,,,,,
2804,GradientBoostingClassifier_BASE_HYPER,,,,,,,,,,,,,,,,,,,,,,,,,,,,,,,,,,,,,0.0861100711344066,,,
1398,GradientBoostingClassifier_BASE_HYPER,,,,,,,,,,1.0,,,,1.0,0.0,,,,,,,,,,,,,,,,,,,,,,0.0472201422688131,0.0211063272182703,,
2984,GradientBoostingClassifier_BASE_HYPER,,,,,,,,,,,,,,,,,,,,,,,,,,,,,,,,,,,,,,,,
3059,GradientBoostingClassifier_BASE_HYPER,,,,,,,,,,,,,,,,,,,,,,,,,,,,,,,,,,,,,0.0419786596780232,,,
3947,GradientBoostingClassifier_BASE_HYPER,1.0,,,,,0.0,1.0,0.0,,1.0,,,,1.0,0.0,,,,,,,,,,,,1.0,,,,1.0,,,,,,0.0472201422688131,0.0211063272182703,1.0,2010.0
3047,GradientBoostingClassifier_BASE_HYPER,,,,,,,,,,,,,,,,,,,,,,,,,,,,,,,,,,,,,,,,
261,GradientBoostingClassifier_BASE_HYPER,,,,,,,,,,,,,,,,,,,,,,,,,,,,,,,,,,,,,0.0419786596780232,,,
3518,GradientBoostingClassifier_BASE_HYPER,,1.0,,,,1.0,0.0,,2.0,,,,,,,,,,,,,,,,,,,,,,,,,1.0,1.0,,0.0419786596780232,0.0005147884687383,,
2914,GradientBoostingClassifier_BASE_HYPER,,,,,,,,,,,,,,,,,,,,,,,,,,,,,,,,,,,,,,,,
3832,GradientBoostingClassifier_BASE_HYPER,,,,,,,,,,,,,,,,,,,,,,,,,,,,,,,,,,,,,,,,
1588,GradientBoostingClassifier_BASE_HYPER,,,,,,,,,,,,,,,,,,,,,,,,,,,,,,,,,,,,,,,,
2361,GradientBoostingClassifier_BASE_HYPER,,,,,,,,,,,,,,,,,,,,,,,,,,,,,,,,,,,,,,,,
2753,GradientBoostingClassifier_BASE_HYPER,,,,,,,,,,,,,,,,,,,,,,,,,,,,,,,,,,,,,0.0419786596780232,,,2015.0
2802,GradientBoostingClassifier_BASE_HYPER,,,,,,,,,,,,,,,,,,,,,,,,,,,,,,,,,,,,,,0.0818513665293897,,
579,GradientBoostingClassifier_BASE_HYPER,,,,,,,,,,,,,,,,,,,,,,,,,,,,,,,,,,,,,,,,
4217,GradientBoostingClassifier_BASE_HYPER,1.0,1.0,,,1.0,0.0,1.0,0.0,4.0,,,,,,0.0,1.0,,,,,,,,,,1.0,1.0,,1.0,,1.0,,,,,,0.0472201422688131,0.0211063272182703,1.0,2010.0
343,GradientBoostingClassifier_BASE_HYPER,,,,,,,,,,,,,,,,,,,,,,,,,,,,,1.0,,,,,,,,,,,
3711,GradientBoostingClassifier_BASE_HYPER,,,,,,,,,,,,,,,,,,,,,,,,,,,,,1.0,,,,,,,,,,,
244,GradientBoostingClassifier_BASE_HYPER,,1.0,,,,,,,1.0,,,,,,,,,,,,,,,1.0,,1.0,,,1.0,,,,,,,,0.2119992512167727,0.0818513665293897,,2011.0
3257,GradientBoostingClassifier_BASE_HYPER,1.0,,,,,,,0.0,,1.0,,,,1.0,0.0,,,,,,,,,,,,,,,,1.0,,,,,,0.0472201422688131,0.0211063272182703,3.0,2006.0
3292,GradientBoostingClassifier_BASE_HYPER,,1.0,,,,,,,,,,,,,,,,,,,,,,,,,,,1.0,,,,,,,,0.0419786596780232,,,2014.0
1811,GradientBoostingClassifier_BASE_HYPER,,1.0,,,,,,,,,,,,,,,,,,,,,,,,,,,1.0,,,,,,1.0,,,,,2013.0
3741,GradientBoostingClassifier_BASE_HYPER,,1.0,,,,,,,1.0,,,,,,,,,,,,,,,,,1.0,,,1.0,,,,,,,,0.0419786596780232,,,2014.0
74,GradientBoostingClassifier_BASE_HYPER,,,,,,,,,,,,,,,,,,,,,,,,,,,,,,,,,,,,,,,,
3351,GradientBoostingClassifier_BASE_HYPER,,,,,,,,,,,,,,,,,,,,,,,,,,,,,,,,,,,,,,0.0818513665293897,,
1335,GradientBoostingClassifier_BASE_HYPER,,,,,,,,,,,,,,,,,,,,,,,,,,,,,,,,,,,,,,,,
2648,GradientBoostingClassifier_BASE_HYPER,,,,,,,,,,,,,,,,,,,,,,,,,,,,,,,,,,,,,0.0419786596780232,,,
746,GradientBoostingClassifier_BASE_HYPER,,1.0,,,,,,,4.0,,,,,,,,,,,,,,,1.0,,1.0,,,1.0,,,,,1.0,1.0,0.0,,,1.0,2014.0
724,GradientBoostingClassifier_BASE_HYPER,,,,,,,1.0,0.0,,1.0,,,,1.0,0.0,,,,,,,,1.0,,,,1.0,,,,1.0,,,,,,0.0472201422688131,0.0211063272182703,4.0,2010.0
1171,GradientBoostingClassifier_BASE_HYPER,,1.0,,,,,,,1.0,,,0.0,,1.0,,,,,,,,,,1.0,,1.0,,,1.0,,1.0,,,1.0,,0.0,0.2119992512167727,0.0818513665293897,,2014.0
4086,GradientBoostingClassifier_BASE_HYPER,,,,,,,,,,,,,,,,,,,,,,,,,,,,,,,,,,,,,0.2119992512167727,,,
1714,GradientBoostingClassifier_BASE_HYPER,,,,,,,0.0,,,,,,,,,,,,,,,,,,,,,,,,,,,,,,0.0419786596780232,,,
3654,GradientBoostingClassifier_BASE_HYPER,,,,,,,,,,,,,,,,,,,,,,,,,,,,,,,,,,,,,0.0419786596780232,,,
2318,GradientBoostingClassifier_BASE_HYPER,,,,,,,,,,,,,,,,,,,,,,,,,,,,,1.0,,,,,,,,0.2119992512167727,,,2015.0
598,GradientBoostingClassifier_BASE_HYPER,,,,,,,,,,,,,,,1.0,,,,,,,,,,,,,,,,,,,,,,,,,
4240,GradientBoostingClassifier_BASE_HYPER,,,,,,,,,,,,,,,,,,,,,,,,,,,,,,,,,,,,,,,,
121,GradientBoostingClassifier_BASE_HYPER,,,,,,,,,,,,,,,,,,,,,,,,,,,,,,,,,,,,,,,,
285,GradientBoostingClassifier_BASE_HYPER,,,,,,,,,1.0,,,,,,,,,,,,,,,1.0,,,,,,,,,,,,,0.0419786596780232,0.0818513665293897,,2013.0
966,GradientBoostingClassifier_BASE_HYPER,,,,,,,0.0,,,3.0,,,,,,,,,,,,,,1.0,1.0,,,,1.0,,,,,1.0,1.0,,,,,2014.0
3187,GradientBoostingClassifier_BASE_HYPER,,,,,,,,,,,,,,,1.0,,,,,,,,,,,,,,,,,,,,,,,,,
2419,GradientBoostingClassifier_BASE_HYPER,,,,,,,,,,,,,,,,,,,,,,,,,,1.0,,,,,,,,,1.0,,0.0419786596780232,,,2016.0
913,GradientBoostingClassifier_BASE_HYPER,,,,,,,,1.0,3.0,,,,,,1.0,,,,,,,,1.0,1.0,,,,,,,,,,,,,0.0419786596780232,0.0818513665293897,3.0,2015.0
3363,GradientBoostingClassifier_BASE_HYPER,,,,,,,,,,,,,,,1.0,,,,,,,,1.0,1.0,,,,,,,,,,,,,,,,
1047,GradientBoostingClassifier_BASE_HYPER,,1.0,,,,,,,1.0,,,,,,,,,,,,,,,1.0,,1.0,,,1.0,,,,,1.0,,,0.2119992512167727,0.0005147884687383,,2011.0
3594,GradientBoostingClassifier_BASE_HYPER,,,,,,,,,,1.0,,,,1.0,0.0,,,,,,,,,,,,,,,,,,,,,,0.0472201422688131,0.0211063272182703,4.0,
1034,GradientBoostingClassifier_BASE_HYPER,,,,,,,,,,,,,,,,,,,,,,,,,,,,,1.0,,,,,,,,,,,
584,GradientBoostingClassifier_BASE_HYPER,,,,,,,1.0,,,1.0,,,,,0.0,,,,,,,,,,,,,,1.0,,1.0,,,,,,0.0472201422688131,,1.0,
4085,GradientBoostingClassifier_BASE_HYPER,,,,,,,,,,,,,,,,,,,,,,,,1.0,,,,,,,,,,,,,0.0419786596780232,0.0818513665293897,,
2014,GradientBoostingClassifier_BASE_HYPER,,,,,,,,,,,,,,,0.0,,,,,,,,,,,,,,,,,,,,,,0.0472201422688131,0.0211063272182703,4.0,
2129,GradientBoostingClassifier_BASE_HYPER,,,,,,,,,,,,,,,,,,,,,,,,,,,,,,,,,,,,,,,,
823,GradientBoostingClassifier_BASE_HYPER,,,,,,,,,,,,,,,,,,,,,,,,,,,,,,,,,,,,,,,,
710,GradientBoostingClassifier_BASE_HYPER,,,,,,,,,,,,,,,,,,,,,,,,,,,,,,,,,,,,,0.0419786596780232,,,
459,GradientBoostingClassifier_BASE_HYPER,,,,,,,,,,,,,,,,,,,,,,,,,,,,,,,,,,,,,,,,
2009,GradientBoostingClassifier_BASE_HYPER,,,,,,,,0.0,,,,,,,0.0,,,,,,,,,,,,,,,,,,,,,,0.0472201422688131,0.0211063272182703,4.0,
2658,GradientBoostingClassifier_BASE_HYPER,,,,,,,,,,,,,,,,,,,,,,,,,,,,,,,,,,,,,,,,
1528,GradientBoostingClassifier_BASE_HYPER,1.0,,,,1.0,0.0,,0.0,4.0,1.0,,0.0,,1.0,0.0,1.0,,,,1.0,1.0,,,,,1.0,1.0,,1.0,,1.0,,0.0,,,,0.0472201422688131,0.0211063272182703,1.0,2010.0
451,GradientBoostingClassifier_BASE_HYPER,,1.0,,,,,,,,,,,,,,,,,,,,,,,,,,,1.0,,,,,,,,,,,2014.0
1196,GradientBoostingClassifier_BASE_HYPER,,1.0,,,,,,,,,,,,,,,,,,,,,,,,,,,1.0,,,,,,,,0.2119992512167727,,,2014.0
4177,GradientBoostingClassifier_HYPERPARAMETER_HYPERPARAMETER,0.0,,,,,0.0,1.0,0.0,,1.0,,,,,0.0,,,,,,,,1.0,,,1.0,,,,,1.0,,0.0,,,,0.0472201422688131,0.0211063272182703,0.0,2010.0
1031,GradientBoostingClassifier_HYPERPARAMETER_HYPERPARAMETER,,,,,,,,,,,,,,,,,,,,,,,,,,,,,,,,,,,,,0.0419786596780232,0.0818513665293897,,
705,GradientBoostingClassifier_HYPERPARAMETER_HYPERPARAMETER,,,,,,,,,,,,,,,,,,,,,,,,,,,,,,,,,,,,,,,,
393,GradientBoostingClassifier_HYPERPARAMETER_HYPERPARAMETER,,,,,,,,,,,,,,,,,,,,,,,,,,,,,,,,,,,,,0.0419786596780232,,,
117,GradientBoostingClassifier_HYPERPARAMETER_HYPERPARAMETER,,,,,,,,,,,,,,,,,,,,,,,,,,,,,,,,,,,,,,,,
1531,GradientBoostingClassifier_HYPERPARAMETER_HYPERPARAMETER,,,,,,,,,,,,,,,,,,,,,,,,,,,,,,,,,,,,,,,,
1957,GradientBoostingClassifier_HYPERPARAMETER_HYPERPARAMETER,,,,,,,1.0,0.0,,1.0,,,,1.0,0.0,,,,,,,,1.0,,,,1.0,,,,1.0,,,,,,0.0472201422688131,0.0211063272182703,4.0,2010.0
1778,GradientBoostingClassifier_HYPERPARAMETER_HYPERPARAMETER,,,,,,,,,,,,,,,,,,,,,,,,,,,,,,,,,,,,,0.0419786596780232,,,
1715,GradientBoostingClassifier_HYPERPARAMETER_HYPERPARAMETER,,,,,,,,,,,,,,,,,,,,,,,,,,,,,,,,,,,,,0.0419786596780232,,,
2855,GradientBoostingClassifier_HYPERPARAMETER_HYPERPARAMETER,,,,,,0.0,1.0,0.0,,,,,,1.0,0.0,1.0,,,,,,,1.0,,,,1.0,,,,1.0,,,,,,0.0472201422688131,0.0211063272182703,4.0,2006.0
1699,GradientBoostingClassifier_HYPERPARAMETER_HYPERPARAMETER,,,,,,,,,,,,,,,,,,,,,,,,,,,,,,,,,,,,,0.0181579932609509,,,
216,GradientBoostingClassifier_HYPERPARAMETER_HYPERPARAMETER,,,,,,,,,,,,,,,,,,,,,,,,,,,,,,,,,,,,,,,,
2072,GradientBoostingClassifier_HYPERPARAMETER_HYPERPARAMETER,,,,,,,,,,,,,,,,,,,,,,,,,,,,,,,,,,,,,0.0419786596780232,,,
472,GradientBoostingClassifier_HYPERPARAMETER_HYPERPARAMETER,,,,,,,,,,,,,,,,,,,,,,,,,,,,,,,,,,,,,,,,
2804,GradientBoostingClassifier_HYPERPARAMETER_HYPERPARAMETER,,,,,,,,,,,,,,,,,,,,,,,,,,,,,,,,,,,,,0.0861100711344066,,,
1398,GradientBoostingClassifier_HYPERPARAMETER_HYPERPARAMETER,,,,,,,,,,1.0,,,,1.0,0.0,,,,,,,,,,,,,,,,,,,,,,0.0472201422688131,0.0211063272182703,,
2984,GradientBoostingClassifier_HYPERPARAMETER_HYPERPARAMETER,,,,,,,,,,,,,,,,,,,,,,,,,,,,,,,,,,,,,,,,
3059,GradientBoostingClassifier_HYPERPARAMETER_HYPERPARAMETER,,,,,,,,,,,,,,,,,,,,,,,,,,,,,,,,,,,,,0.0419786596780232,,,
3947,GradientBoostingClassifier_HYPERPARAMETER_HYPERPARAMETER,1.0,,,,,0.0,1.0,0.0,,1.0,,,,1.0,0.0,,,,,,,,,,,,1.0,,,,1.0,,,,,,0.0472201422688131,0.0211063272182703,1.0,2010.0
3047,GradientBoostingClassifier_HYPERPARAMETER_HYPERPARAMETER,,,,,,,,,,,,,,,,,,,,,,,,,,,,,,,,,,,,,,,,
261,GradientBoostingClassifier_HYPERPARAMETER_HYPERPARAMETER,,,,,,,,,,,,,,,,,,,,,,,,,,,,,,,,,,,,,0.0419786596780232,,,
3518,GradientBoostingClassifier_HYPERPARAMETER_HYPERPARAMETER,,1.0,,,,1.0,0.0,,2.0,,,,,,,,,,,,,,,,,,,,,,,,,1.0,1.0,,0.0419786596780232,0.0005147884687383,,
2914,GradientBoostingClassifier_HYPERPARAMETER_HYPERPARAMETER,,,,,,,,,,,,,,,,,,,,,,,,,,,,,,,,,,,,,,,,
3832,GradientBoostingClassifier_HYPERPARAMETER_HYPERPARAMETER,,,,,,,,,,,,,,,,,,,,,,,,,,,,,,,,,,,,,,,,
1588,GradientBoostingClassifier_HYPERPARAMETER_HYPERPARAMETER,,,,,,,,,,,,,,,,,,,,,,,,,,,,,,,,,,,,,,,,
2361,GradientBoostingClassifier_HYPERPARAMETER_HYPERPARAMETER,,,,,,,,,,,,,,,,,,,,,,,,,,,,,,,,,,,,,,,,
2753,GradientBoostingClassifier_HYPERPARAMETER_HYPERPARAMETER,,,,,,,,,,,,,,,,,,,,,,,,,,,,,,,,,,,,,0.0419786596780232,,,2015.0
2802,GradientBoostingClassifier_HYPERPARAMETER_HYPERPARAMETER,,,,,,,,,,,,,,,,,,,,,,,,,,,,,,,,,,,,,,0.0818513665293897,,
579,GradientBoostingClassifier_HYPERPARAMETER_HYPERPARAMETER,,,,,,,,,,,,,,,,,,,,,,,,,,,,,,,,,,,,,,,,
4217,GradientBoostingClassifier_HYPERPARAMETER_HYPERPARAMETER,1.0,1.0,,,1.0,0.0,1.0,0.0,4.0,,,,,,0.0,1.0,,,,,,,,,,1.0,1.0,,1.0,,1.0,,,,,,0.0472201422688131,0.0211063272182703,1.0,2010.0
343,GradientBoostingClassifier_HYPERPARAMETER_HYPERPARAMETER,,,,,,,,,,,,,,,,,,,,,,,,,,,,,1.0,,,,,,,,,,,
3711,GradientBoostingClassifier_HYPERPARAMETER_HYPERPARAMETER,,,,,,,,,,,,,,,,,,,,,,,,,,,,,1.0,,,,,,,,,,,
244,GradientBoostingClassifier_HYPERPARAMETER_HYPERPARAMETER,,1.0,,,,,,,1.0,,,,,,,,,,,,,,,1.0,,1.0,,,1.0,,,,,,,,0.2119992512167727,0.0818513665293897,,2011.0
3257,GradientBoostingClassifier_HYPERPARAMETER_HYPERPARAMETER,1.0,,,,,,,0.0,,1.0,,,,1.0,0.0,,,,,,,,,,,,,,,,1.0,,,,,,0.0472201422688131,0.0211063272182703,3.0,2006.0
3292,GradientBoostingClassifier_HYPERPARAMETER_HYPERPARAMETER,,1.0,,,,,,,,,,,,,,,,,,,,,,,,,,,1.0,,,,,,,,0.0419786596780232,,,2014.0
1811,GradientBoostingClassifier_HYPERPARAMETER_HYPERPARAMETER,,1.0,,,,,,,,,,,,,,,,,,,,,,,,,,,1.0,,,,,,1.0,,,,,2013.0
3741,GradientBoostingClassifier_HYPERPARAMETER_HYPERPARAMETER,,1.0,,,,,,,1.0,,,,,,,,,,,,,,,,,1.0,,,1.0,,,,,,,,0.0419786596780232,,,2014.0
74,GradientBoostingClassifier_HYPERPARAMETER_HYPERPARAMETER,,,,,,,,,,,,,,,,,,,,,,,,,,,,,,,,,,,,,,,,
3351,GradientBoostingClassifier_HYPERPARAMETER_HYPERPARAMETER,,,,,,,,,,,,,,,,,,,,,,,,,,,,,,,,,,,,,,0.0818513665293897,,
1335,GradientBoostingClassifier_HYPERPARAMETER_HYPERPARAMETER,,,,,,,,,,,,,,,,,,,,,,,,,,,,,,,,,,,,,,,,
2648,GradientBoostingClassifier_HYPERPARAMETER_HYPERPARAMETER,,,,,,,,,,,,,,,,,,,,,,,,,,,,,,,,,,,,,0.0419786596780232,,,
746,GradientBoostingClassifier_HYPERPARAMETER_HYPERPARAMETER,,1.0,,,,,,,4.0,,,,,,,,,,,,,,,1.0,,1.0,,,1.0,,,,,1.0,1.0,0.0,,,1.0,2014.0
724,GradientBoostingClassifier_HYPERPARAMETER_HYPERPARAMETER,,,,,,,1.0,0.0,,1.0,,,,1.0,0.0,,,,,,,,1.0,,,,1.0,,,,1.0,,,,,,0.0472201422688131,0.0211063272182703,4.0,2010.0
1171,GradientBoostingClassifier_HYPERPARAMETER_HYPERPARAMETER,,1.0,,,,,,,1.0,,,0.0,,1.0,,,,,,,,,,1.0,,1.0,,,1.0,,1.0,,,1.0,,0.0,0.2119992512167727,0.0818513665293897,,2014.0
4086,GradientBoostingClassifier_HYPERPARAMETER_HYPERPARAMETER,,,,,,,,,,,,,,,,,,,,,,,,,,,,,,,,,,,,,0.2119992512167727,,,
1714,GradientBoostingClassifier_HYPERPARAMETER_HYPERPARAMETER,,,,,,,0.0,,,,,,,,,,,,,,,,,,,,,,,,,,,,,,0.0419786596780232,,,
3654,GradientBoostingClassifier_HYPERPARAMETER_HYPERPARAMETER,,,,,,,,,,,,,,,,,,,,,,,,,,,,,,,,,,,,,0.0419786596780232,,,
2318,GradientBoostingClassifier_HYPERPARAMETER_HYPERPARAMETER,,,,,,,,,,,,,,,,,,,,,,,,,,,,,1.0,,,,,,,,0.2119992512167727,,,2015.0
598,GradientBoostingClassifier_HYPERPARAMETER_HYPERPARAMETER,,,,,,,,,,,,,,,1.0,,,,,,,,,,,,,,,,,,,,,,,,,
4240,GradientBoostingClassifier_HYPERPARAMETER_HYPERPARAMETER,,,,,,,,,,,,,,,,,,,,,,,,,,,,,,,,,,,,,,,,
121,GradientBoostingClassifier_HYPERPARAMETER_HYPERPARAMETER,,,,,,,,,,,,,,,,,,,,,,,,,,,,,,,,,,,,,,,,
285,GradientBoostingClassifier_HYPERPARAMETER_HYPERPARAMETER,,,,,,,,,1.0,,,,,,,,,,,,,,,1.0,,,,,,,,,,,,,0.0419786596780232,0.0818513665293897,,2013.0
966,GradientBoostingClassifier_HYPERPARAMETER_HYPERPARAMETER,,,,,,,0.0,,,3.0,,,,,,,,,,,,,,1.0,1.0,,,,1.0,,,,,1.0,1.0,,,,,2014.0
3187,GradientBoostingClassifier_HYPERPARAMETER_HYPERPARAMETER,,,,,,,,,,,,,,,1.0,,,,,,,,,,,,,,,,,,,,,,,,,
2419,GradientBoostingClassifier_HYPERPARAMETER_HYPERPARAMETER,,,,,,,,,,,,,,,,,,,,,,,,,,1.0,,,,,,,,,1.0,,0.0419786596780232,,,2016.0
913,GradientBoostingClassifier_HYPERPARAMETER_HYPERPARAMETER,,,,,,,,1.0,3.0,,,,,,1.0,,,,,,,,1.0,1.0,,,,,,,,,,,,,0.0419786596780232,0.0818513665293897,3.0,2015.0
3363,GradientBoostingClassifier_HYPERPARAMETER_HYPERPARAMETER,,,,,,,,,,,,,,,1.0,,,,,,,,1.0,1.0,,,,,,,,,,,,,,,,
1047,GradientBoostingClassifier_HYPERPARAMETER_HYPERPARAMETER,,1.0,,,,,,,1.0,,,,,,,,,,,,,,,1.0,,1.0,,,1.0,,,,,1.0,,,0.2119992512167727,0.0005147884687383,,2011.0
3594,GradientBoostingClassifier_HYPERPARAMETER_HYPERPARAMETER,,,,,,,,,,1.0,,,,1.0,0.0,,,,,,,,,,,,,,,,,,,,,,0.0472201422688131,0.0211063272182703,4.0,
1034,GradientBoostingClassifier_HYPERPARAMETER_HYPERPARAMETER,,,,,,,,,,,,,,,,,,,,,,,,,,,,,1.0,,,,,,,,,,,
584,GradientBoostingClassifier_HYPERPARAMETER_HYPERPARAMETER,,,,,,,1.0,,,1.0,,,,,0.0,,,,,,,,,,,,,,1.0,,1.0,,,,,,0.0472201422688131,,1.0,
4085,GradientBoostingClassifier_HYPERPARAMETER_HYPERPARAMETER,,,,,,,,,,,,,,,,,,,,,,,,1.0,,,,,,,,,,,,,0.0419786596780232,0.0818513665293897,,
2014,GradientBoostingClassifier_HYPERPARAMETER_HYPERPARAMETER,,,,,,,,,,,,,,,0.0,,,,,,,,,,,,,,,,,,,,,,0.0472201422688131,0.0211063272182703,4.0,
2129,GradientBoostingClassifier_HYPERPARAMETER_HYPERPARAMETER,,,,,,,,,,,,,,,,,,,,,,,,,,,,,,,,,,,,,,,,
823,GradientBoostingClassifier_HYPERPARAMETER_HYPERPARAMETER,,,,,,,,,,,,,,,,,,,,,,,,,,,,,,,,,,,,,,,,
710,GradientBoostingClassifier_HYPERPARAMETER_HYPERPARAMETER,,,,,,,,,,,,,,,,,,,,,,,,,,,,,,,,,,,,,0.0419786596780232,,,
459,GradientBoostingClassifier_HYPERPARAMETER_HYPERPARAMETER,,,,,,,,,,,,,,,,,,,,,,,,,,,,,,,,,,,,,,,,
2009,GradientBoostingClassifier_HYPERPARAMETER_HYPERPARAMETER,,,,,,,,0.0,,,,,,,0.0,,,,,,,,,,,,,,,,,,,,,,0.0472201422688131,0.0211063272182703,4.0,
2658,GradientBoostingClassifier_HYPERPARAMETER_HYPERPARAMETER,,,,,,,,,,,,,,,,,,,,,,,,,,,,,,,,,,,,,,,,
1528,GradientBoostingClassifier_HYPERPARAMETER_HYPERPARAMETER,1.0,,,,1.0,0.0,,0.0,4.0,1.0,,0.0,,1.0,0.0,1.0,,,,1.0,1.0,,,,,1.0,1.0,,1.0,,1.0,,0.0,,,,0.0472201422688131,0.0211063272182703,1.0,2010.0
451,GradientBoostingClassifier_HYPERPARAMETER_HYPERPARAMETER,,1.0,,,,,,,,,,,,,,,,,,,,,,,,,,,1.0,,,,,,,,,,,2014.0
1196,GradientBoostingClassifier_HYPERPARAMETER_HYPERPARAMETER,,1.0,,,,,,,,,,,,,,,,,,,,,,,,,,,1.0,,,,,,,,0.2119992512167727,,,2014.0
132,GradientBoostingClassifier_NONE_BASE_LINE_VALUES,,,,,,,,,,,,,,,,,,,,,,,,,,,,,,,,,,,,,,,,
3742,GradientBoostingClassifier_NONE_BASE_LINE_VALUES,,,,,,,,,,,,,,,,,,,,,,,,,,,,,,,,,,,,,,,,
675,GradientBoostingClassifier_NONE_BASE_LINE_VALUES,,,,,,,0.0,,,,,,,,,,,,,,,,,,,,,,,,,,,,1.0,,,,,2015.0
39,GradientBoostingClassifier_NONE_BASE_LINE_VALUES,,,,,,,,,,,,,,,,,,,,,,,,,,,,,,,,,,,,,,,,
1361,GradientBoostingClassifier_NONE_BASE_LINE_VALUES,,,,,,,,,,,,,,,,,,,,,,,,,,,,,,,,,,,,,,,,
4249,GradientBoostingClassifier_NONE_BASE_LINE_VALUES,,,,,,,,,,,,,,,,,,,,,,,,,,,,,,,,,,,,,,,,
352,GradientBoostingClassifier_NONE_BASE_LINE_VALUES,,,,,,,,,,,,,,,,,,,,,,,,,,,,,,,,,,,,,,,,
2454,GradientBoostingClassifier_NONE_BASE_LINE_VALUES,,,,,,,,,,3.0,,,,,,,,,,,,,,,,,,,,,,,,,,,0.0472201422688131,,,2006.0
4091,GradientBoostingClassifier_NONE_BASE_LINE_VALUES,,,,,,,,,,,,,,,,,,,,,,,,,,,,,,,,,,,,,,,,
3922,GradientBoostingClassifier_NONE_BASE_LINE_VALUES,,,,,,,,,,,,,,,,,,,,,,,,,,,,,,,,,,,,,,,,
1720,GradientBoostingClassifier_NONE_BASE_LINE_VALUES,,,,,,,,,1.0,1.0,,,,,,,,,,,,,,1.0,,,,,,,,,,1.0,1.0,,0.0419786596780232,0.0818513665293897,,2014.0
3926,GradientBoostingClassifier_NONE_BASE_LINE_VALUES,,,,,,,,,,,,,,,,,,,,,,,,,,,,,,,,,,,,,,,,
3629,GradientBoostingClassifier_NONE_BASE_LINE_VALUES,,,,,,,,,,,,,,,,,,,,,,,,1.0,,,,,,,,,,,,,0.0419786596780232,,,
2340,GradientBoostingClassifier_NONE_BASE_LINE_VALUES,,,,,,,,,,,,,,,,,,,,,,,,,,,,,,,,,,,,,,,,
1798,GradientBoostingClassifier_NONE_BASE_LINE_VALUES,,,,,,,,,,,,,,,,,,,,,,,,,,,,,1.0,,,,,,,,0.2119992512167727,,,2014.0
3692,GradientBoostingClassifier_NONE_BASE_LINE_VALUES,,,,,,,,,,,,,,,,,,,,,,,,1.0,,,,,,,,,,,,,,,,
2910,GradientBoostingClassifier_NONE_BASE_LINE_VALUES,,1.0,,,,,,,2.0,1.0,,,,,,,,,,,,,,1.0,,,,,,,,,,1.0,1.0,,0.0419786596780232,0.0818513665293897,,2014.0
1634,GradientBoostingClassifier_NONE_BASE_LINE_VALUES,,,,,,,,,,,,,,,,,,,,,,,,,,,,,,,,,,,,,,,,
581,GradientBoostingClassifier_NONE_BASE_LINE_VALUES,,,,,,,,,,,,,,,,,,,,,,,,,,,,,,,,,,,,,,,,
1066,GradientBoostingClassifier_NONE_BASE_LINE_VALUES,,,,,,,,,,,,,,,,,,,,,,,,,,,,,,,,,,,,,,,,
1851,GradientBoostingClassifier_NONE_BASE_LINE_VALUES,,,,,,,,,,,,,,,,,,,,,,,,,,,,,,,,,,,,,,,,
1474,GradientBoostingClassifier_NONE_BASE_LINE_VALUES,,,,,,,,,,,,,,,,,,,,,,,,,,,,,,,,,,,,,,,,
3101,GradientBoostingClassifier_NONE_BASE_LINE_VALUES,,,,,,,0.0,,2.0,,,,,,,,,,,,,,,,,,,,,,,,,,1.0,,,,,2016.0
1103,GradientBoostingClassifier_NONE_BASE_LINE_VALUES,,,,,,,,,,,,,,,,,,,,,,,,,,,,,,,,,,,,,0.0419786596780232,,,
2072,GradientBoostingClassifier_NONE_BASE_LINE_VALUES,,,,,,,,,,,,,,,,,,,,,,,,,,,,,,,,,,,,,,,,
3317,GradientBoostingClassifier_NONE_BASE_LINE_VALUES,,,,,,,,,,,,,,,,,,,,,,,,,,,,,,,,,,,1.0,,,,,2014.0
4010,GradientBoostingClassifier_NONE_BASE_LINE_VALUES,,,,,,,,,,,,,,,,,,,,,,,,,,,,,,,,,,,,,,,,
943,GradientBoostingClassifier_NONE_BASE_LINE_VALUES,,,,,,,,,,,,,,,,,,,,,,,,,,,,,,,,,,,,,,,,
1047,GradientBoostingClassifier_NONE_BASE_LINE_VALUES,,1.0,,,,,,,1.0,,,,,,,,,,,,,,,1.0,,,,,1.0,,,,,,,,0.2119992512167727,0.0038843129913889,,2014.0
1273,GradientBoostingClassifier_NONE_BASE_LINE_VALUES,,,,,,,,,,,,,,,,,,,,,,,,,,,,,,,,,,,,,,0.0038843129913889,,
1576,GradientBoostingClassifier_NONE_BASE_LINE_VALUES,,,,,,,,,,,,,,,,,,,,,,,,,,,,,,,,,,,,,,,,
1827,GradientBoostingClassifier_NONE_BASE_LINE_VALUES,,,,,,,,,,,,,,,1.0,,,,,,,,1.0,,,,,,,,,,,,,,,,,
3369,GradientBoostingClassifier_NONE_BASE_LINE_VALUES,,,,,,,,,,,,,,,,,,,,,,,,,,,,,,,,,,,,,,,,
1175,GradientBoostingClassifier_NONE_BASE_LINE_VALUES,,,,,,,,,,,,,,,1.0,,,,,,,,,,,,,,,,,,,,,,,,,
74,GradientBoostingClassifier_NONE_BASE_LINE_VALUES,,,,,,,,,,,,,,,,,,,,,,,,,,,,,,,,,,,,,,,,
781,GradientBoostingClassifier_NONE_BASE_LINE_VALUES,,,,,,,,,,,,,,,,,,,,,,,,,,,,,,,,,,,,,,,,
1577,GradientBoostingClassifier_NONE_BASE_LINE_VALUES,,,,,,,,,,,,,,,1.0,,,,,,,,,,,,,,1.0,,,,,,,,,,,
1832,GradientBoostingClassifier_NONE_BASE_LINE_VALUES,,,,,,,,,,,,,,,,,,,,,,,,,,,,,,,,,,,,,,,,
4163,GradientBoostingClassifier_NONE_BASE_LINE_VALUES,,,,,,,,,,,,,,,,,,,,,,,,,,,,,,,,,,,,,,,,
490,GradientBoostingClassifier_NONE_BASE_LINE_VALUES,,,,,,,,,,,,,,,,,,,,,,,,,,,,,,,,,,,,,,,,
45,GradientBoostingClassifier_NONE_BASE_LINE_VALUES,,,,,,,,,,,,,,,,,,,,,,,,,,,,,,,,,,,,,,,,
620,GradientBoostingClassifier_NONE_BASE_LINE_VALUES,,,,,,,,,,,,,,,,,,,,,,,,,,,,,,,,,,,1.0,,,,,2015.0
4184,GradientBoostingClassifier_NONE_BASE_LINE_VALUES,,,,,,,,,,,,,,,,,,,,,,,,,,,,,,,,,,,,,0.0419786596780232,,,2016.0
4085,GradientBoostingClassifier_NONE_BASE_LINE_VALUES,,,,,,,,,,,,,,,,,,,,,,,,,,,,,,,,,,,,,,0.0818513665293897,,2015.0
529,GradientBoostingClassifier_NONE_BASE_LINE_VALUES,,,,,,,,,,,,,,,,,,,,,,,,,,,,,,,,,,,,,,,,
592,GradientBoostingClassifier_NONE_BASE_LINE_VALUES,,,,,,,,,,,,,,,,,,,,,,,,,,,,,,,,,,,,,,,,
1146,GradientBoostingClassifier_NONE_BASE_LINE_VALUES,,,,,,,,,,,,,,,,,,,,,,,,,,,,,,,,,,,,,,,,
1811,GradientBoostingClassifier_NONE_BASE_LINE_VALUES,,,,,,,,,,,,,,,,,,,,,,,,,,,,,1.0,,,,,,1.0,,,,,2014.0
2373,GradientBoostingClassifier_NONE_BASE_LINE_VALUES,,,,,,,,,,,,,,,,,,,,,,,,,,,,,,,,,,,,,,,,
3074,GradientBoostingClassifier_NONE_BASE_LINE_VALUES,,,,,,,,,,,,,,,,,,,,,,,,,,,,,,,,,,,,,0.0419786596780232,,,
740,GradientBoostingClassifier_NONE_BASE_LINE_VALUES,,,,,,,,,,,,,,,,,,,,,,,,,,,,,,,,,,,,,0.0419786596780232,,,
2619,GradientBoostingClassifier_NONE_BASE_LINE_VALUES,,,,,,,,,,,,,,,,,,,,,,,,,,,,,,,,,,,,,,,,
217,GradientBoostingClassifier_NONE_BASE_LINE_VALUES,,,,,,,,,,,,,,,,,,,,,,,,,,,,,1.0,,,,,,,,0.2119992512167727,,,2015.0
387,GradientBoostingClassifier_NONE_BASE_LINE_VALUES,,,,,,,,,,,,,,,,,,,,,,,,,,,,,,,,,,,,,,,,
4108,GradientBoostingClassifier_NONE_BASE_LINE_VALUES,,,,,,,,,,,,,,,,,,,,,,,,,,,,,,,,,,,,,,,,2015.0
2728,GradientBoostingClassifier_NONE_BASE_LINE_VALUES,,,,,,,,,,,,,,,,,,,,,,,,,,,,,,,,,,,,,,,,
2872,GradientBoostingClassifier_NONE_BASE_LINE_VALUES,,,,,,,,,,,,,,,,,,,,,,,,,,,,,,,,,,,,,0.2119992512167727,,,
514,GradientBoostingClassifier_NONE_BASE_LINE_VALUES,,,,,,,,,,,,,,,,,,,,,,,,,,,,,,,,,,,,,,,,
1011,GradientBoostingClassifier_NONE_BASE_LINE_VALUES,,,,,,,,,,,,,,,,,,,,,,,,,,,,,,,,,,,,,,,,
281,GradientBoostingClassifier_NONE_BASE_LINE_VALUES,,,,,,,,,,,,,,,,,,,,,,,,,,,,,1.0,,,,,,,,,,,2014.0
4196,GradientBoostingClassifier_NONE_BASE_LINE_VALUES,,,,,,,,,,,,,,,,,,,,,,,,,,,,,,,,,,,,,,,,
502,GradientBoostingClassifier_NONE_BASE_LINE_VALUES,,,,,,,,,,,,,,,,,,,,,,,,,,,,,,,,,,,,,,0.0818513665293897,,2015.0
6,GradientBoostingClassifier_NONE_BASE_LINE_VALUES,,,,,,,,,,,,,,,,,,,,,,,,,,,,,,,,,,,,,0.0419786596780232,,,
1553,GradientBoostingClassifier_NONE_BASE_LINE_VALUES,,,,,,,0.0,,,,,,,,,,,,,,,,,,,,,,,,,,,1.0,1.0,,0.0419786596780232,0.0818513665293897,,2014.0
3779,GradientBoostingClassifier_NONE_BASE_LINE_VALUES,,,,,,,1.0,,,,,,,,0.0,,,,,,,,,,,,,,,,,,,,,,0.0472201422688131,,,
23,GradientBoostingClassifier_NONE_BASE_LINE_VALUES,,,,,,,1.0,,,,,,,,0.0,,,,,,,,,,,,,,,,,,,,,,0.0472201422688131,0.0211063272182703,,
3384,GradientBoostingClassifier_NONE_BASE_LINE_VALUES,,,,,,,,,,1.0,,,,,0.0,,,,,,,,,,,,,,,,,,,,0.0,1.0,0.0472201422688131,0.0211063272182703,3.0,
1329,GradientBoostingClassifier_NONE_BASE_LINE_VALUES,,,,,,,1.0,,,,,,,1.0,0.0,,,,,,,,,,,,,,,,1.0,,,,,,0.0472201422688131,0.0211063272182703,2.0,
696,GradientBoostingClassifier_NONE_BASE_LINE_VALUES,,,,,,0.0,1.0,,,,,,,1.0,0.0,,,,,,,,,,,,,,,,1.0,,,,,,0.0472201422688131,0.0211063272182703,2.0,
4055,GradientBoostingClassifier_NONE_BASE_LINE_VALUES,,,,,,,1.0,,,1.0,,,,,0.0,,,,,,,,,,,,,,,,,,,,,,0.0472201422688131,0.0861100711344066,,
622,GradientBoostingClassifier_NONE_BASE_LINE_VALUES,,,,,,,,,,,,,,,0.0,,,,,,,,,,,,,,,,,,,,,,0.0472201422688131,0.0211063272182703,,2006.0
1009,GradientBoostingClassifier_NONE_BASE_LINE_VALUES,0.0,,,,,0.0,1.0,0.0,4.0,,,,,1.0,0.0,,,,,,,,,,,,,,,,,,,,,,0.0472201422688131,0.0211063272182703,4.0,2006.0
167,RidgeClassifierCV_NONE_BASE_LINE_VALUES,,,,,,,,,,,,,,,,,,,,,,,,,,,,,,,,,,,,,,,,
3637,RidgeClassifierCV_NONE_BASE_LINE_VALUES,,,,,,,,,,1.0,,,,,,,,,,,,,,,,,,,,,,,,,,,,,,
246,RidgeClassifierCV_NONE_BASE_LINE_VALUES,,1.0,,,,,,,,1.0,,,,,,,,,,,,,,1.0,,,,,,,,,,1.0,1.0,,,,,
2705,RidgeClassifierCV_NONE_BASE_LINE_VALUES,,,,,,,,,,,,,,,,,,,,,,,,,,,,,,,,,,,,,,,,
1580,RidgeClassifierCV_NONE_BASE_LINE_VALUES,,,,,,,,,,1.0,,,,,,,,,,,,,,,,,,,,,,,,,,,,,,
3216,RidgeClassifierCV_NONE_BASE_LINE_VALUES,,,,,,,,,,1.0,,,,,,,,,,,,,,,,,,,,,,,,,,,,,,
2706,RidgeClassifierCV_NONE_BASE_LINE_VALUES,,,,,,,,,,,,,,,,,,,,,,,,,,,,,,,,,,,,,,,,
2610,RidgeClassifierCV_NONE_BASE_LINE_VALUES,,,,,,,,,,1.0,,,,,,,,,,,,,,,,,,,,,,,,,,,,,,
3816,RidgeClassifierCV_NONE_BASE_LINE_VALUES,,1.0,,,,,,,,1.0,,,,,,,,,,,,,,1.0,,,,,,,,,,1.0,1.0,,,,,
1434,RidgeClassifierCV_NONE_BASE_LINE_VALUES,,1.0,,,,,0.0,,,1.0,,,,,,,,,,,,,,,,,,,,,,,,,,,,,,
2636,RidgeClassifierCV_NONE_BASE_LINE_VALUES,,1.0,,,,,,,,1.0,,,,,,,,,,,,,,1.0,,,,,,,,,,,,,,,,
387,RidgeClassifierCV_NONE_BASE_LINE_VALUES,,,,,,,,,,1.0,,,,,,,,,,,,,,,,,,,,,,,,,,,,,,
86,RidgeClassifierCV_NONE_BASE_LINE_VALUES,,,,,,,,,,1.0,,,,,,,,,,,,,,,,,,,,,,,,,,,,,,
15,RidgeClassifierCV_NONE_BASE_LINE_VALUES,,,,,,,,,,1.0,,,,,,,,,,,,,,,,,,,,,,,,,,,,,,
2458,RidgeClassifierCV_NONE_BASE_LINE_VALUES,,1.0,,,,,0.0,,,1.0,,,,,,,,,,,,,,1.0,,,,,,,,,,1.0,1.0,,,,,
3047,RidgeClassifierCV_NONE_BASE_LINE_VALUES,,,,,,,,,,,,,,,,,,,,,,,,,,,,,,,,,,,,,,,,
809,RidgeClassifierCV_NONE_BASE_LINE_VALUES,,,,,,,,,,1.0,,,,,,,,,,,,,,,,,,,,,,,,,,,,,,
1433,RidgeClassifierCV_NONE_BASE_LINE_VALUES,,1.0,,,,,,,2.0,1.0,,1.0,,,,,,,,,,,,1.0,,,,,,,,,1.0,1.0,1.0,0.0,,,,2015.0
216,RidgeClassifierCV_NONE_BASE_LINE_VALUES,,,,,,,,,,,,,,,,,,,,,,,,,,,,,,,,,,,,,,,,
3271,RidgeClassifierCV_NONE_BASE_LINE_VALUES,,1.0,,,,,0.0,,2.0,1.0,,,1.0,,,,,,,,,,,1.0,,,,,1.0,,,,1.0,1.0,,,,,,2014.0
3500,RidgeClassifierCV_NONE_BASE_LINE_VALUES,,1.0,,,,,,,1.0,1.0,,,,,,,,,,,,,,1.0,,,,,,,,,,1.0,1.0,,,,,
1858,RidgeClassifierCV_NONE_BASE_LINE_VALUES,,,,,,,,,,,,,,,,,,,,,,,,,,,,,,,,,,,,,,,,
117,RidgeClassifierCV_NONE_BASE_LINE_VALUES,,,,,,,,,,,,,,,,,,,,,,,,,,,,,,,,,,,,,,,,
3810,RidgeClassifierCV_NONE_BASE_LINE_VALUES,,,,,,,,,,1.0,,,,,,,,,,,,,,,,,,,,,,,,,,,,,,
3253,RidgeClassifierCV_NONE_BASE_LINE_VALUES,,,,,1.0,0.0,1.0,,,,,,,,,1.0,,,,1.0,,,,,,,,,,,1.0,,,,0.0,,0.0472201422688131,,3.0,
1190,RidgeClassifierCV_NONE_BASE_LINE_VALUES,,,,,,,,,,1.0,,,,,,,,,,,,,,,,,,,,,,,,,,,,,,
3317,RidgeClassifierCV_NONE_BASE_LINE_VALUES,,,,,,,,,,1.0,,,,,,,,,,,,,,,,,,,,,,,,,,,,,,
3601,RidgeClassifierCV_NONE_BASE_LINE_VALUES,,,,,,,,,,,,,,,,,,,,,,,,,,,,,,,,,,,,,,,,
4120,RidgeClassifierCV_NONE_BASE_LINE_VALUES,,,,,,,,,,,,,,,,,,,,,,,,,,,,,,,,,,,,,,,,
4085,RidgeClassifierCV_NONE_BASE_LINE_VALUES,,1.0,,,,,,,,1.0,,,,,,,,,,,,,,1.0,,,,,,,,,,1.0,1.0,,,0.0818513665293897,,
1358,RidgeClassifierCV_NONE_BASE_LINE_VALUES,,,,,,,,,,,,,,,,,,,,,,,,,,,,,,,,,,,,,,,,
3677,RidgeClassifierCV_NONE_BASE_LINE_VALUES,,,,,,,,,,1.0,,,,,,,,,,,,,,,,,,,,,,,,,,,,,,
1079,RidgeClassifierCV_NONE_BASE_LINE_VALUES,,,,,,,,,,1.0,,,,,,,,,,,,,,,,,,,,,,,,,,,,,,
2732,RidgeClassifierCV_NONE_BASE_LINE_VALUES,,,,,,,,,,1.0,,,,,,,,,,,,,,,,,,,,,,,,,,,,,,
1400,RidgeClassifierCV_NONE_BASE_LINE_VALUES,1.0,,,,1.0,0.0,1.0,0.0,4.0,,,,0.0,1.0,0.0,1.0,,,,1.0,,1.0,1.0,,,1.0,,,,,1.0,,0.0,,,,0.0472201422688131,,1.0,2006.0
448,RidgeClassifierCV_NONE_BASE_LINE_VALUES,,,,,,,,,,,,,,,,,,,,,,,,,,,,,,,,,,,,,,,,
371,RidgeClassifierCV_NONE_BASE_LINE_VALUES,,1.0,,,,,0.0,,1.0,1.0,,,,,,,,,,,,,,1.0,,,,,,,,,,1.0,1.0,,,,,
4086,RidgeClassifierCV_NONE_BASE_LINE_VALUES,,,,,,,,,,1.0,,,,,,,,,,,,,,,,,,,,,,,,,,,,,,
3692,RidgeClassifierCV_NONE_BASE_LINE_VALUES,,,,,,,,,,,,,,,,,,,,,,,,,,,,,,,,,,,,,,,,
3689,RidgeClassifierCV_NONE_BASE_LINE_VALUES,,1.0,,,,,,,,1.0,,,,,,,,,,,,,,,,,,,,,,,,,,,,,,
3820,RidgeClassifierCV_NONE_BASE_LINE_VALUES,,,,,1.0,0.0,1.0,0.0,4.0,,,,0.0,1.0,0.0,1.0,,,,1.0,,,1.0,,1.0,1.0,,,,,1.0,,0.0,,0.0,1.0,0.0472201422688131,,3.0,
613,RidgeClassifierCV_NONE_BASE_LINE_VALUES,,,,,,,,,,,,,,,,,,,,,,,,,,,,,,,,,,,,,,,,
4142,RidgeClassifierCV_NONE_BASE_LINE_VALUES,,,,,,,,,,1.0,,,,,,,,,,,,,,,,,,,,,,,,,,,,,,
284,RidgeClassifierCV_NONE_BASE_LINE_VALUES,,,,,,,,,,1.0,,,,,,,,,,,,,,,,,,,,,,,,,,,,,,
2607,RidgeClassifierCV_NONE_BASE_LINE_VALUES,,,,,,,,,,,,,,,,,,,,,,,,,,,,,,,,,,,,,,,,
3123,RidgeClassifierCV_NONE_BASE_LINE_VALUES,,1.0,,,,,,,2.0,1.0,,,1.0,,,,,,,,0.0,,,1.0,,,,,1.0,,,,1.0,1.0,1.0,0.0,,,,2010.0
4112,RidgeClassifierCV_NONE_BASE_LINE_VALUES,,,,,,,,,,1.0,,,,,,,,,,,,,,,,,,,,,,,,,,,,,,
2245,RidgeClassifierCV_NONE_BASE_LINE_VALUES,,1.0,,,,,,,2.0,1.0,,,1.0,,,,,,,,0.0,,,1.0,,,,,1.0,,,,1.0,1.0,1.0,0.0,,,,2010.0
596,RidgeClassifierCV_NONE_BASE_LINE_VALUES,,,,,,,,,,,,,,,,,,,,,,,,,,,,,,,,,,,,,,,,
2474,RidgeClassifierCV_NONE_BASE_LINE_VALUES,,1.0,,,,,,,,1.0,,,,,,,,,,,,,,1.0,,,,,,,,,,,,,,,0.0,
3984,RidgeClassifierCV_NONE_BASE_LINE_VALUES,,,,,,,,,,1.0,,,,,,,,,,,,,,,,,,,,,,,,,,,,,,
2179,RidgeClassifierCV_NONE_BASE_LINE_VALUES,,,,,,,,,,,,,,,,,,,,,,,,,,,,,,,,,,,,,,,,
1588,RidgeClassifierCV_NONE_BASE_LINE_VALUES,,,,,,,,,,,,,,,,,,,,,,,,,,,,,,,,,,,,,,,,
857,RidgeClassifierCV_NONE_BASE_LINE_VALUES,,,,,,,,,,1.0,,,,,,,,,,,,,,,,,,,,,,,,,,,,,,
2788,RidgeClassifierCV_NONE_BASE_LINE_VALUES,,,,,,,,,,1.0,,,,,,,,,,,,,,,,,,,,,,,,,,,,,,
697,RidgeClassifierCV_NONE_BASE_LINE_VALUES,,,,,,,,,,,,,,,,,,,,,,,,,,,,,,,,,,,,,,,,
4240,RidgeClassifierCV_NONE_BASE_LINE_VALUES,,,,,,,,,,1.0,,,,,,,,,,,,,,,,,,,,,,,,,,,,,,
314,RidgeClassifierCV_NONE_BASE_LINE_VALUES,,,,,,,,,,,,,,,,,,,,,,,,,,,,,,,,,,,,,,,,
3049,RidgeClassifierCV_NONE_BASE_LINE_VALUES,,1.0,,,,,0.0,,,1.0,,,,,,,,,,,,,,1.0,,,,,,,,,1.0,1.0,1.0,,,,,
228,RidgeClassifierCV_NONE_BASE_LINE_VALUES,,1.0,,,,,,,,1.0,,,,,,,,,,,,,,,,,,,,,,,,,,,,,,
675,RidgeClassifierCV_NONE_BASE_LINE_VALUES,,,,,,,,,,,,,,,,,,,,,,,,,,,,,,,,,,,,,,,,
3250,RidgeClassifierCV_NONE_BASE_LINE_VALUES,,,,,,,,,,,,,,,,,,,,,,,,,,,,,,,,,,,,,,,,
2204,RidgeClassifierCV_NONE_BASE_LINE_VALUES,,,,,,,,,,1.0,,,,,,,,,,,,,,,,,,,,,,,,,,,,,,
2792,RidgeClassifierCV_NONE_BASE_LINE_VALUES,,,,,1.0,0.0,1.0,0.0,4.0,,,,0.0,1.0,0.0,1.0,,,,1.0,,1.0,1.0,,1.0,1.0,,,,,1.0,,0.0,,,,0.0472201422688131,0.0211063272182703,2.0,
527,RidgeClassifierCV_NONE_BASE_LINE_VALUES,,,,,,,,,,,,,,,,,,,,,,,,,,,,,,,,,,,,,,,,
1323,RidgeClassifierCV_NONE_BASE_LINE_VALUES,,,,,,,,,,1.0,,,,,,,,,,,,,,,,,,,,,,,,,,,,,,
705,RidgeClassifierCV_NONE_BASE_LINE_VALUES,,,,,,,,,,,,,,,,,,,,,,,,,,,,,,,,,,,,,,,,
1548,RidgeClassifierCV_NONE_BASE_LINE_VALUES,,1.0,,,,,0.0,,,1.0,,,,,,,,,,,,,,1.0,,,,,,,,,,,,,,,,
1007,RidgeClassifierCV_NONE_BASE_LINE_VALUES,,1.0,,,,,,,,1.0,,,,,,,,,,,,,,,,,,,,,,,,,,,,,,
3586,RidgeClassifierCV_NONE_BASE_LINE_VALUES,,,,,,,,,,1.0,,,,,,,,,,,,,,,,,,,,,,,,,,,,,,
3740,RidgeClassifierCV_NONE_BASE_LINE_VALUES,,,,,,,,,,,,,,,,,,,,,,,,,,,,,,,,,,,,,,,,
4235,RidgeClassifierCV_NONE_BASE_LINE_VALUES,,1.0,,,,,0.0,,,1.0,,,,,,,,,,,,,,1.0,,,,,,,,,,1.0,1.0,,,,,
2230,RidgeClassifierCV_NONE_BASE_LINE_VALUES,,1.0,,,,,,,1.0,1.0,,1.0,,,,,,,,,,0.0,,1.0,,,,,1.0,,,,,1.0,,,0.2119992512167727,,0.0,2010.0
3298,RidgeClassifierCV_NONE_BASE_LINE_VALUES,,1.0,,,,,,,,1.0,,,,,,,,,,,,,,,,,,,,,,,,,,,,,,
1026,RidgeClassifierCV_NONE_BASE_LINE_VALUES,,1.0,,,,1.0,0.0,,,1.0,,,,,,,,,,,,,,1.0,,,,,,,,,,1.0,,,,,,
889,RidgeClassifierCV_NONE_BASE_LINE_VALUES,,,,,,,,,,1.0,,,,,,,,,,,,,,,,,,,,,,,,,,,,,,
3456,RidgeClassifierCV_NONE_BASE_LINE_VALUES,,,,,,,,,,1.0,,,,,,,,,,,,,,,,,,,,,,,,,,,,,,
