Metrica,Columna_1,Columna_2,Valor,Ranking
ANOVA F-test,ENC_HOMICIDIO,ENC_ANNO_INGRESO,23.031218762166073,True
ANOVA F-test,ENC_HOMICIDIO,ENC_MESES_CONDENA,31.165493187712975,True
ANOVA F-test,ENC_HURTO,ENC_ANNO_INGRESO,11.431692815222725,True
ANOVA F-test,ENC_HURTO,ENC_MESES_CONDENA,7.793718554551079,True
ANOVA F-test,ENC_FATRAPORTE_ARMAS_MUNICIONES,ENC_ANNO_INGRESO,9.564306623608733,True
ANOVA F-test,ENC_FATRAPORTE_ARMAS_MUNICIONES,ENC_MESES_CONDENA,8.651628077944093,True
ANOVA F-test,ENC_TRAFAPORTE_ESTUPEFACIENTES,ENC_ANNO_INGRESO,6.348699702475712,True
ANOVA F-test,ENC_TRAFAPORTE_ESTUPEFACIENTES,ENC_MESES_CONDENA,12.993535636074922,True
ANOVA F-test,ENC_CONCIERTO_DELINQUIR,ENC_ANNO_INGRESO,9.071954929217863,True
ANOVA F-test,ENC_CONCIERTO_DELINQUIR,ENC_MESES_CONDENA,5.394558562068375,True
ANOVA F-test,ENC_FATRAPORTE_ARMAS_ACCESORIOS_MUNICIONES,ENC_ANNO_INGRESO,3.366099325523867,True
ANOVA F-test,ENC_FATRAPORTE_ARMAS_ACCESORIOS_MUNICIONES,ENC_MESES_CONDENA,3.43233319003215,True
ANOVA F-test,ENC_ACTOS_SEXUALES_MENOR_14,ENC_ANNO_INGRESO,8.949683947507241,True
ANOVA F-test,ENC_ACTOS_SEXUALES_MENOR_14,ENC_MESES_CONDENA,7.487511933197397,True
ANOVA F-test,ENC_ACC_CARNAL_14,ENC_ANNO_INGRESO,2.164690009037899,True
ANOVA F-test,ENC_ACC_CARNAL_14,ENC_MESES_CONDENA,3.599495014684002,True
ANOVA F-test,ENC_INTRAMUROS,ENC_ANNO_INGRESO,9.230250292314068,True
ANOVA F-test,ENC_INTRAMUROS,ENC_MESES_CONDENA,6.009994880557027,True
ANOVA F-test,ENC_RANGOS_EDAD_INPEC,ENC_ANNO_INGRESO,44.40234535952193,True
ANOVA F-test,ENC_RANGOS_EDAD_INPEC,ENC_MESES_CONDENA,3.5337233189481734,True
ANOVA F-test,ENC_GENERO,ENC_ANNO_INGRESO,1.4912932980218174,False
ANOVA F-test,ENC_GENERO,ENC_MESES_CONDENA,1.492613824192746,True
ANOVA F-test,ENC_NIVEL_EDUCATIVO,ENC_ANNO_INGRESO,1.9298905913736741,True
ANOVA F-test,ENC_NIVEL_EDUCATIVO,ENC_MESES_CONDENA,1.003470485631593,False
ANOVA F-test,ENC_REGIONAL_CENTRAL,ENC_ANNO_INGRESO,7.907573805694284,True
ANOVA F-test,ENC_REGIONAL_CENTRAL,ENC_MESES_CONDENA,1.8192316289385426,True
ANOVA F-test,ENC_REGIONAL_OCCIDENTE,ENC_ANNO_INGRESO,6.956991673698387,True
ANOVA F-test,ENC_REGIONAL_OCCIDENTE,ENC_MESES_CONDENA,1.2769341948008144,True
ANOVA F-test,ENC_REGIONAL_NOROESTE,ENC_ANNO_INGRESO,6.8008515310576865,True
ANOVA F-test,ENC_REGIONAL_NOROESTE,ENC_MESES_CONDENA,1.3915606084339356,True
ANOVA F-test,ENC_REGIONAL_NORTE,ENC_ANNO_INGRESO,27.093235940053223,True
ANOVA F-test,ENC_REGIONAL_NORTE,ENC_MESES_CONDENA,2.199884697364345,True
ANOVA F-test,ENC_REGIONAL_ORIENTE,ENC_ANNO_INGRESO,1.7537876531035004,True
ANOVA F-test,ENC_REGIONAL_ORIENTE,ENC_MESES_CONDENA,1.5035030527203312,True
ANOVA F-test,ENC_REGIONAL_VIEJO_CALDAS,ENC_ANNO_INGRESO,44.63773102734731,True
ANOVA F-test,ENC_REGIONAL_VIEJO_CALDAS,ENC_MESES_CONDENA,1.6320642705662596,True
ANOVA F-test,ENC_REINCIDENTE,ENC_ANNO_INGRESO,11.043498691298955,True
ANOVA F-test,ENC_REINCIDENTE,ENC_MESES_CONDENA,1.5336690641700783,True
Chi-cuadrado,ENC_HOMICIDIO,ENC_HURTO,240.82551848314512,True
Chi-cuadrado,ENC_HOMICIDIO,ENC_FATRAPORTE_ARMAS_MUNICIONES,927.108303766609,True
Chi-cuadrado,ENC_HOMICIDIO,ENC_TRAFAPORTE_ESTUPEFACIENTES,1219.0966192979083,True
Chi-cuadrado,ENC_HOMICIDIO,ENC_CONCIERTO_DELINQUIR,11.842288766443104,True
Chi-cuadrado,ENC_HOMICIDIO,ENC_FATRAPORTE_ARMAS_ACCESORIOS_MUNICIONES,0.0,False
Chi-cuadrado,ENC_HOMICIDIO,ENC_ACTOS_SEXUALES_MENOR_14,366.43206185682607,True
Chi-cuadrado,ENC_HOMICIDIO,ENC_ACC_CARNAL_14,85.25469613585125,True
Chi-cuadrado,ENC_HOMICIDIO,ENC_INTRAMUROS,261.8306242071029,True
Chi-cuadrado,ENC_HOMICIDIO,ENC_RANGOS_EDAD_INPEC,153.9422679631638,True
Chi-cuadrado,ENC_HOMICIDIO,ENC_GENERO,181.719500488935,True
Chi-cuadrado,ENC_HOMICIDIO,ENC_NIVEL_EDUCATIVO,49.92881956247064,True
Chi-cuadrado,ENC_HOMICIDIO,ENC_REGIONAL_CENTRAL,2.3598614257780737,False
Chi-cuadrado,ENC_HOMICIDIO,ENC_REGIONAL_OCCIDENTE,27.958047815821246,True
Chi-cuadrado,ENC_HOMICIDIO,ENC_REGIONAL_NOROESTE,53.4191755118722,True
Chi-cuadrado,ENC_HOMICIDIO,ENC_REGIONAL_NORTE,46.2833744417739,True
Chi-cuadrado,ENC_HOMICIDIO,ENC_REGIONAL_ORIENTE,0.09227053704649177,False
Chi-cuadrado,ENC_HOMICIDIO,ENC_REGIONAL_VIEJO_CALDAS,29.312281682596,True
Chi-cuadrado,ENC_HOMICIDIO,ENC_REINCIDENTE,73.86142019758665,True
Chi-cuadrado,ENC_HURTO,ENC_FATRAPORTE_ARMAS_MUNICIONES,9.89689331421906,True
Chi-cuadrado,ENC_HURTO,ENC_TRAFAPORTE_ESTUPEFACIENTES,1517.732945554493,True
Chi-cuadrado,ENC_HURTO,ENC_CONCIERTO_DELINQUIR,318.1034468252862,True
Chi-cuadrado,ENC_HURTO,ENC_FATRAPORTE_ARMAS_ACCESORIOS_MUNICIONES,22.635909151865697,True
Chi-cuadrado,ENC_HURTO,ENC_ACTOS_SEXUALES_MENOR_14,366.98800016129553,True
Chi-cuadrado,ENC_HURTO,ENC_ACC_CARNAL_14,87.10900753649409,True
Chi-cuadrado,ENC_HURTO,ENC_INTRAMUROS,6.477530897198706,True
Chi-cuadrado,ENC_HURTO,ENC_RANGOS_EDAD_INPEC,981.7784381840147,True
Chi-cuadrado,ENC_HURTO,ENC_GENERO,76.81973454512834,True
Chi-cuadrado,ENC_HURTO,ENC_NIVEL_EDUCATIVO,199.17520893269005,True
Chi-cuadrado,ENC_HURTO,ENC_REGIONAL_CENTRAL,291.69038399819954,True
Chi-cuadrado,ENC_HURTO,ENC_REGIONAL_OCCIDENTE,68.72641690771994,True
Chi-cuadrado,ENC_HURTO,ENC_REGIONAL_NOROESTE,67.58913183388756,True
Chi-cuadrado,ENC_HURTO,ENC_REGIONAL_NORTE,0.7167045908883503,False
Chi-cuadrado,ENC_HURTO,ENC_REGIONAL_ORIENTE,1.3064723317473925,False
Chi-cuadrado,ENC_HURTO,ENC_REGIONAL_VIEJO_CALDAS,47.743177076726695,True
Chi-cuadrado,ENC_HURTO,ENC_REINCIDENTE,472.2659713094813,True
Chi-cuadrado,ENC_FATRAPORTE_ARMAS_MUNICIONES,ENC_TRAFAPORTE_ESTUPEFACIENTES,693.3127474253292,True
Chi-cuadrado,ENC_FATRAPORTE_ARMAS_MUNICIONES,ENC_CONCIERTO_DELINQUIR,25.144924957946998,True
Chi-cuadrado,ENC_FATRAPORTE_ARMAS_MUNICIONES,ENC_FATRAPORTE_ARMAS_ACCESORIOS_MUNICIONES,235.29789701485845,True
Chi-cuadrado,ENC_FATRAPORTE_ARMAS_MUNICIONES,ENC_ACTOS_SEXUALES_MENOR_14,352.54275515333217,True
Chi-cuadrado,ENC_FATRAPORTE_ARMAS_MUNICIONES,ENC_ACC_CARNAL_14,88.4440094141322,True
Chi-cuadrado,ENC_FATRAPORTE_ARMAS_MUNICIONES,ENC_INTRAMUROS,108.16744943663673,True
Chi-cuadrado,ENC_FATRAPORTE_ARMAS_MUNICIONES,ENC_RANGOS_EDAD_INPEC,242.33081452465171,True
Chi-cuadrado,ENC_FATRAPORTE_ARMAS_MUNICIONES,ENC_GENERO,245.26518734963554,True
Chi-cuadrado,ENC_FATRAPORTE_ARMAS_MUNICIONES,ENC_NIVEL_EDUCATIVO,39.97474365367439,True
Chi-cuadrado,ENC_FATRAPORTE_ARMAS_MUNICIONES,ENC_REGIONAL_CENTRAL,68.75689814353326,True
Chi-cuadrado,ENC_FATRAPORTE_ARMAS_MUNICIONES,ENC_REGIONAL_OCCIDENTE,82.05823008730576,True
Chi-cuadrado,ENC_FATRAPORTE_ARMAS_MUNICIONES,ENC_REGIONAL_NOROESTE,9.971534732487253,True
Chi-cuadrado,ENC_FATRAPORTE_ARMAS_MUNICIONES,ENC_REGIONAL_NORTE,17.531831316336778,True
Chi-cuadrado,ENC_FATRAPORTE_ARMAS_MUNICIONES,ENC_REGIONAL_ORIENTE,0.33918898226131516,False
Chi-cuadrado,ENC_FATRAPORTE_ARMAS_MUNICIONES,ENC_REGIONAL_VIEJO_CALDAS,1.090278914587914,False
Chi-cuadrado,ENC_FATRAPORTE_ARMAS_MUNICIONES,ENC_REINCIDENTE,73.05899704111414,True
Chi-cuadrado,ENC_TRAFAPORTE_ESTUPEFACIENTES,ENC_CONCIERTO_DELINQUIR,793.0253441534101,True
Chi-cuadrado,ENC_TRAFAPORTE_ESTUPEFACIENTES,ENC_FATRAPORTE_ARMAS_ACCESORIOS_MUNICIONES,147.67203271525787,True
Chi-cuadrado,ENC_TRAFAPORTE_ESTUPEFACIENTES,ENC_ACTOS_SEXUALES_MENOR_14,293.03984763297154,True
Chi-cuadrado,ENC_TRAFAPORTE_ESTUPEFACIENTES,ENC_ACC_CARNAL_14,79.92940299004358,True
Chi-cuadrado,ENC_TRAFAPORTE_ESTUPEFACIENTES,ENC_INTRAMUROS,3.2573234019516653,False
Chi-cuadrado,ENC_TRAFAPORTE_ESTUPEFACIENTES,ENC_RANGOS_EDAD_INPEC,11.853377864725045,False
Chi-cuadrado,ENC_TRAFAPORTE_ESTUPEFACIENTES,ENC_GENERO,955.6419841801243,True
Chi-cuadrado,ENC_TRAFAPORTE_ESTUPEFACIENTES,ENC_NIVEL_EDUCATIVO,23.107948094904778,True
Chi-cuadrado,ENC_TRAFAPORTE_ESTUPEFACIENTES,ENC_REGIONAL_CENTRAL,129.3325519004478,True
Chi-cuadrado,ENC_TRAFAPORTE_ESTUPEFACIENTES,ENC_REGIONAL_OCCIDENTE,44.34901924997229,True
Chi-cuadrado,ENC_TRAFAPORTE_ESTUPEFACIENTES,ENC_REGIONAL_NOROESTE,8.205691479171282,True
Chi-cuadrado,ENC_TRAFAPORTE_ESTUPEFACIENTES,ENC_REGIONAL_NORTE,4.467309951846533,True
Chi-cuadrado,ENC_TRAFAPORTE_ESTUPEFACIENTES,ENC_REGIONAL_ORIENTE,28.63779318072826,True
Chi-cuadrado,ENC_TRAFAPORTE_ESTUPEFACIENTES,ENC_REGIONAL_VIEJO_CALDAS,75.76273227803351,True
Chi-cuadrado,ENC_TRAFAPORTE_ESTUPEFACIENTES,ENC_REINCIDENTE,0.026015633876511,False
Chi-cuadrado,ENC_CONCIERTO_DELINQUIR,ENC_FATRAPORTE_ARMAS_ACCESORIOS_MUNICIONES,32.73220295767821,True
Chi-cuadrado,ENC_CONCIERTO_DELINQUIR,ENC_ACTOS_SEXUALES_MENOR_14,217.36996528890853,True
Chi-cuadrado,ENC_CONCIERTO_DELINQUIR,ENC_ACC_CARNAL_14,58.89765934409978,True
Chi-cuadrado,ENC_CONCIERTO_DELINQUIR,ENC_INTRAMUROS,482.4272561645229,True
Chi-cuadrado,ENC_CONCIERTO_DELINQUIR,ENC_RANGOS_EDAD_INPEC,99.08752630622632,True
Chi-cuadrado,ENC_CONCIERTO_DELINQUIR,ENC_GENERO,96.23365673046106,True
Chi-cuadrado,ENC_CONCIERTO_DELINQUIR,ENC_NIVEL_EDUCATIVO,12.34151514964343,False
Chi-cuadrado,ENC_CONCIERTO_DELINQUIR,ENC_REGIONAL_CENTRAL,46.03892981387452,True
Chi-cuadrado,ENC_CONCIERTO_DELINQUIR,ENC_REGIONAL_OCCIDENTE,12.937476825866536,True
Chi-cuadrado,ENC_CONCIERTO_DELINQUIR,ENC_REGIONAL_NOROESTE,311.7983521317701,True
Chi-cuadrado,ENC_CONCIERTO_DELINQUIR,ENC_REGIONAL_NORTE,27.691083192037276,True
Chi-cuadrado,ENC_CONCIERTO_DELINQUIR,ENC_REGIONAL_ORIENTE,13.35646794223803,True
Chi-cuadrado,ENC_CONCIERTO_DELINQUIR,ENC_REGIONAL_VIEJO_CALDAS,19.58569130407929,True
Chi-cuadrado,ENC_CONCIERTO_DELINQUIR,ENC_REINCIDENTE,0.6068772652316834,False
Chi-cuadrado,ENC_FATRAPORTE_ARMAS_ACCESORIOS_MUNICIONES,ENC_ACTOS_SEXUALES_MENOR_14,78.48109251090807,True
Chi-cuadrado,ENC_FATRAPORTE_ARMAS_ACCESORIOS_MUNICIONES,ENC_ACC_CARNAL_14,19.10092060862306,True
Chi-cuadrado,ENC_FATRAPORTE_ARMAS_ACCESORIOS_MUNICIONES,ENC_INTRAMUROS,117.53244610972075,True
Chi-cuadrado,ENC_FATRAPORTE_ARMAS_ACCESORIOS_MUNICIONES,ENC_RANGOS_EDAD_INPEC,98.0629629001446,True
Chi-cuadrado,ENC_FATRAPORTE_ARMAS_ACCESORIOS_MUNICIONES,ENC_GENERO,15.780627569841478,True
Chi-cuadrado,ENC_FATRAPORTE_ARMAS_ACCESORIOS_MUNICIONES,ENC_NIVEL_EDUCATIVO,20.23433273351214,True
Chi-cuadrado,ENC_FATRAPORTE_ARMAS_ACCESORIOS_MUNICIONES,ENC_REGIONAL_CENTRAL,6.429433679631808,True
Chi-cuadrado,ENC_FATRAPORTE_ARMAS_ACCESORIOS_MUNICIONES,ENC_REGIONAL_OCCIDENTE,9.794906325445037,True
Chi-cuadrado,ENC_FATRAPORTE_ARMAS_ACCESORIOS_MUNICIONES,ENC_REGIONAL_NOROESTE,0.005009344035196649,False
Chi-cuadrado,ENC_FATRAPORTE_ARMAS_ACCESORIOS_MUNICIONES,ENC_REGIONAL_NORTE,0.8464525800657249,False
Chi-cuadrado,ENC_FATRAPORTE_ARMAS_ACCESORIOS_MUNICIONES,ENC_REGIONAL_ORIENTE,12.383469101851379,True
Chi-cuadrado,ENC_FATRAPORTE_ARMAS_ACCESORIOS_MUNICIONES,ENC_REGIONAL_VIEJO_CALDAS,5.09487195162012,True
Chi-cuadrado,ENC_FATRAPORTE_ARMAS_ACCESORIOS_MUNICIONES,ENC_REINCIDENTE,4.5011142801896185,True
Chi-cuadrado,ENC_ACTOS_SEXUALES_MENOR_14,ENC_ACC_CARNAL_14,4871.8152338109585,True
Chi-cuadrado,ENC_ACTOS_SEXUALES_MENOR_14,ENC_INTRAMUROS,449.6805955613779,True
Chi-cuadrado,ENC_ACTOS_SEXUALES_MENOR_14,ENC_RANGOS_EDAD_INPEC,1715.432888462958,True
Chi-cuadrado,ENC_ACTOS_SEXUALES_MENOR_14,ENC_GENERO,74.6593562579424,True
Chi-cuadrado,ENC_ACTOS_SEXUALES_MENOR_14,ENC_NIVEL_EDUCATIVO,155.99719286245846,True
Chi-cuadrado,ENC_ACTOS_SEXUALES_MENOR_14,ENC_REGIONAL_CENTRAL,14.89641385436392,True
Chi-cuadrado,ENC_ACTOS_SEXUALES_MENOR_14,ENC_REGIONAL_OCCIDENTE,9.696926593597412,True
Chi-cuadrado,ENC_ACTOS_SEXUALES_MENOR_14,ENC_REGIONAL_NOROESTE,1.9996090524250845,False
Chi-cuadrado,ENC_ACTOS_SEXUALES_MENOR_14,ENC_REGIONAL_NORTE,48.14721360154106,True
Chi-cuadrado,ENC_ACTOS_SEXUALES_MENOR_14,ENC_REGIONAL_ORIENTE,5.74724648693249,True
Chi-cuadrado,ENC_ACTOS_SEXUALES_MENOR_14,ENC_REGIONAL_VIEJO_CALDAS,1.217680279719876,False
Chi-cuadrado,ENC_ACTOS_SEXUALES_MENOR_14,ENC_REINCIDENTE,156.24576594775937,True
Chi-cuadrado,ENC_ACC_CARNAL_14,ENC_INTRAMUROS,137.21534594576676,True
Chi-cuadrado,ENC_ACC_CARNAL_14,ENC_RANGOS_EDAD_INPEC,379.05608703411116,True
Chi-cuadrado,ENC_ACC_CARNAL_14,ENC_GENERO,17.837734440671515,True
Chi-cuadrado,ENC_ACC_CARNAL_14,ENC_NIVEL_EDUCATIVO,63.37590054281447,True
Chi-cuadrado,ENC_ACC_CARNAL_14,ENC_REGIONAL_CENTRAL,9.666692119284493,True
Chi-cuadrado,ENC_ACC_CARNAL_14,ENC_REGIONAL_OCCIDENTE,0.2695106389378522,False
Chi-cuadrado,ENC_ACC_CARNAL_14,ENC_REGIONAL_NOROESTE,0.3073729373554415,False
Chi-cuadrado,ENC_ACC_CARNAL_14,ENC_REGIONAL_NORTE,16.320002242412713,True
Chi-cuadrado,ENC_ACC_CARNAL_14,ENC_REGIONAL_ORIENTE,0.7796084630549819,False
Chi-cuadrado,ENC_ACC_CARNAL_14,ENC_REGIONAL_VIEJO_CALDAS,0.009623567288085671,False
Chi-cuadrado,ENC_ACC_CARNAL_14,ENC_REINCIDENTE,43.04643660256736,True
Chi-cuadrado,ENC_INTRAMUROS,ENC_RANGOS_EDAD_INPEC,54.23141557398996,True
Chi-cuadrado,ENC_INTRAMUROS,ENC_GENERO,239.30578008778804,True
Chi-cuadrado,ENC_INTRAMUROS,ENC_NIVEL_EDUCATIVO,87.55125546024745,True
Chi-cuadrado,ENC_INTRAMUROS,ENC_REGIONAL_CENTRAL,186.22667424882596,True
Chi-cuadrado,ENC_INTRAMUROS,ENC_REGIONAL_OCCIDENTE,6.361696338265745,True
Chi-cuadrado,ENC_INTRAMUROS,ENC_REGIONAL_NOROESTE,7.415879594596439,True
Chi-cuadrado,ENC_INTRAMUROS,ENC_REGIONAL_NORTE,718.2742686105847,True
Chi-cuadrado,ENC_INTRAMUROS,ENC_REGIONAL_ORIENTE,0.49811355864172807,False
Chi-cuadrado,ENC_INTRAMUROS,ENC_REGIONAL_VIEJO_CALDAS,130.78875875951866,True
Chi-cuadrado,ENC_INTRAMUROS,ENC_REINCIDENTE,126.68899743613184,True
Chi-cuadrado,ENC_RANGOS_EDAD_INPEC,ENC_GENERO,7.676139370682425,False
Chi-cuadrado,ENC_RANGOS_EDAD_INPEC,ENC_NIVEL_EDUCATIVO,1347.9971915793117,True
Chi-cuadrado,ENC_RANGOS_EDAD_INPEC,ENC_REGIONAL_CENTRAL,30.637800868842216,True
Chi-cuadrado,ENC_RANGOS_EDAD_INPEC,ENC_REGIONAL_OCCIDENTE,38.47497566187921,True
Chi-cuadrado,ENC_RANGOS_EDAD_INPEC,ENC_REGIONAL_NOROESTE,62.82248351059217,True
Chi-cuadrado,ENC_RANGOS_EDAD_INPEC,ENC_REGIONAL_NORTE,51.845780143586964,True
Chi-cuadrado,ENC_RANGOS_EDAD_INPEC,ENC_REGIONAL_ORIENTE,6.899423660297126,False
Chi-cuadrado,ENC_RANGOS_EDAD_INPEC,ENC_REGIONAL_VIEJO_CALDAS,11.735974394662858,False
Chi-cuadrado,ENC_RANGOS_EDAD_INPEC,ENC_REINCIDENTE,503.59236974855037,True
Chi-cuadrado,ENC_GENERO,ENC_NIVEL_EDUCATIVO,27.13661413887512,True
Chi-cuadrado,ENC_GENERO,ENC_REGIONAL_CENTRAL,0.16619932578387664,False
Chi-cuadrado,ENC_GENERO,ENC_REGIONAL_OCCIDENTE,1.7853768411562712,False
Chi-cuadrado,ENC_GENERO,ENC_REGIONAL_NOROESTE,19.41133391496014,True
Chi-cuadrado,ENC_GENERO,ENC_REGIONAL_NORTE,1.3058418896710409,False
Chi-cuadrado,ENC_GENERO,ENC_REGIONAL_ORIENTE,7.1903328174474535,True
Chi-cuadrado,ENC_GENERO,ENC_REGIONAL_VIEJO_CALDAS,1.496810539809733,False
Chi-cuadrado,ENC_GENERO,ENC_REINCIDENTE,70.6455530313146,True
Chi-cuadrado,ENC_NIVEL_EDUCATIVO,ENC_REGIONAL_CENTRAL,47.21973058740085,True
Chi-cuadrado,ENC_NIVEL_EDUCATIVO,ENC_REGIONAL_OCCIDENTE,16.13590778485152,True
Chi-cuadrado,ENC_NIVEL_EDUCATIVO,ENC_REGIONAL_NOROESTE,21.004820468447807,True
Chi-cuadrado,ENC_NIVEL_EDUCATIVO,ENC_REGIONAL_NORTE,24.148890225114016,True
Chi-cuadrado,ENC_NIVEL_EDUCATIVO,ENC_REGIONAL_ORIENTE,16.539676107202506,True
Chi-cuadrado,ENC_NIVEL_EDUCATIVO,ENC_REGIONAL_VIEJO_CALDAS,43.365248400452494,True
Chi-cuadrado,ENC_NIVEL_EDUCATIVO,ENC_REINCIDENTE,140.70583664509462,True
Chi-cuadrado,ENC_REGIONAL_CENTRAL,ENC_REGIONAL_OCCIDENTE,2676.916086596114,True
Chi-cuadrado,ENC_REGIONAL_CENTRAL,ENC_REGIONAL_NOROESTE,1718.6508850793148,True
Chi-cuadrado,ENC_REGIONAL_CENTRAL,ENC_REGIONAL_NORTE,1366.2322193866257,True
Chi-cuadrado,ENC_REGIONAL_CENTRAL,ENC_REGIONAL_ORIENTE,1128.5004541026965,True
Chi-cuadrado,ENC_REGIONAL_CENTRAL,ENC_REGIONAL_VIEJO_CALDAS,1352.1161270262382,True
Chi-cuadrado,ENC_REGIONAL_CENTRAL,ENC_REINCIDENTE,1.594074399873902,False
Chi-cuadrado,ENC_REGIONAL_OCCIDENTE,ENC_REGIONAL_NOROESTE,742.5709286933215,True
Chi-cuadrado,ENC_REGIONAL_OCCIDENTE,ENC_REGIONAL_NORTE,590.1865371283766,True
Chi-cuadrado,ENC_REGIONAL_OCCIDENTE,ENC_REGIONAL_ORIENTE,487.3923260307711,True
Chi-cuadrado,ENC_REGIONAL_OCCIDENTE,ENC_REGIONAL_VIEJO_CALDAS,584.0827974714321,True
Chi-cuadrado,ENC_REGIONAL_OCCIDENTE,ENC_REINCIDENTE,7.101024055656743,True
Chi-cuadrado,ENC_REGIONAL_NOROESTE,ENC_REGIONAL_NORTE,378.6369228216585,True
Chi-cuadrado,ENC_REGIONAL_NOROESTE,ENC_REGIONAL_ORIENTE,312.62668536252534,True
Chi-cuadrado,ENC_REGIONAL_NOROESTE,ENC_REGIONAL_VIEJO_CALDAS,374.71734994511235,True
Chi-cuadrado,ENC_REGIONAL_NOROESTE,ENC_REINCIDENTE,5.608276938111713,True
Chi-cuadrado,ENC_REGIONAL_NORTE,ENC_REGIONAL_ORIENTE,248.35370049091463,True
Chi-cuadrado,ENC_REGIONAL_NORTE,ENC_REGIONAL_VIEJO_CALDAS,297.7196673740536,True
Chi-cuadrado,ENC_REGIONAL_NORTE,ENC_REINCIDENTE,7.361401109062194,True
Chi-cuadrado,ENC_REGIONAL_ORIENTE,ENC_REGIONAL_VIEJO_CALDAS,245.77925540666598,True
Chi-cuadrado,ENC_REGIONAL_ORIENTE,ENC_REINCIDENTE,0.16624573410413152,False
Chi-cuadrado,ENC_REGIONAL_VIEJO_CALDAS,ENC_REINCIDENTE,2.8629483979198262,False
Mutual Information,ENC_ANNO_INGRESO,ENC_HOMICIDIO,0.012023258802275961,False
Mutual Information,ENC_ANNO_INGRESO,ENC_HURTO,0.006202996173089842,False
Mutual Information,ENC_ANNO_INGRESO,ENC_FATRAPORTE_ARMAS_MUNICIONES,0.005231299343333383,False
Mutual Information,ENC_ANNO_INGRESO,ENC_TRAFAPORTE_ESTUPEFACIENTES,0.003520693967284395,False
Mutual Information,ENC_ANNO_INGRESO,ENC_CONCIERTO_DELINQUIR,0.0051847660480393845,False
Mutual Information,ENC_ANNO_INGRESO,ENC_FATRAPORTE_ARMAS_ACCESORIOS_MUNICIONES,0.0024831292628555595,False
Mutual Information,ENC_ANNO_INGRESO,ENC_ACTOS_SEXUALES_MENOR_14,0.004478364251211753,False
Mutual Information,ENC_ANNO_INGRESO,ENC_ACC_CARNAL_14,0.001026874644042927,False
Mutual Information,ENC_ANNO_INGRESO,ENC_INTRAMUROS,0.005133194717237843,False
Mutual Information,ENC_ANNO_INGRESO,ENC_RANGOS_EDAD_INPEC,0.04217191986314473,False
Mutual Information,ENC_ANNO_INGRESO,ENC_GENERO,0.0007069751906880737,False
Mutual Information,ENC_ANNO_INGRESO,ENC_NIVEL_EDUCATIVO,0.006598453179631879,False
Mutual Information,ENC_ANNO_INGRESO,ENC_REGIONAL_CENTRAL,0.004453052854705411,False
Mutual Information,ENC_ANNO_INGRESO,ENC_REGIONAL_OCCIDENTE,0.0035544683025976014,False
Mutual Information,ENC_ANNO_INGRESO,ENC_REGIONAL_NOROESTE,0.004386248275296215,False
Mutual Information,ENC_ANNO_INGRESO,ENC_REGIONAL_NORTE,0.012510898213482127,False
Mutual Information,ENC_ANNO_INGRESO,ENC_REGIONAL_ORIENTE,0.0010010799906789937,False
Mutual Information,ENC_ANNO_INGRESO,ENC_REGIONAL_VIEJO_CALDAS,0.021385126136315484,False
Mutual Information,ENC_ANNO_INGRESO,ENC_REINCIDENTE,0.006901312483655151,False
Mutual Information,ENC_MESES_CONDENA,ENC_HOMICIDIO,0.26107035359785813,False
Mutual Information,ENC_MESES_CONDENA,ENC_HURTO,0.098657846460971,False
Mutual Information,ENC_MESES_CONDENA,ENC_FATRAPORTE_ARMAS_MUNICIONES,0.11211681443079663,False
Mutual Information,ENC_MESES_CONDENA,ENC_TRAFAPORTE_ESTUPEFACIENTES,0.13959356122797925,False
Mutual Information,ENC_MESES_CONDENA,ENC_CONCIERTO_DELINQUIR,0.0686038091930541,False
Mutual Information,ENC_MESES_CONDENA,ENC_FATRAPORTE_ARMAS_ACCESORIOS_MUNICIONES,0.04413880969514032,False
Mutual Information,ENC_MESES_CONDENA,ENC_ACTOS_SEXUALES_MENOR_14,0.06819512452221647,False
Mutual Information,ENC_MESES_CONDENA,ENC_ACC_CARNAL_14,0.025182544739235754,False
Mutual Information,ENC_MESES_CONDENA,ENC_INTRAMUROS,0.08642433317416093,False
Mutual Information,ENC_MESES_CONDENA,ENC_RANGOS_EDAD_INPEC,0.16881654750389996,False
Mutual Information,ENC_MESES_CONDENA,ENC_GENERO,0.024794215695084346,False
Mutual Information,ENC_MESES_CONDENA,ENC_NIVEL_EDUCATIVO,0.0879180008879857,False
Mutual Information,ENC_MESES_CONDENA,ENC_REGIONAL_CENTRAL,0.028434902480423206,False
Mutual Information,ENC_MESES_CONDENA,ENC_REGIONAL_OCCIDENTE,0.021271111762989688,False
Mutual Information,ENC_MESES_CONDENA,ENC_REGIONAL_NOROESTE,0.0227404499767757,False
Mutual Information,ENC_MESES_CONDENA,ENC_REGIONAL_NORTE,0.030490022166481733,False
Mutual Information,ENC_MESES_CONDENA,ENC_REGIONAL_ORIENTE,0.01940533767586758,False
Mutual Information,ENC_MESES_CONDENA,ENC_REGIONAL_VIEJO_CALDAS,0.02097038928842853,False
Mutual Information,ENC_MESES_CONDENA,ENC_REINCIDENTE,0.025216449536739877,False
Mutual Information,ENC_HOMICIDIO,ENC_HURTO,0.0064374726020185735,False
Mutual Information,ENC_HOMICIDIO,ENC_FATRAPORTE_ARMAS_MUNICIONES,0.0220802728372122,False
Mutual Information,ENC_HOMICIDIO,ENC_TRAFAPORTE_ESTUPEFACIENTES,0.03882710413183356,False
Mutual Information,ENC_HOMICIDIO,ENC_CONCIERTO_DELINQUIR,0.00030828916156855346,False
Mutual Information,ENC_HOMICIDIO,ENC_FATRAPORTE_ARMAS_ACCESORIOS_MUNICIONES,6.721275161436502e-09,False
Mutual Information,ENC_HOMICIDIO,ENC_ACTOS_SEXUALES_MENOR_14,0.014445879992700432,False
Mutual Information,ENC_HOMICIDIO,ENC_ACC_CARNAL_14,0.003132660717052543,False
Mutual Information,ENC_HOMICIDIO,ENC_INTRAMUROS,0.0068656013617011125,False
Mutual Information,ENC_HOMICIDIO,ENC_RANGOS_EDAD_INPEC,0.004024230007338623,False
Mutual Information,ENC_HOMICIDIO,ENC_GENERO,0.005271424143153174,False
Mutual Information,ENC_HOMICIDIO,ENC_NIVEL_EDUCATIVO,0.001363196582485716,False
Mutual Information,ENC_HOMICIDIO,ENC_REGIONAL_CENTRAL,6.085966886387739e-05,False
Mutual Information,ENC_HOMICIDIO,ENC_REGIONAL_OCCIDENTE,0.0006988360439518504,False
Mutual Information,ENC_HOMICIDIO,ENC_REGIONAL_NOROESTE,0.0014227715203758984,False
Mutual Information,ENC_HOMICIDIO,ENC_REGIONAL_NORTE,0.001238985700511508,False
Mutual Information,ENC_HOMICIDIO,ENC_REGIONAL_ORIENTE,2.774585181122835e-06,False
Mutual Information,ENC_HOMICIDIO,ENC_REGIONAL_VIEJO_CALDAS,0.0007250546296817123,False
Mutual Information,ENC_HOMICIDIO,ENC_REINCIDENTE,0.0019210793048861918,False
Mutual Information,ENC_HURTO,ENC_HOMICIDIO,0.0064374726020185735,False
Mutual Information,ENC_HURTO,ENC_FATRAPORTE_ARMAS_MUNICIONES,0.00025101461665513747,False
Mutual Information,ENC_HURTO,ENC_TRAFAPORTE_ESTUPEFACIENTES,0.05153364382156901,False
Mutual Information,ENC_HURTO,ENC_CONCIERTO_DELINQUIR,0.00898889169340468,False
Mutual Information,ENC_HURTO,ENC_FATRAPORTE_ARMAS_ACCESORIOS_MUNICIONES,0.0006084637949714186,False
Mutual Information,ENC_HURTO,ENC_ACTOS_SEXUALES_MENOR_14,0.014560109037826376,False
Mutual Information,ENC_HURTO,ENC_ACC_CARNAL_14,0.003239843186470716,False
Mutual Information,ENC_HURTO,ENC_INTRAMUROS,0.00016675617713404756,False
Mutual Information,ENC_HURTO,ENC_RANGOS_EDAD_INPEC,0.026948186871328876,False
Mutual Information,ENC_HURTO,ENC_GENERO,0.002112735764372979,False
Mutual Information,ENC_HURTO,ENC_NIVEL_EDUCATIVO,0.00517988454262437,False
Mutual Information,ENC_HURTO,ENC_REGIONAL_CENTRAL,0.007248979446315418,False
Mutual Information,ENC_HURTO,ENC_REGIONAL_OCCIDENTE,0.0018125223850313232,False
Mutual Information,ENC_HURTO,ENC_REGIONAL_NOROESTE,0.0018111505900295644,False
Mutual Information,ENC_HURTO,ENC_REGIONAL_NORTE,1.935903634504854e-05,False
Mutual Information,ENC_HURTO,ENC_REGIONAL_ORIENTE,3.4388739463334095e-05,False
Mutual Information,ENC_HURTO,ENC_REGIONAL_VIEJO_CALDAS,0.0012799435415851018,False
Mutual Information,ENC_HURTO,ENC_REINCIDENTE,0.011484776907928262,False
Mutual Information,ENC_FATRAPORTE_ARMAS_MUNICIONES,ENC_HOMICIDIO,0.0220802728372122,False
Mutual Information,ENC_FATRAPORTE_ARMAS_MUNICIONES,ENC_HURTO,0.00025101461665513747,False
Mutual Information,ENC_FATRAPORTE_ARMAS_MUNICIONES,ENC_TRAFAPORTE_ESTUPEFACIENTES,0.020464083622481352,False
Mutual Information,ENC_FATRAPORTE_ARMAS_MUNICIONES,ENC_CONCIERTO_DELINQUIR,0.0006585368448175227,False
Mutual Information,ENC_FATRAPORTE_ARMAS_MUNICIONES,ENC_FATRAPORTE_ARMAS_ACCESORIOS_MUNICIONES,0.007487281441916179,False
Mutual Information,ENC_FATRAPORTE_ARMAS_MUNICIONES,ENC_ACTOS_SEXUALES_MENOR_14,0.014348416477909264,False
Mutual Information,ENC_FATRAPORTE_ARMAS_MUNICIONES,ENC_ACC_CARNAL_14,0.0034409837387483983,False
Mutual Information,ENC_FATRAPORTE_ARMAS_MUNICIONES,ENC_INTRAMUROS,0.0027017486989040496,False
Mutual Information,ENC_FATRAPORTE_ARMAS_MUNICIONES,ENC_RANGOS_EDAD_INPEC,0.0066943131364263445,False
Mutual Information,ENC_FATRAPORTE_ARMAS_MUNICIONES,ENC_GENERO,0.007430519344561584,False
Mutual Information,ENC_FATRAPORTE_ARMAS_MUNICIONES,ENC_NIVEL_EDUCATIVO,0.0010584915983277835,False
Mutual Information,ENC_FATRAPORTE_ARMAS_MUNICIONES,ENC_REGIONAL_CENTRAL,0.0017728177251087052,False
Mutual Information,ENC_FATRAPORTE_ARMAS_MUNICIONES,ENC_REGIONAL_OCCIDENTE,0.0020153035546278675,False
Mutual Information,ENC_FATRAPORTE_ARMAS_MUNICIONES,ENC_REGIONAL_NOROESTE,0.00026111222128664957,False
Mutual Information,ENC_FATRAPORTE_ARMAS_MUNICIONES,ENC_REGIONAL_NORTE,0.0004371311920818577,False
Mutual Information,ENC_FATRAPORTE_ARMAS_MUNICIONES,ENC_REGIONAL_ORIENTE,9.477314912381685e-06,False
Mutual Information,ENC_FATRAPORTE_ARMAS_MUNICIONES,ENC_REGIONAL_VIEJO_CALDAS,2.877462642984774e-05,False
Mutual Information,ENC_FATRAPORTE_ARMAS_MUNICIONES,ENC_REINCIDENTE,0.001818364711690501,False
Mutual Information,ENC_TRAFAPORTE_ESTUPEFACIENTES,ENC_HOMICIDIO,0.03882710413183356,False
Mutual Information,ENC_TRAFAPORTE_ESTUPEFACIENTES,ENC_HURTO,0.05153364382156901,False
Mutual Information,ENC_TRAFAPORTE_ESTUPEFACIENTES,ENC_FATRAPORTE_ARMAS_MUNICIONES,0.020464083622481352,False
Mutual Information,ENC_TRAFAPORTE_ESTUPEFACIENTES,ENC_CONCIERTO_DELINQUIR,0.017897166741890957,False
Mutual Information,ENC_TRAFAPORTE_ESTUPEFACIENTES,ENC_FATRAPORTE_ARMAS_ACCESORIOS_MUNICIONES,0.00457098995235327,False
Mutual Information,ENC_TRAFAPORTE_ESTUPEFACIENTES,ENC_ACTOS_SEXUALES_MENOR_14,0.012486366436119138,False
Mutual Information,ENC_TRAFAPORTE_ESTUPEFACIENTES,ENC_ACC_CARNAL_14,0.0034474351101365782,False
Mutual Information,ENC_TRAFAPORTE_ESTUPEFACIENTES,ENC_INTRAMUROS,8.439239174642954e-05,False
Mutual Information,ENC_TRAFAPORTE_ESTUPEFACIENTES,ENC_RANGOS_EDAD_INPEC,0.0003163613887758824,False
Mutual Information,ENC_TRAFAPORTE_ESTUPEFACIENTES,ENC_GENERO,0.02021506588698274,False
Mutual Information,ENC_TRAFAPORTE_ESTUPEFACIENTES,ENC_NIVEL_EDUCATIVO,0.0006652904547385591,False
Mutual Information,ENC_TRAFAPORTE_ESTUPEFACIENTES,ENC_REGIONAL_CENTRAL,0.0033698785860006297,False
Mutual Information,ENC_TRAFAPORTE_ESTUPEFACIENTES,ENC_REGIONAL_OCCIDENTE,0.001094402718750026,False
Mutual Information,ENC_TRAFAPORTE_ESTUPEFACIENTES,ENC_REGIONAL_NOROESTE,0.000207134530239933,False
Mutual Information,ENC_TRAFAPORTE_ESTUPEFACIENTES,ENC_REGIONAL_NORTE,0.00011400802421056289,False
Mutual Information,ENC_TRAFAPORTE_ESTUPEFACIENTES,ENC_REGIONAL_ORIENTE,0.0007744396108510243,False
Mutual Information,ENC_TRAFAPORTE_ESTUPEFACIENTES,ENC_REGIONAL_VIEJO_CALDAS,0.0018109688950793124,False
Mutual Information,ENC_TRAFAPORTE_ESTUPEFACIENTES,ENC_REINCIDENTE,8.250076211635538e-07,False
Mutual Information,ENC_CONCIERTO_DELINQUIR,ENC_HOMICIDIO,0.00030828916156855346,False
Mutual Information,ENC_CONCIERTO_DELINQUIR,ENC_HURTO,0.00898889169340468,False
Mutual Information,ENC_CONCIERTO_DELINQUIR,ENC_FATRAPORTE_ARMAS_MUNICIONES,0.0006585368448175227,False
Mutual Information,ENC_CONCIERTO_DELINQUIR,ENC_TRAFAPORTE_ESTUPEFACIENTES,0.017897166741890957,False
Mutual Information,ENC_CONCIERTO_DELINQUIR,ENC_FATRAPORTE_ARMAS_ACCESORIOS_MUNICIONES,0.0009244155294349729,False
Mutual Information,ENC_CONCIERTO_DELINQUIR,ENC_ACTOS_SEXUALES_MENOR_14,0.00947133857944301,False
Mutual Information,ENC_CONCIERTO_DELINQUIR,ENC_ACC_CARNAL_14,0.00259866976152531,False
Mutual Information,ENC_CONCIERTO_DELINQUIR,ENC_INTRAMUROS,0.01334921065973016,False
Mutual Information,ENC_CONCIERTO_DELINQUIR,ENC_RANGOS_EDAD_INPEC,0.002801340684627655,False
Mutual Information,ENC_CONCIERTO_DELINQUIR,ENC_GENERO,0.002220622948632636,False
Mutual Information,ENC_CONCIERTO_DELINQUIR,ENC_NIVEL_EDUCATIVO,0.00031163868287691293,False
Mutual Information,ENC_CONCIERTO_DELINQUIR,ENC_REGIONAL_CENTRAL,0.0011935472672273406,False
Mutual Information,ENC_CONCIERTO_DELINQUIR,ENC_REGIONAL_OCCIDENTE,0.0003398736324992241,False
Mutual Information,ENC_CONCIERTO_DELINQUIR,ENC_REGIONAL_NOROESTE,0.006997761829259208,False
Mutual Information,ENC_CONCIERTO_DELINQUIR,ENC_REGIONAL_NORTE,0.0007534154889040287,False
Mutual Information,ENC_CONCIERTO_DELINQUIR,ENC_REGIONAL_ORIENTE,0.0003604316312972103,False
Mutual Information,ENC_CONCIERTO_DELINQUIR,ENC_REGIONAL_VIEJO_CALDAS,0.00048091021864161976,False
Mutual Information,ENC_CONCIERTO_DELINQUIR,ENC_REINCIDENTE,1.6244043604646263e-05,False
Mutual Information,ENC_FATRAPORTE_ARMAS_ACCESORIOS_MUNICIONES,ENC_HOMICIDIO,6.721275161436502e-09,False
Mutual Information,ENC_FATRAPORTE_ARMAS_ACCESORIOS_MUNICIONES,ENC_HURTO,0.0006084637949714186,False
Mutual Information,ENC_FATRAPORTE_ARMAS_ACCESORIOS_MUNICIONES,ENC_FATRAPORTE_ARMAS_MUNICIONES,0.007487281441916179,False
Mutual Information,ENC_FATRAPORTE_ARMAS_ACCESORIOS_MUNICIONES,ENC_TRAFAPORTE_ESTUPEFACIENTES,0.00457098995235327,False
Mutual Information,ENC_FATRAPORTE_ARMAS_ACCESORIOS_MUNICIONES,ENC_CONCIERTO_DELINQUIR,0.0009244155294349729,False
Mutual Information,ENC_FATRAPORTE_ARMAS_ACCESORIOS_MUNICIONES,ENC_ACTOS_SEXUALES_MENOR_14,0.003787180327598408,False
Mutual Information,ENC_FATRAPORTE_ARMAS_ACCESORIOS_MUNICIONES,ENC_ACC_CARNAL_14,0.0008709968740714059,False
Mutual Information,ENC_FATRAPORTE_ARMAS_ACCESORIOS_MUNICIONES,ENC_INTRAMUROS,0.002863006682988875,False
Mutual Information,ENC_FATRAPORTE_ARMAS_ACCESORIOS_MUNICIONES,ENC_RANGOS_EDAD_INPEC,0.002611115816773754,False
Mutual Information,ENC_FATRAPORTE_ARMAS_ACCESORIOS_MUNICIONES,ENC_GENERO,0.00045581072820548643,False
Mutual Information,ENC_FATRAPORTE_ARMAS_ACCESORIOS_MUNICIONES,ENC_NIVEL_EDUCATIVO,0.0006892237406724384,False
Mutual Information,ENC_FATRAPORTE_ARMAS_ACCESORIOS_MUNICIONES,ENC_REGIONAL_CENTRAL,0.00016864188935050706,False
Mutual Information,ENC_FATRAPORTE_ARMAS_ACCESORIOS_MUNICIONES,ENC_REGIONAL_OCCIDENTE,0.0002441612693050016,False
Mutual Information,ENC_FATRAPORTE_ARMAS_ACCESORIOS_MUNICIONES,ENC_REGIONAL_NOROESTE,3.197776144020503e-07,False
Mutual Information,ENC_FATRAPORTE_ARMAS_ACCESORIOS_MUNICIONES,ENC_REGIONAL_NORTE,2.4050397189875894e-05,False
Mutual Information,ENC_FATRAPORTE_ARMAS_ACCESORIOS_MUNICIONES,ENC_REGIONAL_ORIENTE,0.00029893474301028594,False
Mutual Information,ENC_FATRAPORTE_ARMAS_ACCESORIOS_MUNICIONES,ENC_REGIONAL_VIEJO_CALDAS,0.00014106993334339624,False
Mutual Information,ENC_FATRAPORTE_ARMAS_ACCESORIOS_MUNICIONES,ENC_REINCIDENTE,0.00011936246738858403,False
Mutual Information,ENC_ACTOS_SEXUALES_MENOR_14,ENC_HOMICIDIO,0.014445879992700432,False
Mutual Information,ENC_ACTOS_SEXUALES_MENOR_14,ENC_HURTO,0.014560109037826376,False
Mutual Information,ENC_ACTOS_SEXUALES_MENOR_14,ENC_FATRAPORTE_ARMAS_MUNICIONES,0.014348416477909264,False
Mutual Information,ENC_ACTOS_SEXUALES_MENOR_14,ENC_TRAFAPORTE_ESTUPEFACIENTES,0.012486366436119138,False
Mutual Information,ENC_ACTOS_SEXUALES_MENOR_14,ENC_CONCIERTO_DELINQUIR,0.00947133857944301,False
Mutual Information,ENC_ACTOS_SEXUALES_MENOR_14,ENC_FATRAPORTE_ARMAS_ACCESORIOS_MUNICIONES,0.003787180327598408,False
Mutual Information,ENC_ACTOS_SEXUALES_MENOR_14,ENC_ACC_CARNAL_14,0.04137225860248939,True
Mutual Information,ENC_ACTOS_SEXUALES_MENOR_14,ENC_INTRAMUROS,0.01529363073490892,False
Mutual Information,ENC_ACTOS_SEXUALES_MENOR_14,ENC_RANGOS_EDAD_INPEC,0.031012914652974982,False
Mutual Information,ENC_ACTOS_SEXUALES_MENOR_14,ENC_GENERO,0.0027897828707096495,False
Mutual Information,ENC_ACTOS_SEXUALES_MENOR_14,ENC_NIVEL_EDUCATIVO,0.0036600398054250595,False
Mutual Information,ENC_ACTOS_SEXUALES_MENOR_14,ENC_REGIONAL_CENTRAL,0.00037596702046743813,False
Mutual Information,ENC_ACTOS_SEXUALES_MENOR_14,ENC_REGIONAL_OCCIDENTE,0.0002645761613946987,False
Mutual Information,ENC_ACTOS_SEXUALES_MENOR_14,ENC_REGIONAL_NOROESTE,5.244610727326432e-05,False
Mutual Information,ENC_ACTOS_SEXUALES_MENOR_14,ENC_REGIONAL_NORTE,0.0015406991939747958,False
Mutual Information,ENC_ACTOS_SEXUALES_MENOR_14,ENC_REGIONAL_ORIENTE,0.00014316821434996047,False
Mutual Information,ENC_ACTOS_SEXUALES_MENOR_14,ENC_REGIONAL_VIEJO_CALDAS,3.2829080524723886e-05,False
Mutual Information,ENC_ACTOS_SEXUALES_MENOR_14,ENC_REINCIDENTE,0.004705441222326356,False
Mutual Information,ENC_ACC_CARNAL_14,ENC_HOMICIDIO,0.003132660717052543,False
Mutual Information,ENC_ACC_CARNAL_14,ENC_HURTO,0.003239843186470716,False
Mutual Information,ENC_ACC_CARNAL_14,ENC_FATRAPORTE_ARMAS_MUNICIONES,0.0034409837387483983,False
Mutual Information,ENC_ACC_CARNAL_14,ENC_TRAFAPORTE_ESTUPEFACIENTES,0.0034474351101365782,False
Mutual Information,ENC_ACC_CARNAL_14,ENC_CONCIERTO_DELINQUIR,0.00259866976152531,False
Mutual Information,ENC_ACC_CARNAL_14,ENC_FATRAPORTE_ARMAS_ACCESORIOS_MUNICIONES,0.0008709968740714059,False
Mutual Information,ENC_ACC_CARNAL_14,ENC_ACTOS_SEXUALES_MENOR_14,0.04137225860248938,True
Mutual Information,ENC_ACC_CARNAL_14,ENC_INTRAMUROS,0.004941497710412355,False
Mutual Information,ENC_ACC_CARNAL_14,ENC_RANGOS_EDAD_INPEC,0.008235559788370008,False
Mutual Information,ENC_ACC_CARNAL_14,ENC_GENERO,0.0006711890909199339,False
Mutual Information,ENC_ACC_CARNAL_14,ENC_NIVEL_EDUCATIVO,0.00137891615507282,False
Mutual Information,ENC_ACC_CARNAL_14,ENC_REGIONAL_CENTRAL,0.0002468600203719487,False
Mutual Information,ENC_ACC_CARNAL_14,ENC_REGIONAL_OCCIDENTE,9.02735870067159e-06,False
Mutual Information,ENC_ACC_CARNAL_14,ENC_REGIONAL_NOROESTE,1.061259909876898e-05,False
Mutual Information,ENC_ACC_CARNAL_14,ENC_REGIONAL_NORTE,0.0005649841607626616,False
Mutual Information,ENC_ACC_CARNAL_14,ENC_REGIONAL_ORIENTE,2.326717169701467e-05,False
Mutual Information,ENC_ACC_CARNAL_14,ENC_REGIONAL_VIEJO_CALDAS,9.308886565195795e-07,False
Mutual Information,ENC_ACC_CARNAL_14,ENC_REINCIDENTE,0.0013228445094581962,False
Mutual Information,ENC_INTRAMUROS,ENC_HOMICIDIO,0.0068656013617011125,False
Mutual Information,ENC_INTRAMUROS,ENC_HURTO,0.00016675617713404756,False
Mutual Information,ENC_INTRAMUROS,ENC_FATRAPORTE_ARMAS_MUNICIONES,0.0027017486989040496,False
Mutual Information,ENC_INTRAMUROS,ENC_TRAFAPORTE_ESTUPEFACIENTES,8.439239174642954e-05,False
Mutual Information,ENC_INTRAMUROS,ENC_CONCIERTO_DELINQUIR,0.01334921065973016,False
Mutual Information,ENC_INTRAMUROS,ENC_FATRAPORTE_ARMAS_ACCESORIOS_MUNICIONES,0.002863006682988875,False
Mutual Information,ENC_INTRAMUROS,ENC_ACTOS_SEXUALES_MENOR_14,0.01529363073490892,False
Mutual Information,ENC_INTRAMUROS,ENC_ACC_CARNAL_14,0.004941497710412355,False
Mutual Information,ENC_INTRAMUROS,ENC_RANGOS_EDAD_INPEC,0.0013134850317737395,False
Mutual Information,ENC_INTRAMUROS,ENC_GENERO,0.005792377015645639,False
Mutual Information,ENC_INTRAMUROS,ENC_NIVEL_EDUCATIVO,0.0021425933035789067,False
Mutual Information,ENC_INTRAMUROS,ENC_REGIONAL_CENTRAL,0.004794324701224401,False
Mutual Information,ENC_INTRAMUROS,ENC_REGIONAL_OCCIDENTE,0.00016236767660057772,False
Mutual Information,ENC_INTRAMUROS,ENC_REGIONAL_NOROESTE,0.00018895278793423786,False
Mutual Information,ENC_INTRAMUROS,ENC_REGIONAL_NORTE,0.01720738734445207,False
Mutual Information,ENC_INTRAMUROS,ENC_REGIONAL_ORIENTE,1.357871631131602e-05,False
Mutual Information,ENC_INTRAMUROS,ENC_REGIONAL_VIEJO_CALDAS,0.003514526029283288,False
Mutual Information,ENC_INTRAMUROS,ENC_REINCIDENTE,0.003277830404139842,False
Mutual Information,ENC_RANGOS_EDAD_INPEC,ENC_HOMICIDIO,0.004024230007338623,False
Mutual Information,ENC_RANGOS_EDAD_INPEC,ENC_HURTO,0.026948186871328876,False
Mutual Information,ENC_RANGOS_EDAD_INPEC,ENC_FATRAPORTE_ARMAS_MUNICIONES,0.0066943131364263445,False
Mutual Information,ENC_RANGOS_EDAD_INPEC,ENC_TRAFAPORTE_ESTUPEFACIENTES,0.0003163613887758824,False
Mutual Information,ENC_RANGOS_EDAD_INPEC,ENC_CONCIERTO_DELINQUIR,0.002801340684627655,False
Mutual Information,ENC_RANGOS_EDAD_INPEC,ENC_FATRAPORTE_ARMAS_ACCESORIOS_MUNICIONES,0.002611115816773754,False
Mutual Information,ENC_RANGOS_EDAD_INPEC,ENC_ACTOS_SEXUALES_MENOR_14,0.031012914652974982,False
Mutual Information,ENC_RANGOS_EDAD_INPEC,ENC_ACC_CARNAL_14,0.008235559788370008,False
Mutual Information,ENC_RANGOS_EDAD_INPEC,ENC_INTRAMUROS,0.0013134850317737395,False
Mutual Information,ENC_RANGOS_EDAD_INPEC,ENC_GENERO,0.00019355485649233742,False
Mutual Information,ENC_RANGOS_EDAD_INPEC,ENC_NIVEL_EDUCATIVO,0.032574556618783876,False
Mutual Information,ENC_RANGOS_EDAD_INPEC,ENC_REGIONAL_CENTRAL,0.0007733477907336944,False
Mutual Information,ENC_RANGOS_EDAD_INPEC,ENC_REGIONAL_OCCIDENTE,0.0009794061066496114,False
Mutual Information,ENC_RANGOS_EDAD_INPEC,ENC_REGIONAL_NOROESTE,0.0015483601300193169,False
Mutual Information,ENC_RANGOS_EDAD_INPEC,ENC_REGIONAL_NORTE,0.001362281699207048,False
Mutual Information,ENC_RANGOS_EDAD_INPEC,ENC_REGIONAL_ORIENTE,0.00017183466295831937,False
Mutual Information,ENC_RANGOS_EDAD_INPEC,ENC_REGIONAL_VIEJO_CALDAS,0.0002824370574257759,False
Mutual Information,ENC_RANGOS_EDAD_INPEC,ENC_REINCIDENTE,0.013621637425127621,False
Mutual Information,ENC_GENERO,ENC_HOMICIDIO,0.005271424143153174,False
Mutual Information,ENC_GENERO,ENC_HURTO,0.002112735764372979,False
Mutual Information,ENC_GENERO,ENC_FATRAPORTE_ARMAS_MUNICIONES,0.007430519344561584,False
Mutual Information,ENC_GENERO,ENC_TRAFAPORTE_ESTUPEFACIENTES,0.02021506588698274,False
Mutual Information,ENC_GENERO,ENC_CONCIERTO_DELINQUIR,0.002220622948632636,False
Mutual Information,ENC_GENERO,ENC_FATRAPORTE_ARMAS_ACCESORIOS_MUNICIONES,0.00045581072820548643,False
Mutual Information,ENC_GENERO,ENC_ACTOS_SEXUALES_MENOR_14,0.0027897828707096495,False
Mutual Information,ENC_GENERO,ENC_ACC_CARNAL_14,0.0006711890909199339,False
Mutual Information,ENC_GENERO,ENC_INTRAMUROS,0.005792377015645639,False
Mutual Information,ENC_GENERO,ENC_RANGOS_EDAD_INPEC,0.00019355485649233742,False
Mutual Information,ENC_GENERO,ENC_NIVEL_EDUCATIVO,0.0007153620470282925,False
Mutual Information,ENC_GENERO,ENC_REGIONAL_CENTRAL,4.761238794004363e-06,False
Mutual Information,ENC_GENERO,ENC_REGIONAL_OCCIDENTE,4.799074222568145e-05,False
Mutual Information,ENC_GENERO,ENC_REGIONAL_NOROESTE,0.00047062177464006483,False
Mutual Information,ENC_GENERO,ENC_REGIONAL_NORTE,3.608838519247176e-05,False
Mutual Information,ENC_GENERO,ENC_REGIONAL_ORIENTE,0.00019849273127993394,False
Mutual Information,ENC_GENERO,ENC_REGIONAL_VIEJO_CALDAS,3.9525477516115515e-05,False
Mutual Information,ENC_GENERO,ENC_REINCIDENTE,0.0019208544791902427,False
Mutual Information,ENC_NIVEL_EDUCATIVO,ENC_HOMICIDIO,0.001363196582485716,False
Mutual Information,ENC_NIVEL_EDUCATIVO,ENC_HURTO,0.00517988454262437,False
Mutual Information,ENC_NIVEL_EDUCATIVO,ENC_FATRAPORTE_ARMAS_MUNICIONES,0.0010584915983277835,False
Mutual Information,ENC_NIVEL_EDUCATIVO,ENC_TRAFAPORTE_ESTUPEFACIENTES,0.0006652904547385591,False
Mutual Information,ENC_NIVEL_EDUCATIVO,ENC_CONCIERTO_DELINQUIR,0.00031163868287691293,False
Mutual Information,ENC_NIVEL_EDUCATIVO,ENC_FATRAPORTE_ARMAS_ACCESORIOS_MUNICIONES,0.0006892237406724384,False
Mutual Information,ENC_NIVEL_EDUCATIVO,ENC_ACTOS_SEXUALES_MENOR_14,0.0036600398054250595,False
Mutual Information,ENC_NIVEL_EDUCATIVO,ENC_ACC_CARNAL_14,0.00137891615507282,False
Mutual Information,ENC_NIVEL_EDUCATIVO,ENC_INTRAMUROS,0.0021425933035789067,False
Mutual Information,ENC_NIVEL_EDUCATIVO,ENC_RANGOS_EDAD_INPEC,0.032574556618783876,False
Mutual Information,ENC_NIVEL_EDUCATIVO,ENC_GENERO,0.0007153620470282925,False
Mutual Information,ENC_NIVEL_EDUCATIVO,ENC_REGIONAL_CENTRAL,0.001218242539834112,False
Mutual Information,ENC_NIVEL_EDUCATIVO,ENC_REGIONAL_OCCIDENTE,0.00041479220602422024,False
Mutual Information,ENC_NIVEL_EDUCATIVO,ENC_REGIONAL_NOROESTE,0.0005301294213785411,False
Mutual Information,ENC_NIVEL_EDUCATIVO,ENC_REGIONAL_NORTE,0.0005611723802592696,False
Mutual Information,ENC_NIVEL_EDUCATIVO,ENC_REGIONAL_ORIENTE,0.0004169311876297025,False
Mutual Information,ENC_NIVEL_EDUCATIVO,ENC_REGIONAL_VIEJO_CALDAS,0.0011063042885471447,False
Mutual Information,ENC_NIVEL_EDUCATIVO,ENC_REINCIDENTE,0.003930592767858072,False
Mutual Information,ENC_REGIONAL_CENTRAL,ENC_HOMICIDIO,6.085966886387739e-05,False
Mutual Information,ENC_REGIONAL_CENTRAL,ENC_HURTO,0.007248979446315418,False
Mutual Information,ENC_REGIONAL_CENTRAL,ENC_FATRAPORTE_ARMAS_MUNICIONES,0.0017728177251087052,False
Mutual Information,ENC_REGIONAL_CENTRAL,ENC_TRAFAPORTE_ESTUPEFACIENTES,0.0033698785860006297,False
Mutual Information,ENC_REGIONAL_CENTRAL,ENC_CONCIERTO_DELINQUIR,0.0011935472672273406,False
Mutual Information,ENC_REGIONAL_CENTRAL,ENC_FATRAPORTE_ARMAS_ACCESORIOS_MUNICIONES,0.00016864188935050706,False
Mutual Information,ENC_REGIONAL_CENTRAL,ENC_ACTOS_SEXUALES_MENOR_14,0.00037596702046743813,False
Mutual Information,ENC_REGIONAL_CENTRAL,ENC_ACC_CARNAL_14,0.0002468600203719487,False
Mutual Information,ENC_REGIONAL_CENTRAL,ENC_INTRAMUROS,0.004794324701224401,False
Mutual Information,ENC_REGIONAL_CENTRAL,ENC_RANGOS_EDAD_INPEC,0.0007733477907336944,False
Mutual Information,ENC_REGIONAL_CENTRAL,ENC_GENERO,4.761238794004363e-06,False
Mutual Information,ENC_REGIONAL_CENTRAL,ENC_NIVEL_EDUCATIVO,0.001218242539834112,False
Mutual Information,ENC_REGIONAL_CENTRAL,ENC_REGIONAL_OCCIDENTE,0.09945885559703271,False
Mutual Information,ENC_REGIONAL_CENTRAL,ENC_REGIONAL_NOROESTE,0.06554831938036604,False
Mutual Information,ENC_REGIONAL_CENTRAL,ENC_REGIONAL_NORTE,0.052649623972198856,False
Mutual Information,ENC_REGIONAL_CENTRAL,ENC_REGIONAL_ORIENTE,0.043805436752177046,False
Mutual Information,ENC_REGIONAL_CENTRAL,ENC_REGIONAL_VIEJO_CALDAS,0.05212776674930847,False
Mutual Information,ENC_REGIONAL_CENTRAL,ENC_REINCIDENTE,4.1304321785562426e-05,False
Mutual Information,ENC_REGIONAL_OCCIDENTE,ENC_HOMICIDIO,0.0006988360439518504,False
Mutual Information,ENC_REGIONAL_OCCIDENTE,ENC_HURTO,0.0018125223850313232,False
Mutual Information,ENC_REGIONAL_OCCIDENTE,ENC_FATRAPORTE_ARMAS_MUNICIONES,0.0020153035546278675,False
Mutual Information,ENC_REGIONAL_OCCIDENTE,ENC_TRAFAPORTE_ESTUPEFACIENTES,0.001094402718750026,False
Mutual Information,ENC_REGIONAL_OCCIDENTE,ENC_CONCIERTO_DELINQUIR,0.0003398736324992241,False
Mutual Information,ENC_REGIONAL_OCCIDENTE,ENC_FATRAPORTE_ARMAS_ACCESORIOS_MUNICIONES,0.0002441612693050016,False
Mutual Information,ENC_REGIONAL_OCCIDENTE,ENC_ACTOS_SEXUALES_MENOR_14,0.0002645761613946987,False
Mutual Information,ENC_REGIONAL_OCCIDENTE,ENC_ACC_CARNAL_14,9.02735870067159e-06,False
Mutual Information,ENC_REGIONAL_OCCIDENTE,ENC_INTRAMUROS,0.00016236767660057772,False
Mutual Information,ENC_REGIONAL_OCCIDENTE,ENC_RANGOS_EDAD_INPEC,0.0009794061066496114,False
Mutual Information,ENC_REGIONAL_OCCIDENTE,ENC_GENERO,4.799074222568145e-05,False
Mutual Information,ENC_REGIONAL_OCCIDENTE,ENC_NIVEL_EDUCATIVO,0.00041479220602422024,False
Mutual Information,ENC_REGIONAL_OCCIDENTE,ENC_REGIONAL_CENTRAL,0.09945885559703271,False
Mutual Information,ENC_REGIONAL_OCCIDENTE,ENC_REGIONAL_NOROESTE,0.031606791503197784,False
Mutual Information,ENC_REGIONAL_OCCIDENTE,ENC_REGIONAL_NORTE,0.025446649350072847,False
Mutual Information,ENC_REGIONAL_OCCIDENTE,ENC_REGIONAL_ORIENTE,0.021205301452422554,False
Mutual Information,ENC_REGIONAL_OCCIDENTE,ENC_REGIONAL_VIEJO_CALDAS,0.025196777100318063,False
Mutual Information,ENC_REGIONAL_OCCIDENTE,ENC_REINCIDENTE,0.0001840942998602435,False
Mutual Information,ENC_REGIONAL_NOROESTE,ENC_HOMICIDIO,0.0014227715203758984,False
Mutual Information,ENC_REGIONAL_NOROESTE,ENC_HURTO,0.0018111505900295644,False
Mutual Information,ENC_REGIONAL_NOROESTE,ENC_FATRAPORTE_ARMAS_MUNICIONES,0.00026111222128664957,False
Mutual Information,ENC_REGIONAL_NOROESTE,ENC_TRAFAPORTE_ESTUPEFACIENTES,0.000207134530239933,False
Mutual Information,ENC_REGIONAL_NOROESTE,ENC_CONCIERTO_DELINQUIR,0.006997761829259208,False
Mutual Information,ENC_REGIONAL_NOROESTE,ENC_FATRAPORTE_ARMAS_ACCESORIOS_MUNICIONES,3.197776144020503e-07,False
Mutual Information,ENC_REGIONAL_NOROESTE,ENC_ACTOS_SEXUALES_MENOR_14,5.244610727326432e-05,False
Mutual Information,ENC_REGIONAL_NOROESTE,ENC_ACC_CARNAL_14,1.061259909876898e-05,False
Mutual Information,ENC_REGIONAL_NOROESTE,ENC_INTRAMUROS,0.00018895278793423786,False
Mutual Information,ENC_REGIONAL_NOROESTE,ENC_RANGOS_EDAD_INPEC,0.0015483601300193169,False
Mutual Information,ENC_REGIONAL_NOROESTE,ENC_GENERO,0.00047062177464006483,False
Mutual Information,ENC_REGIONAL_NOROESTE,ENC_NIVEL_EDUCATIVO,0.0005301294213785411,False
Mutual Information,ENC_REGIONAL_NOROESTE,ENC_REGIONAL_CENTRAL,0.06554831938036604,False
Mutual Information,ENC_REGIONAL_NOROESTE,ENC_REGIONAL_OCCIDENTE,0.031606791503197784,False
Mutual Information,ENC_REGIONAL_NOROESTE,ENC_REGIONAL_NORTE,0.01691998543052406,False
Mutual Information,ENC_REGIONAL_NOROESTE,ENC_REGIONAL_ORIENTE,0.014105971481161245,False
Mutual Information,ENC_REGIONAL_NOROESTE,ENC_REGIONAL_VIEJO_CALDAS,0.016754273566367356,False
Mutual Information,ENC_REGIONAL_NOROESTE,ENC_REINCIDENTE,0.00014640336491157646,False
Mutual Information,ENC_REGIONAL_NORTE,ENC_HOMICIDIO,0.001238985700511508,False
Mutual Information,ENC_REGIONAL_NORTE,ENC_HURTO,1.935903634504854e-05,False
Mutual Information,ENC_REGIONAL_NORTE,ENC_FATRAPORTE_ARMAS_MUNICIONES,0.0004371311920818577,False
Mutual Information,ENC_REGIONAL_NORTE,ENC_TRAFAPORTE_ESTUPEFACIENTES,0.00011400802421056289,False
Mutual Information,ENC_REGIONAL_NORTE,ENC_CONCIERTO_DELINQUIR,0.0007534154889040287,False
Mutual Information,ENC_REGIONAL_NORTE,ENC_FATRAPORTE_ARMAS_ACCESORIOS_MUNICIONES,2.4050397189875894e-05,False
Mutual Information,ENC_REGIONAL_NORTE,ENC_ACTOS_SEXUALES_MENOR_14,0.0015406991939747958,False
Mutual Information,ENC_REGIONAL_NORTE,ENC_ACC_CARNAL_14,0.0005649841607626616,False
Mutual Information,ENC_REGIONAL_NORTE,ENC_INTRAMUROS,0.01720738734445207,False
Mutual Information,ENC_REGIONAL_NORTE,ENC_RANGOS_EDAD_INPEC,0.001362281699207048,False
Mutual Information,ENC_REGIONAL_NORTE,ENC_GENERO,3.608838519247176e-05,False
Mutual Information,ENC_REGIONAL_NORTE,ENC_NIVEL_EDUCATIVO,0.0005611723802592696,False
Mutual Information,ENC_REGIONAL_NORTE,ENC_REGIONAL_CENTRAL,0.052649623972198856,False
Mutual Information,ENC_REGIONAL_NORTE,ENC_REGIONAL_OCCIDENTE,0.025446649350072847,False
Mutual Information,ENC_REGIONAL_NORTE,ENC_REGIONAL_NOROESTE,0.01691998543052406,False
Mutual Information,ENC_REGIONAL_NORTE,ENC_REGIONAL_ORIENTE,0.011368604096673007,False
Mutual Information,ENC_REGIONAL_NORTE,ENC_REGIONAL_VIEJO_CALDAS,0.01350093344323014,False
Mutual Information,ENC_REGIONAL_NORTE,ENC_REINCIDENTE,0.0001868468376510224,False
Mutual Information,ENC_REGIONAL_ORIENTE,ENC_HOMICIDIO,2.774585181122835e-06,False
Mutual Information,ENC_REGIONAL_ORIENTE,ENC_HURTO,3.4388739463334095e-05,False
Mutual Information,ENC_REGIONAL_ORIENTE,ENC_FATRAPORTE_ARMAS_MUNICIONES,9.477314912381685e-06,False
Mutual Information,ENC_REGIONAL_ORIENTE,ENC_TRAFAPORTE_ESTUPEFACIENTES,0.0007744396108510243,False
Mutual Information,ENC_REGIONAL_ORIENTE,ENC_CONCIERTO_DELINQUIR,0.0003604316312972103,False
Mutual Information,ENC_REGIONAL_ORIENTE,ENC_FATRAPORTE_ARMAS_ACCESORIOS_MUNICIONES,0.00029893474301028594,False
Mutual Information,ENC_REGIONAL_ORIENTE,ENC_ACTOS_SEXUALES_MENOR_14,0.00014316821434996047,False
Mutual Information,ENC_REGIONAL_ORIENTE,ENC_ACC_CARNAL_14,2.326717169701467e-05,False
Mutual Information,ENC_REGIONAL_ORIENTE,ENC_INTRAMUROS,1.357871631131602e-05,False
Mutual Information,ENC_REGIONAL_ORIENTE,ENC_RANGOS_EDAD_INPEC,0.00017183466295831937,False
Mutual Information,ENC_REGIONAL_ORIENTE,ENC_GENERO,0.00019849273127993394,False
Mutual Information,ENC_REGIONAL_ORIENTE,ENC_NIVEL_EDUCATIVO,0.0004169311876297025,False
Mutual Information,ENC_REGIONAL_ORIENTE,ENC_REGIONAL_CENTRAL,0.043805436752177046,False
Mutual Information,ENC_REGIONAL_ORIENTE,ENC_REGIONAL_OCCIDENTE,0.021205301452422554,False
Mutual Information,ENC_REGIONAL_ORIENTE,ENC_REGIONAL_NOROESTE,0.014105971481161245,False
Mutual Information,ENC_REGIONAL_ORIENTE,ENC_REGIONAL_NORTE,0.011368604096673007,False
Mutual Information,ENC_REGIONAL_ORIENTE,ENC_REGIONAL_VIEJO_CALDAS,0.011257442388713096,False
Mutual Information,ENC_REGIONAL_ORIENTE,ENC_REINCIDENTE,4.798795819799251e-06,False
Mutual Information,ENC_REGIONAL_VIEJO_CALDAS,ENC_HOMICIDIO,0.0007250546296817123,False
Mutual Information,ENC_REGIONAL_VIEJO_CALDAS,ENC_HURTO,0.0012799435415851018,False
Mutual Information,ENC_REGIONAL_VIEJO_CALDAS,ENC_FATRAPORTE_ARMAS_MUNICIONES,2.877462642984774e-05,False
Mutual Information,ENC_REGIONAL_VIEJO_CALDAS,ENC_TRAFAPORTE_ESTUPEFACIENTES,0.0018109688950793124,False
Mutual Information,ENC_REGIONAL_VIEJO_CALDAS,ENC_CONCIERTO_DELINQUIR,0.00048091021864161976,False
Mutual Information,ENC_REGIONAL_VIEJO_CALDAS,ENC_FATRAPORTE_ARMAS_ACCESORIOS_MUNICIONES,0.00014106993334339624,False
Mutual Information,ENC_REGIONAL_VIEJO_CALDAS,ENC_ACTOS_SEXUALES_MENOR_14,3.2829080524723886e-05,False
Mutual Information,ENC_REGIONAL_VIEJO_CALDAS,ENC_ACC_CARNAL_14,9.308886565195795e-07,False
Mutual Information,ENC_REGIONAL_VIEJO_CALDAS,ENC_INTRAMUROS,0.003514526029283288,False
Mutual Information,ENC_REGIONAL_VIEJO_CALDAS,ENC_RANGOS_EDAD_INPEC,0.0002824370574257759,False
Mutual Information,ENC_REGIONAL_VIEJO_CALDAS,ENC_GENERO,3.9525477516115515e-05,False
Mutual Information,ENC_REGIONAL_VIEJO_CALDAS,ENC_NIVEL_EDUCATIVO,0.0011063042885471443,False
Mutual Information,ENC_REGIONAL_VIEJO_CALDAS,ENC_REGIONAL_CENTRAL,0.05212776674930847,False
Mutual Information,ENC_REGIONAL_VIEJO_CALDAS,ENC_REGIONAL_OCCIDENTE,0.025196777100318063,False
Mutual Information,ENC_REGIONAL_VIEJO_CALDAS,ENC_REGIONAL_NOROESTE,0.016754273566367356,False
Mutual Information,ENC_REGIONAL_VIEJO_CALDAS,ENC_REGIONAL_NORTE,0.01350093344323014,False
Mutual Information,ENC_REGIONAL_VIEJO_CALDAS,ENC_REGIONAL_ORIENTE,0.011257442388713096,False
Mutual Information,ENC_REGIONAL_VIEJO_CALDAS,ENC_REINCIDENTE,7.388036322802938e-05,False
Mutual Information,ENC_REINCIDENTE,ENC_HOMICIDIO,0.0019210793048861918,False
Mutual Information,ENC_REINCIDENTE,ENC_HURTO,0.011484776907928262,False
Mutual Information,ENC_REINCIDENTE,ENC_FATRAPORTE_ARMAS_MUNICIONES,0.001818364711690501,False
Mutual Information,ENC_REINCIDENTE,ENC_TRAFAPORTE_ESTUPEFACIENTES,8.250076211635538e-07,False
Mutual Information,ENC_REINCIDENTE,ENC_CONCIERTO_DELINQUIR,1.6244043604646263e-05,False
Mutual Information,ENC_REINCIDENTE,ENC_FATRAPORTE_ARMAS_ACCESORIOS_MUNICIONES,0.00011936246738858403,False
Mutual Information,ENC_REINCIDENTE,ENC_ACTOS_SEXUALES_MENOR_14,0.004705441222326356,False
Mutual Information,ENC_REINCIDENTE,ENC_ACC_CARNAL_14,0.0013228445094581962,False
Mutual Information,ENC_REINCIDENTE,ENC_INTRAMUROS,0.003277830404139842,False
Mutual Information,ENC_REINCIDENTE,ENC_RANGOS_EDAD_INPEC,0.013621637425127621,False
Mutual Information,ENC_REINCIDENTE,ENC_GENERO,0.0019208544791902427,False
Mutual Information,ENC_REINCIDENTE,ENC_NIVEL_EDUCATIVO,0.003930592767858072,False
Mutual Information,ENC_REINCIDENTE,ENC_REGIONAL_CENTRAL,4.1304321785562426e-05,False
Mutual Information,ENC_REINCIDENTE,ENC_REGIONAL_OCCIDENTE,0.0001840942998602435,False
Mutual Information,ENC_REINCIDENTE,ENC_REGIONAL_NOROESTE,0.00014640336491157646,False
Mutual Information,ENC_REINCIDENTE,ENC_REGIONAL_NORTE,0.0001868468376510224,False
Mutual Information,ENC_REINCIDENTE,ENC_REGIONAL_ORIENTE,4.798795819799251e-06,False
Mutual Information,ENC_REINCIDENTE,ENC_REGIONAL_VIEJO_CALDAS,7.388036322802938e-05,False
Pearson Correlation,ENC_ANNO_INGRESO,ENC_MESES_CONDENA,-0.29650169937510656,False
Pearson Correlation,ENC_MESES_CONDENA,ENC_ANNO_INGRESO,-0.2965016993751066,False
Spearman Correlation,ENC_ANNO_INGRESO,ENC_MESES_CONDENA,-0.2914215582264679,False
Spearman Correlation,ENC_MESES_CONDENA,ENC_ANNO_INGRESO,-0.291421558226468,False
Kendall Tau Correlation,ENC_ANNO_INGRESO,ENC_MESES_CONDENA,-0.21838756697060596,False
Kendall Tau Correlation,ENC_MESES_CONDENA,ENC_ANNO_INGRESO,-0.21838756697060593,False
