atributo1,atributo2,valor1,valor2,proporcion,tipo
ENC_HOMICIDIO,ENC_GENERO,0,1,0.8929846238330588,ALTO
ENC_HOMICIDIO,ENC_GENERO,1,1,0.955594002306805,ALTO
ENC_HOMICIDIO,ENC_REINCIDENTE,0,0,0.7013316858868753,ALTO
ENC_HOMICIDIO,ENC_REINCIDENTE,1,0,0.7639369473279508,ALTO
ENC_HURTO,ENC_GENERO,0,1,0.8987662782727895,ALTO
ENC_HURTO,ENC_GENERO,1,1,0.9395752895752896,ALTO
ENC_HURTO,ENC_REINCIDENTE,0,0,0.7592871830020562,ALTO
ENC_HURTO,ENC_REINCIDENTE,1,0,0.600965250965251,ALTO
ENC_FATRAPORTE_ARMAS_MUNICIONES,ENC_GENERO,0,1,0.8909508063971928,ALTO
ENC_FATRAPORTE_ARMAS_MUNICIONES,ENC_GENERO,1,1,0.9648555847303575,ALTO
ENC_FATRAPORTE_ARMAS_MUNICIONES,ENC_REINCIDENTE,0,0,0.7336527431000742,ALTO
ENC_FATRAPORTE_ARMAS_MUNICIONES,ENC_REINCIDENTE,1,0,0.6703696222985256,ALTO
ENC_TRAFAPORTE_ESTUPEFACIENTES,ENC_GENERO,0,1,0.9424066924066924,ALTO
ENC_TRAFAPORTE_ESTUPEFACIENTES,ENC_GENERO,1,1,0.7884160756501182,ALTO
ENC_TRAFAPORTE_ESTUPEFACIENTES,ENC_REINCIDENTE,0,0,0.7175032175032175,ALTO
ENC_TRAFAPORTE_ESTUPEFACIENTES,ENC_REINCIDENTE,1,0,0.7189125295508274,ALTO
ENC_CONCIERTO_DELINQUIR,ENC_GENERO,0,1,0.9185126582278481,ALTO
ENC_CONCIERTO_DELINQUIR,ENC_GENERO,1,1,0.8648891551827441,ALTO
ENC_CONCIERTO_DELINQUIR,ENC_REINCIDENTE,0,0,0.7166504381694255,ALTO
ENC_CONCIERTO_DELINQUIR,ENC_REINCIDENTE,1,0,0.7234871180347513,ALTO
ENC_FATRAPORTE_ARMAS_ACCESORIOS_MUNICIONES,ENC_GENERO,0,1,0.9072517220805988,ALTO
ENC_FATRAPORTE_ARMAS_ACCESORIOS_MUNICIONES,ENC_GENERO,1,1,0.9399849962490623,ALTO
ENC_FATRAPORTE_ARMAS_ACCESORIOS_MUNICIONES,ENC_REINCIDENTE,0,0,0.7159516190269567,ALTO
ENC_FATRAPORTE_ARMAS_ACCESORIOS_MUNICIONES,ENC_REINCIDENTE,1,0,0.7434358589647412,ALTO
ENC_ACTOS_SEXUALES_MENOR_14,ENC_GENERO,0,1,0.9052704651038608,ALTO
ENC_ACTOS_SEXUALES_MENOR_14,ENC_GENERO,1,1,0.9846596356663471,ALTO
ENC_ACTOS_SEXUALES_MENOR_14,ENC_REINCIDENTE,0,0,0.7083355582848294,ALTO
ENC_ACTOS_SEXUALES_MENOR_14,ENC_REINCIDENTE,1,0,0.887823585810163,ALTO
ENC_ACC_CARNAL_14,ENC_GENERO,0,1,0.908357733600452,ALTO
ENC_ACC_CARNAL_14,ENC_GENERO,1,1,0.9801980198019802,ALTO
ENC_ACC_CARNAL_14,ENC_REINCIDENTE,0,0,0.7151589870036472,ALTO
ENC_ACC_CARNAL_14,ENC_REINCIDENTE,1,0,0.8877887788778878,ALTO
ENC_ANNO_INGRESO,ENC_GENERO,"(1996.976, 2003.0]",1,0.8571428571428571,ALTO
ENC_ANNO_INGRESO,ENC_GENERO,"(2003.0, 2009.0]",1,0.8805031446540881,ALTO
ENC_ANNO_INGRESO,ENC_GENERO,"(2009.0, 2015.0]",1,0.9022061244649325,ALTO
ENC_ANNO_INGRESO,ENC_GENERO,"(2015.0, 2021.0]",1,0.9111111111111111,ALTO
ENC_ANNO_INGRESO,ENC_REINCIDENTE,"(1996.976, 2003.0]",0,1.0,ALTO
ENC_ANNO_INGRESO,ENC_REINCIDENTE,"(2003.0, 2009.0]",0,0.9308176100628931,ALTO
ENC_ANNO_INGRESO,ENC_REINCIDENTE,"(2009.0, 2015.0]",0,0.8060586104708594,ALTO
ENC_ANNO_INGRESO,ENC_REINCIDENTE,"(2015.0, 2021.0]",0,0.6993357487922706,ALTO
ENC_INTRAMUROS,ENC_GENERO,0,1,0.8659446802283038,ALTO
ENC_INTRAMUROS,ENC_GENERO,1,1,0.9324418335008117,ALTO
ENC_INTRAMUROS,ENC_REINCIDENTE,0,0,0.7674520708327236,ALTO
ENC_INTRAMUROS,ENC_REINCIDENTE,1,0,0.6915822833732704,ALTO
ENC_MESES_CONDENA,ENC_GENERO,"(-0.72, 180.0]",1,0.892998417721519,ALTO
ENC_MESES_CONDENA,ENC_GENERO,"(180.0, 360.0]",1,0.9647092855076657,ALTO
ENC_MESES_CONDENA,ENC_GENERO,"(360.0, 540.0]",1,0.9589178356713427,ALTO
ENC_MESES_CONDENA,ENC_GENERO,"(540.0, 720.0]",1,0.9727891156462585,ALTO
ENC_MESES_CONDENA,ENC_REINCIDENTE,"(-0.72, 180.0]",0,0.6962025316455697,ALTO
ENC_MESES_CONDENA,ENC_REINCIDENTE,"(180.0, 360.0]",0,0.7813132774081574,ALTO
ENC_MESES_CONDENA,ENC_REINCIDENTE,"(360.0, 540.0]",0,0.8196392785571143,ALTO
ENC_MESES_CONDENA,ENC_REINCIDENTE,"(540.0, 720.0]",0,0.7619047619047619,ALTO
ENC_RANGOS_EDAD_INPEC,ENC_GENERO,1,1,0.9130604288499026,ALTO
ENC_RANGOS_EDAD_INPEC,ENC_GENERO,2,1,0.9133473095737247,ALTO
ENC_RANGOS_EDAD_INPEC,ENC_GENERO,3,1,0.916463909164639,ALTO
ENC_RANGOS_EDAD_INPEC,ENC_GENERO,4,1,0.9022020725388601,ALTO
ENC_RANGOS_EDAD_INPEC,ENC_GENERO,5,1,0.902283105022831,ALTO
ENC_RANGOS_EDAD_INPEC,ENC_GENERO,6,1,0.9058064516129032,ALTO
ENC_RANGOS_EDAD_INPEC,ENC_GENERO,7,1,0.9032567049808429,ALTO
ENC_RANGOS_EDAD_INPEC,ENC_GENERO,8,1,0.908955223880597,ALTO
ENC_RANGOS_EDAD_INPEC,ENC_GENERO,9,1,0.9040767386091128,ALTO
ENC_RANGOS_EDAD_INPEC,ENC_GENERO,10,1,0.9133858267716536,ALTO
ENC_RANGOS_EDAD_INPEC,ENC_REINCIDENTE,1,0,0.8514619883040936,ALTO
ENC_RANGOS_EDAD_INPEC,ENC_REINCIDENTE,2,0,0.7120894479385046,ALTO
ENC_RANGOS_EDAD_INPEC,ENC_REINCIDENTE,3,0,0.6463909164639091,ALTO
ENC_RANGOS_EDAD_INPEC,ENC_REINCIDENTE,4,0,0.6483160621761658,ALTO
ENC_RANGOS_EDAD_INPEC,ENC_REINCIDENTE,5,0,0.6876712328767123,ALTO
ENC_RANGOS_EDAD_INPEC,ENC_REINCIDENTE,6,0,0.7387096774193549,ALTO
ENC_RANGOS_EDAD_INPEC,ENC_REINCIDENTE,7,0,0.7624521072796935,ALTO
ENC_RANGOS_EDAD_INPEC,ENC_REINCIDENTE,8,0,0.8,ALTO
ENC_RANGOS_EDAD_INPEC,ENC_REINCIDENTE,9,0,0.8393285371702638,ALTO
ENC_RANGOS_EDAD_INPEC,ENC_REINCIDENTE,10,0,0.8818897637795275,ALTO
ENC_NIVEL_EDUCATIVO,ENC_GENERO,1,1,0.9422632794457275,ALTO
ENC_NIVEL_EDUCATIVO,ENC_GENERO,2,1,0.9137055837563451,ALTO
ENC_NIVEL_EDUCATIVO,ENC_GENERO,3,1,0.9099861128645373,ALTO
ENC_NIVEL_EDUCATIVO,ENC_GENERO,4,1,0.9108007979481334,ALTO
ENC_NIVEL_EDUCATIVO,ENC_GENERO,5,1,0.9050531058899259,ALTO
ENC_NIVEL_EDUCATIVO,ENC_GENERO,6,1,0.8575498575498576,ALTO
ENC_NIVEL_EDUCATIVO,ENC_GENERO,7,1,0.8725490196078431,ALTO
ENC_NIVEL_EDUCATIVO,ENC_GENERO,8,1,0.8681318681318682,ALTO
ENC_NIVEL_EDUCATIVO,ENC_GENERO,9,1,1.0,ALTO
ENC_NIVEL_EDUCATIVO,ENC_REINCIDENTE,1,0,0.7413394919168591,ALTO
ENC_NIVEL_EDUCATIVO,ENC_REINCIDENTE,2,0,0.7307227459511724,ALTO
ENC_NIVEL_EDUCATIVO,ENC_REINCIDENTE,3,0,0.7328620123721752,ALTO
ENC_NIVEL_EDUCATIVO,ENC_REINCIDENTE,4,0,0.6785408948418353,ALTO
ENC_NIVEL_EDUCATIVO,ENC_REINCIDENTE,5,0,0.6729964596073382,ALTO
ENC_NIVEL_EDUCATIVO,ENC_REINCIDENTE,6,0,0.8689458689458689,ALTO
ENC_NIVEL_EDUCATIVO,ENC_REINCIDENTE,7,0,0.8431372549019608,ALTO
ENC_NIVEL_EDUCATIVO,ENC_REINCIDENTE,8,0,0.8296703296703297,ALTO
ENC_NIVEL_EDUCATIVO,ENC_REINCIDENTE,9,0,1.0,ALTO
ENC_REGIONAL_CENTRAL,ENC_GENERO,0,1,0.9087968441814596,ALTO
ENC_REGIONAL_CENTRAL,ENC_GENERO,1,1,0.9106412966878084,ALTO
ENC_REGIONAL_CENTRAL,ENC_REINCIDENTE,0,0,0.7208678500986193,ALTO
ENC_REGIONAL_CENTRAL,ENC_REINCIDENTE,1,0,0.7123326286116983,ALTO
ENC_REGIONAL_OCCIDENTE,ENC_GENERO,0,1,0.9080856945404284,ALTO
ENC_REGIONAL_OCCIDENTE,ENC_GENERO,1,1,0.9151310667012718,ALTO
ENC_REGIONAL_OCCIDENTE,ENC_REINCIDENTE,0,0,0.7135766790224288,ALTO
ENC_REGIONAL_OCCIDENTE,ENC_REINCIDENTE,1,0,0.7352712172333247,ALTO
ENC_REGIONAL_NOROESTE,ENC_GENERO,0,1,0.9130333138515488,ALTO
ENC_REGIONAL_NOROESTE,ENC_GENERO,1,1,0.8864661654135338,ALTO
ENC_REGIONAL_NOROESTE,ENC_REINCIDENTE,0,0,0.7147866744593805,ALTO
ENC_REGIONAL_NOROESTE,ENC_REINCIDENTE,1,0,0.737218045112782,ALTO
ENC_REGIONAL_NORTE,ENC_GENERO,0,1,0.9086104006820119,ALTO
ENC_REGIONAL_NORTE,ENC_GENERO,1,1,0.9163218390804597,ALTO
ENC_REGIONAL_NORTE,ENC_REINCIDENTE,0,0,0.7208866155157715,ALTO
ENC_REGIONAL_NORTE,ENC_REINCIDENTE,1,0,0.6928735632183908,ALTO
ENC_REGIONAL_ORIENTE,ENC_GENERO,0,1,0.9076820158323113,ALTO
ENC_REGIONAL_ORIENTE,ENC_GENERO,1,1,0.9268558951965066,ALTO
ENC_REGIONAL_ORIENTE,ENC_REINCIDENTE,0,0,0.7173597948489241,ALTO
ENC_REGIONAL_ORIENTE,ENC_REINCIDENTE,1,0,0.7221615720524017,ALTO
ENC_REGIONAL_VIEJO_CALDAS,ENC_GENERO,0,1,0.9103604882202668,ALTO
ENC_REGIONAL_VIEJO_CALDAS,ENC_GENERO,1,1,0.9020881670533643,ALTO
ENC_REGIONAL_VIEJO_CALDAS,ENC_REINCIDENTE,0,0,0.7197275049673574,ALTO
ENC_REGIONAL_VIEJO_CALDAS,ENC_REINCIDENTE,1,0,0.7020881670533643,ALTO
ENC_HOMICIDIO,ENC_HURTO,0,0,0.7089511257550797,ALTO
ENC_HOMICIDIO,ENC_HURTO,1,0,0.8193002691272587,ALTO
ENC_HOMICIDIO,ENC_FATRAPORTE_ARMAS_MUNICIONES,0,0,0.8056699615595826,ALTO
ENC_HOMICIDIO,ENC_FATRAPORTE_ARMAS_MUNICIONES,1,0,0.5924644367550942,ALTO
ENC_HOMICIDIO,ENC_TRAFAPORTE_ESTUPEFACIENTES,0,0,0.7251510159253157,ALTO
ENC_HOMICIDIO,ENC_TRAFAPORTE_ESTUPEFACIENTES,1,0,0.9565551710880431,ALTO
ENC_HOMICIDIO,ENC_CONCIERTO_DELINQUIR,0,0,0.8256452498627128,ALTO
ENC_HOMICIDIO,ENC_CONCIERTO_DELINQUIR,1,0,0.8465974625144176,ALTO
ENC_HOMICIDIO,ENC_FATRAPORTE_ARMAS_ACCESORIOS_MUNICIONES,0,0,0.9325919824272377,ALTO
ENC_HOMICIDIO,ENC_FATRAPORTE_ARMAS_ACCESORIOS_MUNICIONES,1,0,0.9325259515570934,ALTO
ENC_HOMICIDIO,ENC_ACTOS_SEXUALES_MENOR_14,0,0,0.9290225151015925,ALTO
ENC_HOMICIDIO,ENC_ACTOS_SEXUALES_MENOR_14,1,0,0.9982698961937716,ALTO
ENC_HOMICIDIO,ENC_ACC_CARNAL_14,0,0,0.979818780889621,ALTO
ENC_HOMICIDIO,ENC_ACC_CARNAL_14,1,0,0.9982698961937716,ALTO
ENC_HOMICIDIO,ENC_ANNO_INGRESO,0,"(1996.976, 2003.0]",0.0007550796265788028,BAJO
ENC_HOMICIDIO,ENC_ANNO_INGRESO,0,"(2003.0, 2009.0]",0.005971993410214168,BAJO
ENC_HOMICIDIO,ENC_ANNO_INGRESO,1,"(1996.976, 2003.0]",0.0005767012687427913,BAJO
ENC_HOMICIDIO,ENC_ANNO_INGRESO,1,"(2003.0, 2009.0]",0.01384083044982699,BAJO
ENC_HOMICIDIO,ENC_INTRAMUROS,0,1,0.6216364634816035,ALTO
ENC_HOMICIDIO,ENC_INTRAMUROS,1,1,0.7460592079969243,ALTO
ENC_HOMICIDIO,ENC_MESES_CONDENA,0,"(360.0, 540.0]",0.011669412410763316,BAJO
ENC_HOMICIDIO,ENC_MESES_CONDENA,0,"(540.0, 720.0]",0.001029654036243822,BAJO
ENC_HOMICIDIO,ENC_MESES_CONDENA,1,"(540.0, 720.0]",0.025374855824682813,BAJO
ENC_HOMICIDIO,ENC_RANGOS_EDAD_INPEC,0,8,0.03480230642504119,BAJO
ENC_HOMICIDIO,ENC_RANGOS_EDAD_INPEC,0,9,0.022515101592531575,BAJO
ENC_HOMICIDIO,ENC_RANGOS_EDAD_INPEC,0,10,0.01400329489291598,BAJO
ENC_HOMICIDIO,ENC_RANGOS_EDAD_INPEC,1,8,0.031334102268358324,BAJO
ENC_HOMICIDIO,ENC_RANGOS_EDAD_INPEC,1,9,0.01710880430603614,BAJO
ENC_HOMICIDIO,ENC_RANGOS_EDAD_INPEC,1,10,0.009611687812379853,BAJO
ENC_HOMICIDIO,ENC_NIVEL_EDUCATIVO,0,1,0.02045579352004393,BAJO
ENC_HOMICIDIO,ENC_NIVEL_EDUCATIVO,0,6,0.020043931905546403,BAJO
ENC_HOMICIDIO,ENC_NIVEL_EDUCATIVO,0,7,0.005971993410214168,BAJO
ENC_HOMICIDIO,ENC_NIVEL_EDUCATIVO,0,8,0.010021965952773201,BAJO
ENC_HOMICIDIO,ENC_NIVEL_EDUCATIVO,0,9,0.0017847336628226248,BAJO
ENC_HOMICIDIO,ENC_NIVEL_EDUCATIVO,1,1,0.025951557093425604,BAJO
ENC_HOMICIDIO,ENC_NIVEL_EDUCATIVO,1,6,0.011341791618608228,BAJO
ENC_HOMICIDIO,ENC_NIVEL_EDUCATIVO,1,7,0.0028835063437139563,BAJO
ENC_HOMICIDIO,ENC_NIVEL_EDUCATIVO,1,8,0.006920415224913495,BAJO
ENC_HOMICIDIO,ENC_NIVEL_EDUCATIVO,1,9,0.00038446751249519417,BAJO
ENC_HOMICIDIO,ENC_REGIONAL_CENTRAL,0,0,0.6442888522789676,ALTO
ENC_HOMICIDIO,ENC_REGIONAL_CENTRAL,1,0,0.6322568242983468,ALTO
ENC_HOMICIDIO,ENC_REGIONAL_OCCIDENTE,0,0,0.8140444810543658,ALTO
ENC_HOMICIDIO,ENC_REGIONAL_OCCIDENTE,1,0,0.780084582852749,ALTO
ENC_HOMICIDIO,ENC_REGIONAL_NOROESTE,0,0,0.854818780889621,ALTO
ENC_HOMICIDIO,ENC_REGIONAL_NOROESTE,1,0,0.8952326028450596,ALTO
ENC_HOMICIDIO,ENC_REGIONAL_NORTE,0,0,0.8809033498077979,ALTO
ENC_HOMICIDIO,ENC_REGIONAL_NORTE,1,0,0.9154171472510573,ALTO
ENC_HOMICIDIO,ENC_REGIONAL_ORIENTE,0,0,0.9077429983525536,ALTO
ENC_HOMICIDIO,ENC_REGIONAL_ORIENTE,1,0,0.9061899269511726,ALTO
ENC_HOMICIDIO,ENC_REGIONAL_VIEJO_CALDAS,0,0,0.8982015376166941,ALTO
ENC_HOMICIDIO,ENC_REGIONAL_VIEJO_CALDAS,1,0,0.8708189158016147,ALTO
ENC_HURTO,ENC_FATRAPORTE_ARMAS_MUNICIONES,0,0,0.7553803975325566,ALTO
ENC_HURTO,ENC_FATRAPORTE_ARMAS_MUNICIONES,1,0,0.7332046332046332,ALTO
ENC_HURTO,ENC_TRAFAPORTE_ESTUPEFACIENTES,0,0,0.7183002056202878,ALTO
ENC_HURTO,ENC_TRAFAPORTE_ESTUPEFACIENTES,1,0,0.9768339768339769,ALTO
ENC_HURTO,ENC_CONCIERTO_DELINQUIR,0,0,0.8028101439342015,ALTO
ENC_HURTO,ENC_CONCIERTO_DELINQUIR,1,0,0.911003861003861,ALTO
ENC_HURTO,ENC_FATRAPORTE_ARMAS_ACCESORIOS_MUNICIONES,0,0,0.9274845784784098,ALTO
ENC_HURTO,ENC_FATRAPORTE_ARMAS_ACCESORIOS_MUNICIONES,1,0,0.946911196911197,ALTO
ENC_HURTO,ENC_ACTOS_SEXUALES_MENOR_14,0,0,0.929061000685401,ALTO
ENC_HURTO,ENC_ACTOS_SEXUALES_MENOR_14,1,0,0.9984555984555985,ALTO
ENC_HURTO,ENC_ACC_CARNAL_14,0,0,0.9797806716929404,ALTO
ENC_HURTO,ENC_ACC_CARNAL_14,1,0,0.9984555984555985,ALTO
ENC_HURTO,ENC_ANNO_INGRESO,0,"(1996.976, 2003.0]",0.0008224811514736121,BAJO
ENC_HURTO,ENC_ANNO_INGRESO,0,"(2003.0, 2009.0]",0.008498971898560657,BAJO
ENC_HURTO,ENC_ANNO_INGRESO,1,"(1996.976, 2003.0]",0.0003861003861003861,BAJO
ENC_HURTO,ENC_ANNO_INGRESO,1,"(2003.0, 2009.0]",0.006756756756756757,BAJO
ENC_HURTO,ENC_INTRAMUROS,0,1,0.6492117888965044,ALTO
ENC_HURTO,ENC_INTRAMUROS,1,1,0.668918918918919,ALTO
ENC_HURTO,ENC_MESES_CONDENA,0,"(540.0, 720.0]",0.006648389307745031,BAJO
ENC_HURTO,ENC_MESES_CONDENA,1,"(360.0, 540.0]",0.0472972972972973,BAJO
ENC_HURTO,ENC_MESES_CONDENA,1,"(540.0, 720.0]",0.009652509652509652,BAJO
ENC_HURTO,ENC_RANGOS_EDAD_INPEC,0,8,0.041466758053461276,BAJO
ENC_HURTO,ENC_RANGOS_EDAD_INPEC,0,9,0.026593557230980124,BAJO
ENC_HURTO,ENC_RANGOS_EDAD_INPEC,0,10,0.01706648389307745,BAJO
ENC_HURTO,ENC_RANGOS_EDAD_INPEC,1,6,0.045366795366795366,BAJO
ENC_HURTO,ENC_RANGOS_EDAD_INPEC,1,7,0.023552123552123553,BAJO
ENC_HURTO,ENC_RANGOS_EDAD_INPEC,1,8,0.012548262548262547,BAJO
ENC_HURTO,ENC_RANGOS_EDAD_INPEC,1,9,0.005598455598455598,BAJO
ENC_HURTO,ENC_RANGOS_EDAD_INPEC,1,10,0.0009652509652509653,BAJO
ENC_HURTO,ENC_NIVEL_EDUCATIVO,0,1,0.023783413296778615,BAJO
ENC_HURTO,ENC_NIVEL_EDUCATIVO,0,6,0.018848526387936944,BAJO
ENC_HURTO,ENC_NIVEL_EDUCATIVO,0,7,0.005825908156271419,BAJO
ENC_HURTO,ENC_NIVEL_EDUCATIVO,0,8,0.010966415352981495,BAJO
ENC_HURTO,ENC_NIVEL_EDUCATIVO,0,9,0.0018505825908156272,BAJO
ENC_HURTO,ENC_NIVEL_EDUCATIVO,1,1,0.016602316602316602,BAJO
ENC_HURTO,ENC_NIVEL_EDUCATIVO,1,6,0.014671814671814672,BAJO
ENC_HURTO,ENC_NIVEL_EDUCATIVO,1,7,0.003281853281853282,BAJO
ENC_HURTO,ENC_NIVEL_EDUCATIVO,1,8,0.0042471042471042475,BAJO
ENC_HURTO,ENC_NIVEL_EDUCATIVO,1,9,0.00019305019305019305,BAJO
ENC_HURTO,ENC_REGIONAL_CENTRAL,0,0,0.6758738862234407,ALTO
ENC_HURTO,ENC_REGIONAL_CENTRAL,1,0,0.5432432432432432,ALTO
ENC_HURTO,ENC_REGIONAL_OCCIDENTE,0,0,0.7911583276216587,ALTO
ENC_HURTO,ENC_REGIONAL_OCCIDENTE,1,0,0.8444015444015444,ALTO
ENC_HURTO,ENC_REGIONAL_NOROESTE,0,0,0.853529814941741,ALTO
ENC_HURTO,ENC_REGIONAL_NOROESTE,1,0,0.899034749034749,ALTO
ENC_HURTO,ENC_REGIONAL_NORTE,0,0,0.8888279643591501,ALTO
ENC_HURTO,ENC_REGIONAL_NORTE,1,0,0.8932432432432432,ALTO
ENC_HURTO,ENC_REGIONAL_ORIENTE,0,0,0.9087731322823852,ALTO
ENC_HURTO,ENC_REGIONAL_ORIENTE,1,0,0.9032818532818533,ALTO
ENC_HURTO,ENC_REGIONAL_VIEJO_CALDAS,0,0,0.8818368745716244,ALTO
ENC_HURTO,ENC_REGIONAL_VIEJO_CALDAS,1,0,0.9167953667953668,ALTO
ENC_FATRAPORTE_ARMAS_MUNICIONES,ENC_TRAFAPORTE_ESTUPEFACIENTES,0,0,0.7416154936230515,ALTO
ENC_FATRAPORTE_ARMAS_MUNICIONES,ENC_TRAFAPORTE_ESTUPEFACIENTES,1,0,0.9190062613613411,ALTO
ENC_FATRAPORTE_ARMAS_MUNICIONES,ENC_CONCIERTO_DELINQUIR,0,0,0.8234023888251569,ALTO
ENC_FATRAPORTE_ARMAS_MUNICIONES,ENC_CONCIERTO_DELINQUIR,1,0,0.8543728539688952,ALTO
ENC_FATRAPORTE_ARMAS_MUNICIONES,ENC_FATRAPORTE_ARMAS_ACCESORIOS_MUNICIONES,0,0,0.9167285241919158,ALTO
ENC_FATRAPORTE_ARMAS_MUNICIONES,ENC_FATRAPORTE_ARMAS_ACCESORIOS_MUNICIONES,1,0,0.980004039587962,ALTO
ENC_FATRAPORTE_ARMAS_MUNICIONES,ENC_ACTOS_SEXUALES_MENOR_14,0,0,0.9299547877724543,ALTO
ENC_FATRAPORTE_ARMAS_MUNICIONES,ENC_ACTOS_SEXUALES_MENOR_14,1,0,0.998990103009493,ALTO
ENC_FATRAPORTE_ARMAS_MUNICIONES,ENC_ACC_CARNAL_14,0,0,0.9798906808826506,ALTO
ENC_FATRAPORTE_ARMAS_MUNICIONES,ENC_ACC_CARNAL_14,1,0,0.998990103009493,ALTO
ENC_FATRAPORTE_ARMAS_MUNICIONES,ENC_ANNO_INGRESO,0,"(1996.976, 2003.0]",0.0008772521762602065,BAJO
ENC_FATRAPORTE_ARMAS_MUNICIONES,ENC_ANNO_INGRESO,0,"(2003.0, 2009.0]",0.00803023145961266,BAJO
ENC_FATRAPORTE_ARMAS_MUNICIONES,ENC_ANNO_INGRESO,1,"(1996.976, 2003.0]",0.00020197939810139365,BAJO
ENC_FATRAPORTE_ARMAS_MUNICIONES,ENC_ANNO_INGRESO,1,"(2003.0, 2009.0]",0.008079175924055746,BAJO
ENC_FATRAPORTE_ARMAS_MUNICIONES,ENC_INTRAMUROS,0,1,0.6747418854173696,ALTO
ENC_FATRAPORTE_ARMAS_MUNICIONES,ENC_INTRAMUROS,1,1,0.5934154716218946,ALTO
ENC_FATRAPORTE_ARMAS_MUNICIONES,ENC_MESES_CONDENA,0,"(360.0, 540.0]",0.03650718671975167,BAJO
ENC_FATRAPORTE_ARMAS_MUNICIONES,ENC_MESES_CONDENA,0,"(540.0, 720.0]",0.004318779944665632,BAJO
ENC_FATRAPORTE_ARMAS_MUNICIONES,ENC_MESES_CONDENA,1,"(540.0, 720.0]",0.016764290042415673,BAJO
ENC_FATRAPORTE_ARMAS_MUNICIONES,ENC_RANGOS_EDAD_INPEC,0,8,0.03940886699507389,BAJO
ENC_FATRAPORTE_ARMAS_MUNICIONES,ENC_RANGOS_EDAD_INPEC,0,9,0.024900465618462785,BAJO
ENC_FATRAPORTE_ARMAS_MUNICIONES,ENC_RANGOS_EDAD_INPEC,0,10,0.015318172616235913,BAJO
ENC_FATRAPORTE_ARMAS_MUNICIONES,ENC_RANGOS_EDAD_INPEC,1,7,0.03655827105635225,BAJO
ENC_FATRAPORTE_ARMAS_MUNICIONES,ENC_RANGOS_EDAD_INPEC,1,8,0.017370228236719853,BAJO
ENC_FATRAPORTE_ARMAS_MUNICIONES,ENC_RANGOS_EDAD_INPEC,1,9,0.009695011108866896,BAJO
ENC_FATRAPORTE_ARMAS_MUNICIONES,ENC_RANGOS_EDAD_INPEC,1,10,0.005453443748737629,BAJO
ENC_FATRAPORTE_ARMAS_MUNICIONES,ENC_NIVEL_EDUCATIVO,0,1,0.022201228153046763,BAJO
ENC_FATRAPORTE_ARMAS_MUNICIONES,ENC_NIVEL_EDUCATIVO,0,6,0.019434509750995345,BAJO
ENC_FATRAPORTE_ARMAS_MUNICIONES,ENC_NIVEL_EDUCATIVO,0,7,0.005803360550644443,BAJO
ENC_FATRAPORTE_ARMAS_MUNICIONES,ENC_NIVEL_EDUCATIVO,0,8,0.010257102368580876,BAJO
ENC_FATRAPORTE_ARMAS_MUNICIONES,ENC_NIVEL_EDUCATIVO,0,9,0.001619542479249612,BAJO
ENC_FATRAPORTE_ARMAS_MUNICIONES,ENC_NIVEL_EDUCATIVO,1,1,0.02100585740254494,BAJO
ENC_FATRAPORTE_ARMAS_MUNICIONES,ENC_NIVEL_EDUCATIVO,1,6,0.0127247020803878,BAJO
ENC_FATRAPORTE_ARMAS_MUNICIONES,ENC_NIVEL_EDUCATIVO,1,7,0.0032316703696222983,BAJO
ENC_FATRAPORTE_ARMAS_MUNICIONES,ENC_NIVEL_EDUCATIVO,1,8,0.0060593819430418095,BAJO
ENC_FATRAPORTE_ARMAS_MUNICIONES,ENC_NIVEL_EDUCATIVO,1,9,0.0008079175924055746,BAJO
ENC_FATRAPORTE_ARMAS_MUNICIONES,ENC_REGIONAL_CENTRAL,0,0,0.6247385113705378,ALTO
ENC_FATRAPORTE_ARMAS_MUNICIONES,ENC_REGIONAL_CENTRAL,1,0,0.6901636033124622,ALTO
ENC_FATRAPORTE_ARMAS_MUNICIONES,ENC_REGIONAL_OCCIDENTE,0,0,0.819893380120116,ALTO
ENC_FATRAPORTE_ARMAS_MUNICIONES,ENC_REGIONAL_OCCIDENTE,1,0,0.7608563926479499,ALTO
ENC_FATRAPORTE_ARMAS_MUNICIONES,ENC_REGIONAL_NOROESTE,0,0,0.860989270531075,ALTO
ENC_FATRAPORTE_ARMAS_MUNICIONES,ENC_REGIONAL_NOROESTE,1,0,0.8788123611391638,ALTO
ENC_FATRAPORTE_ARMAS_MUNICIONES,ENC_REGIONAL_NORTE,0,0,0.8954045482151293,ALTO
ENC_FATRAPORTE_ARMAS_MUNICIONES,ENC_REGIONAL_NORTE,1,0,0.873762876186629,ALTO
ENC_FATRAPORTE_ARMAS_MUNICIONES,ENC_REGIONAL_ORIENTE,0,0,0.9066063836966057,ALTO
ENC_FATRAPORTE_ARMAS_MUNICIONES,ENC_REGIONAL_ORIENTE,1,0,0.9095132296505757,ALTO
ENC_FATRAPORTE_ARMAS_MUNICIONES,ENC_REGIONAL_VIEJO_CALDAS,0,0,0.8923679060665362,ALTO
ENC_FATRAPORTE_ARMAS_MUNICIONES,ENC_REGIONAL_VIEJO_CALDAS,1,0,0.8868915370632195,ALTO
ENC_TRAFAPORTE_ESTUPEFACIENTES,ENC_CONCIERTO_DELINQUIR,0,0,0.8703346203346203,ALTO
ENC_TRAFAPORTE_ESTUPEFACIENTES,ENC_CONCIERTO_DELINQUIR,1,0,0.6872340425531915,ALTO
ENC_TRAFAPORTE_ESTUPEFACIENTES,ENC_FATRAPORTE_ARMAS_ACCESORIOS_MUNICIONES,0,0,0.9212355212355212,ALTO
ENC_TRAFAPORTE_ESTUPEFACIENTES,ENC_FATRAPORTE_ARMAS_ACCESORIOS_MUNICIONES,1,0,0.9742316784869977,ALTO
ENC_TRAFAPORTE_ESTUPEFACIENTES,ENC_ACTOS_SEXUALES_MENOR_14,0,0,0.933011583011583,ALTO
ENC_TRAFAPORTE_ESTUPEFACIENTES,ENC_ACTOS_SEXUALES_MENOR_14,1,0,0.9995271867612293,ALTO
ENC_TRAFAPORTE_ESTUPEFACIENTES,ENC_ACC_CARNAL_14,0,0,0.9805662805662806,ALTO
ENC_TRAFAPORTE_ESTUPEFACIENTES,ENC_ACC_CARNAL_14,1,0,0.9997635933806147,ALTO
ENC_TRAFAPORTE_ESTUPEFACIENTES,ENC_ANNO_INGRESO,0,"(1996.976, 2003.0]",0.0005148005148005148,BAJO
ENC_TRAFAPORTE_ESTUPEFACIENTES,ENC_ANNO_INGRESO,0,"(2003.0, 2009.0]",0.00797940797940798,BAJO
ENC_TRAFAPORTE_ESTUPEFACIENTES,ENC_ANNO_INGRESO,1,"(1996.976, 2003.0]",0.0014184397163120568,BAJO
ENC_TRAFAPORTE_ESTUPEFACIENTES,ENC_ANNO_INGRESO,1,"(2003.0, 2009.0]",0.008274231678486997,BAJO
ENC_TRAFAPORTE_ESTUPEFACIENTES,ENC_INTRAMUROS,0,1,0.6511583011583012,ALTO
ENC_TRAFAPORTE_ESTUPEFACIENTES,ENC_INTRAMUROS,1,1,0.6661938534278959,ALTO
ENC_TRAFAPORTE_ESTUPEFACIENTES,ENC_MESES_CONDENA,0,"(540.0, 720.0]",0.008815958815958817,BAJO
ENC_TRAFAPORTE_ESTUPEFACIENTES,ENC_MESES_CONDENA,1,"(360.0, 540.0]",0.006146572104018913,BAJO
ENC_TRAFAPORTE_ESTUPEFACIENTES,ENC_MESES_CONDENA,1,"(540.0, 720.0]",0.002364066193853428,BAJO
ENC_TRAFAPORTE_ESTUPEFACIENTES,ENC_RANGOS_EDAD_INPEC,0,8,0.03397683397683398,BAJO
ENC_TRAFAPORTE_ESTUPEFACIENTES,ENC_RANGOS_EDAD_INPEC,0,9,0.021557271557271558,BAJO
ENC_TRAFAPORTE_ESTUPEFACIENTES,ENC_RANGOS_EDAD_INPEC,0,10,0.013963963963963964,BAJO
ENC_TRAFAPORTE_ESTUPEFACIENTES,ENC_RANGOS_EDAD_INPEC,1,8,0.033569739952718676,BAJO
ENC_TRAFAPORTE_ESTUPEFACIENTES,ENC_RANGOS_EDAD_INPEC,1,9,0.01938534278959811,BAJO
ENC_TRAFAPORTE_ESTUPEFACIENTES,ENC_RANGOS_EDAD_INPEC,1,10,0.008747044917257684,BAJO
ENC_TRAFAPORTE_ESTUPEFACIENTES,ENC_NIVEL_EDUCATIVO,0,1,0.022136422136422137,BAJO
ENC_TRAFAPORTE_ESTUPEFACIENTES,ENC_NIVEL_EDUCATIVO,0,6,0.01743886743886744,BAJO
ENC_TRAFAPORTE_ESTUPEFACIENTES,ENC_NIVEL_EDUCATIVO,0,7,0.0052123552123552125,BAJO
ENC_TRAFAPORTE_ESTUPEFACIENTES,ENC_NIVEL_EDUCATIVO,0,8,0.010617760617760617,BAJO
ENC_TRAFAPORTE_ESTUPEFACIENTES,ENC_NIVEL_EDUCATIVO,0,9,0.0014800514800514801,BAJO
ENC_TRAFAPORTE_ESTUPEFACIENTES,ENC_NIVEL_EDUCATIVO,1,1,0.021040189125295507,BAJO
ENC_TRAFAPORTE_ESTUPEFACIENTES,ENC_NIVEL_EDUCATIVO,1,6,0.018912529550827423,BAJO
ENC_TRAFAPORTE_ESTUPEFACIENTES,ENC_NIVEL_EDUCATIVO,1,7,0.004964539007092199,BAJO
ENC_TRAFAPORTE_ESTUPEFACIENTES,ENC_NIVEL_EDUCATIVO,1,8,0.004018912529550827,BAJO
ENC_TRAFAPORTE_ESTUPEFACIENTES,ENC_NIVEL_EDUCATIVO,1,9,0.001182033096926714,BAJO
ENC_TRAFAPORTE_ESTUPEFACIENTES,ENC_REGIONAL_CENTRAL,0,0,0.6208494208494209,ALTO
ENC_TRAFAPORTE_ESTUPEFACIENTES,ENC_REGIONAL_CENTRAL,1,0,0.7156028368794326,ALTO
ENC_TRAFAPORTE_ESTUPEFACIENTES,ENC_REGIONAL_OCCIDENTE,0,0,0.8149292149292149,ALTO
ENC_TRAFAPORTE_ESTUPEFACIENTES,ENC_REGIONAL_OCCIDENTE,1,0,0.7690307328605201,ALTO
ENC_TRAFAPORTE_ESTUPEFACIENTES,ENC_REGIONAL_NOROESTE,0,0,0.8691119691119691,ALTO
ENC_TRAFAPORTE_ESTUPEFACIENTES,ENC_REGIONAL_NOROESTE,1,0,0.8520094562647754,ALTO
ENC_TRAFAPORTE_ESTUPEFACIENTES,ENC_REGIONAL_NORTE,0,0,0.8924710424710425,ALTO
ENC_TRAFAPORTE_ESTUPEFACIENTES,ENC_REGIONAL_NORTE,1,0,0.8808510638297873,ALTO
ENC_TRAFAPORTE_ESTUPEFACIENTES,ENC_REGIONAL_ORIENTE,0,0,0.9015444015444015,ALTO
ENC_TRAFAPORTE_ESTUPEFACIENTES,ENC_REGIONAL_ORIENTE,1,0,0.9286052009456265,ALTO
ENC_TRAFAPORTE_ESTUPEFACIENTES,ENC_REGIONAL_VIEJO_CALDAS,0,0,0.9010939510939511,ALTO
ENC_TRAFAPORTE_ESTUPEFACIENTES,ENC_REGIONAL_VIEJO_CALDAS,1,0,0.8539007092198582,ALTO
ENC_CONCIERTO_DELINQUIR,ENC_FATRAPORTE_ARMAS_ACCESORIOS_MUNICIONES,0,0,0.9279454722492697,ALTO
ENC_CONCIERTO_DELINQUIR,ENC_FATRAPORTE_ARMAS_ACCESORIOS_MUNICIONES,1,0,0.9553624925104853,ALTO
ENC_CONCIERTO_DELINQUIR,ENC_ACTOS_SEXUALES_MENOR_14,0,0,0.9366480038948394,ALTO
ENC_CONCIERTO_DELINQUIR,ENC_ACTOS_SEXUALES_MENOR_14,1,0,0.9994008388256441,ALTO
ENC_CONCIERTO_DELINQUIR,ENC_ACC_CARNAL_14,0,0,0.9816212268743915,ALTO
ENC_CONCIERTO_DELINQUIR,ENC_ACC_CARNAL_14,1,0,0.9997004194128221,ALTO
ENC_CONCIERTO_DELINQUIR,ENC_ANNO_INGRESO,0,"(1996.976, 2003.0]",0.0007911392405063291,BAJO
ENC_CONCIERTO_DELINQUIR,ENC_ANNO_INGRESO,0,"(2003.0, 2009.0]",0.008945959104186952,BAJO
ENC_CONCIERTO_DELINQUIR,ENC_ANNO_INGRESO,1,"(1996.976, 2003.0]",0.0002995805871779509,BAJO
ENC_CONCIERTO_DELINQUIR,ENC_ANNO_INGRESO,1,"(2003.0, 2009.0]",0.0035949670461354103,BAJO
ENC_CONCIERTO_DELINQUIR,ENC_INTRAMUROS,0,1,0.6208617332035054,ALTO
ENC_CONCIERTO_DELINQUIR,ENC_INTRAMUROS,1,1,0.8193529059316956,ALTO
ENC_CONCIERTO_DELINQUIR,ENC_MESES_CONDENA,0,"(360.0, 540.0]",0.049233203505355407,BAJO
ENC_CONCIERTO_DELINQUIR,ENC_MESES_CONDENA,0,"(540.0, 720.0]",0.0062682570593963,BAJO
ENC_CONCIERTO_DELINQUIR,ENC_MESES_CONDENA,1,"(540.0, 720.0]",0.013181545835829839,BAJO
ENC_CONCIERTO_DELINQUIR,ENC_RANGOS_EDAD_INPEC,0,8,0.03450584225900682,BAJO
ENC_CONCIERTO_DELINQUIR,ENC_RANGOS_EDAD_INPEC,0,9,0.021543330087633886,BAJO
ENC_CONCIERTO_DELINQUIR,ENC_RANGOS_EDAD_INPEC,0,10,0.014909931840311587,BAJO
ENC_CONCIERTO_DELINQUIR,ENC_RANGOS_EDAD_INPEC,1,8,0.030856800479328938,BAJO
ENC_CONCIERTO_DELINQUIR,ENC_RANGOS_EDAD_INPEC,1,9,0.018873576992210903,BAJO
ENC_CONCIERTO_DELINQUIR,ENC_RANGOS_EDAD_INPEC,1,10,0.0026962252846015576,BAJO
ENC_CONCIERTO_DELINQUIR,ENC_NIVEL_EDUCATIVO,0,1,0.022699610516066213,BAJO
ENC_CONCIERTO_DELINQUIR,ENC_NIVEL_EDUCATIVO,0,6,0.017039922103213243,BAJO
ENC_CONCIERTO_DELINQUIR,ENC_NIVEL_EDUCATIVO,0,7,0.004929406037000973,BAJO
ENC_CONCIERTO_DELINQUIR,ENC_NIVEL_EDUCATIVO,0,8,0.00888510223953262,BAJO
ENC_CONCIERTO_DELINQUIR,ENC_NIVEL_EDUCATIVO,0,9,0.0013997078870496592,BAJO
ENC_CONCIERTO_DELINQUIR,ENC_NIVEL_EDUCATIVO,1,1,0.017974835230677052,BAJO
ENC_CONCIERTO_DELINQUIR,ENC_NIVEL_EDUCATIVO,1,6,0.02127022168963451,BAJO
ENC_CONCIERTO_DELINQUIR,ENC_NIVEL_EDUCATIVO,1,7,0.006291192330736968,BAJO
ENC_CONCIERTO_DELINQUIR,ENC_NIVEL_EDUCATIVO,1,8,0.01078490113840623,BAJO
ENC_CONCIERTO_DELINQUIR,ENC_NIVEL_EDUCATIVO,1,9,0.0014979029358897543,BAJO
ENC_CONCIERTO_DELINQUIR,ENC_REGIONAL_CENTRAL,0,0,0.6306596884128529,ALTO
ENC_CONCIERTO_DELINQUIR,ENC_REGIONAL_CENTRAL,1,0,0.6926303175554224,ALTO
ENC_CONCIERTO_DELINQUIR,ENC_REGIONAL_OCCIDENTE,0,0,0.8005111976630964,ALTO
ENC_CONCIERTO_DELINQUIR,ENC_REGIONAL_OCCIDENTE,1,0,0.8277411623726783,ALTO
ENC_CONCIERTO_DELINQUIR,ENC_REGIONAL_NOROESTE,0,0,0.8847979552093476,ALTO
ENC_CONCIERTO_DELINQUIR,ENC_REGIONAL_NOROESTE,1,0,0.7702216896345117,ALTO
ENC_CONCIERTO_DELINQUIR,ENC_REGIONAL_NORTE,0,0,0.884676241480039,ALTO
ENC_CONCIERTO_DELINQUIR,ENC_REGIONAL_NORTE,1,0,0.9161174355901738,ALTO
ENC_CONCIERTO_DELINQUIR,ENC_REGIONAL_ORIENTE,0,0,0.9039070107108081,ALTO
ENC_CONCIERTO_DELINQUIR,ENC_REGIONAL_ORIENTE,1,0,0.9242061114439785,ALTO
ENC_CONCIERTO_DELINQUIR,ENC_REGIONAL_VIEJO_CALDAS,0,0,0.8954479065238559,ALTO
ENC_CONCIERTO_DELINQUIR,ENC_REGIONAL_VIEJO_CALDAS,1,0,0.8690832834032355,ALTO
ENC_FATRAPORTE_ARMAS_ACCESORIOS_MUNICIONES,ENC_ACTOS_SEXUALES_MENOR_14,0,0,0.943428974345067,ALTO
ENC_FATRAPORTE_ARMAS_ACCESORIOS_MUNICIONES,ENC_ACTOS_SEXUALES_MENOR_14,1,0,1.0,ALTO
ENC_FATRAPORTE_ARMAS_ACCESORIOS_MUNICIONES,ENC_ACC_CARNAL_14,0,0,0.9836198947768076,ALTO
ENC_FATRAPORTE_ARMAS_ACCESORIOS_MUNICIONES,ENC_ACC_CARNAL_14,1,0,0.9992498124531133,ALTO
ENC_FATRAPORTE_ARMAS_ACCESORIOS_MUNICIONES,ENC_ANNO_INGRESO,0,"(1996.976, 2003.0]",0.0007593426262407116,BAJO
ENC_FATRAPORTE_ARMAS_ACCESORIOS_MUNICIONES,ENC_ANNO_INGRESO,0,"(2003.0, 2009.0]",0.008569723924716603,BAJO
ENC_FATRAPORTE_ARMAS_ACCESORIOS_MUNICIONES,ENC_ANNO_INGRESO,1,"(1996.976, 2003.0]",0.0,BAJO
ENC_FATRAPORTE_ARMAS_ACCESORIOS_MUNICIONES,ENC_ANNO_INGRESO,1,"(2003.0, 2009.0]",0.0007501875468867217,BAJO
ENC_FATRAPORTE_ARMAS_ACCESORIOS_MUNICIONES,ENC_INTRAMUROS,0,1,0.664262081683571,ALTO
ENC_FATRAPORTE_ARMAS_ACCESORIOS_MUNICIONES,ENC_INTRAMUROS,1,1,0.5176294073518379,ALTO
ENC_FATRAPORTE_ARMAS_ACCESORIOS_MUNICIONES,ENC_MESES_CONDENA,0,"(540.0, 720.0]",0.007756142539458697,BAJO
ENC_FATRAPORTE_ARMAS_ACCESORIOS_MUNICIONES,ENC_MESES_CONDENA,1,"(360.0, 540.0]",0.02250562640660165,BAJO
ENC_FATRAPORTE_ARMAS_ACCESORIOS_MUNICIONES,ENC_MESES_CONDENA,1,"(540.0, 720.0]",0.003000750187546887,BAJO
ENC_FATRAPORTE_ARMAS_ACCESORIOS_MUNICIONES,ENC_RANGOS_EDAD_INPEC,0,8,0.0352551933611759,BAJO
ENC_FATRAPORTE_ARMAS_ACCESORIOS_MUNICIONES,ENC_RANGOS_EDAD_INPEC,0,9,0.021532787329825893,BAJO
ENC_FATRAPORTE_ARMAS_ACCESORIOS_MUNICIONES,ENC_RANGOS_EDAD_INPEC,0,10,0.01339697347724684,BAJO
ENC_FATRAPORTE_ARMAS_ACCESORIOS_MUNICIONES,ENC_RANGOS_EDAD_INPEC,1,7,0.033008252063015754,BAJO
ENC_FATRAPORTE_ARMAS_ACCESORIOS_MUNICIONES,ENC_RANGOS_EDAD_INPEC,1,8,0.015003750937734433,BAJO
ENC_FATRAPORTE_ARMAS_ACCESORIOS_MUNICIONES,ENC_RANGOS_EDAD_INPEC,1,9,0.015003750937734433,BAJO
ENC_FATRAPORTE_ARMAS_ACCESORIOS_MUNICIONES,ENC_RANGOS_EDAD_INPEC,1,10,0.005251312828207052,BAJO
ENC_FATRAPORTE_ARMAS_ACCESORIOS_MUNICIONES,ENC_NIVEL_EDUCATIVO,0,1,0.022400607474100994,BAJO
ENC_FATRAPORTE_ARMAS_ACCESORIOS_MUNICIONES,ENC_NIVEL_EDUCATIVO,0,6,0.018115745511742692,BAJO
ENC_FATRAPORTE_ARMAS_ACCESORIOS_MUNICIONES,ENC_NIVEL_EDUCATIVO,0,7,0.005206920865650594,BAJO
ENC_FATRAPORTE_ARMAS_ACCESORIOS_MUNICIONES,ENC_NIVEL_EDUCATIVO,0,8,0.009762976623094863,BAJO
ENC_FATRAPORTE_ARMAS_ACCESORIOS_MUNICIONES,ENC_NIVEL_EDUCATIVO,0,9,0.0015186852524814232,BAJO
ENC_FATRAPORTE_ARMAS_ACCESORIOS_MUNICIONES,ENC_NIVEL_EDUCATIVO,1,1,0.015003750937734433,BAJO
ENC_FATRAPORTE_ARMAS_ACCESORIOS_MUNICIONES,ENC_NIVEL_EDUCATIVO,1,6,0.012753188297074268,BAJO
ENC_FATRAPORTE_ARMAS_ACCESORIOS_MUNICIONES,ENC_NIVEL_EDUCATIVO,1,7,0.00450112528132033,BAJO
ENC_FATRAPORTE_ARMAS_ACCESORIOS_MUNICIONES,ENC_NIVEL_EDUCATIVO,1,8,0.0015003750937734434,BAJO
ENC_FATRAPORTE_ARMAS_ACCESORIOS_MUNICIONES,ENC_NIVEL_EDUCATIVO,1,9,0.0,BAJO
ENC_FATRAPORTE_ARMAS_ACCESORIOS_MUNICIONES,ENC_REGIONAL_CENTRAL,0,0,0.63876986494549,ALTO
ENC_FATRAPORTE_ARMAS_ACCESORIOS_MUNICIONES,ENC_REGIONAL_CENTRAL,1,0,0.673668417104276,ALTO
ENC_FATRAPORTE_ARMAS_ACCESORIOS_MUNICIONES,ENC_REGIONAL_OCCIDENTE,0,0,0.8075066442479796,ALTO
ENC_FATRAPORTE_ARMAS_ACCESORIOS_MUNICIONES,ENC_REGIONAL_OCCIDENTE,1,0,0.7719429857464366,ALTO
ENC_FATRAPORTE_ARMAS_ACCESORIOS_MUNICIONES,ENC_REGIONAL_NOROESTE,0,0,0.8653794001193252,ALTO
ENC_FATRAPORTE_ARMAS_ACCESORIOS_MUNICIONES,ENC_REGIONAL_NOROESTE,1,0,0.8664666166541636,ALTO
ENC_FATRAPORTE_ARMAS_ACCESORIOS_MUNICIONES,ENC_REGIONAL_NORTE,0,0,0.8894071703639421,ALTO
ENC_FATRAPORTE_ARMAS_ACCESORIOS_MUNICIONES,ENC_REGIONAL_NORTE,1,0,0.8979744936234059,ALTO
ENC_FATRAPORTE_ARMAS_ACCESORIOS_MUNICIONES,ENC_REGIONAL_ORIENTE,0,0,0.9093127949232521,ALTO
ENC_FATRAPORTE_ARMAS_ACCESORIOS_MUNICIONES,ENC_REGIONAL_ORIENTE,1,0,0.8799699924981246,ALTO
ENC_FATRAPORTE_ARMAS_ACCESORIOS_MUNICIONES,ENC_REGIONAL_VIEJO_CALDAS,0,0,0.8896241254000109,ALTO
ENC_FATRAPORTE_ARMAS_ACCESORIOS_MUNICIONES,ENC_REGIONAL_VIEJO_CALDAS,1,0,0.9099774943735934,ALTO
ENC_ACTOS_SEXUALES_MENOR_14,ENC_ACC_CARNAL_14,0,0,0.9990922197896086,ALTO
ENC_ACTOS_SEXUALES_MENOR_14,ENC_ACC_CARNAL_14,1,0,0.725790987535954,ALTO
ENC_ACTOS_SEXUALES_MENOR_14,ENC_ANNO_INGRESO,0,"(1996.976, 2003.0]",0.0007475837026752817,BAJO
ENC_ACTOS_SEXUALES_MENOR_14,ENC_ANNO_INGRESO,0,"(2003.0, 2009.0]",0.008330218401238853,BAJO
ENC_ACTOS_SEXUALES_MENOR_14,ENC_ANNO_INGRESO,1,"(1996.976, 2003.0]",0.0,BAJO
ENC_ACTOS_SEXUALES_MENOR_14,ENC_ANNO_INGRESO,1,"(2003.0, 2009.0]",0.0028763183125599234,BAJO
ENC_ACTOS_SEXUALES_MENOR_14,ENC_INTRAMUROS,0,1,0.6374219042024883,ALTO
ENC_ACTOS_SEXUALES_MENOR_14,ENC_INTRAMUROS,1,1,0.9587727708533078,ALTO
ENC_ACTOS_SEXUALES_MENOR_14,ENC_MESES_CONDENA,0,"(540.0, 720.0]",0.007849628878090457,BAJO
ENC_ACTOS_SEXUALES_MENOR_14,ENC_MESES_CONDENA,1,"(360.0, 540.0]",0.014381591562799617,BAJO
ENC_ACTOS_SEXUALES_MENOR_14,ENC_MESES_CONDENA,1,"(540.0, 720.0]",0.0,BAJO
ENC_ACTOS_SEXUALES_MENOR_14,ENC_RANGOS_EDAD_INPEC,0,7,0.047898755807123404,BAJO
ENC_ACTOS_SEXUALES_MENOR_14,ENC_RANGOS_EDAD_INPEC,0,8,0.02872857371709297,BAJO
ENC_ACTOS_SEXUALES_MENOR_14,ENC_RANGOS_EDAD_INPEC,0,9,0.016874032146099217,BAJO
ENC_ACTOS_SEXUALES_MENOR_14,ENC_RANGOS_EDAD_INPEC,0,10,0.00817002189352272,BAJO
ENC_ACTOS_SEXUALES_MENOR_14,ENC_RANGOS_EDAD_INPEC,1,1,0.011505273250239693,BAJO
ENC_ACTOS_SEXUALES_MENOR_14,ENC_NIVEL_EDUCATIVO,0,1,0.020665349495381,BAJO
ENC_ACTOS_SEXUALES_MENOR_14,ENC_NIVEL_EDUCATIVO,0,6,0.016820633310193837,BAJO
ENC_ACTOS_SEXUALES_MENOR_14,ENC_NIVEL_EDUCATIVO,0,7,0.004752496395578576,BAJO
ENC_ACTOS_SEXUALES_MENOR_14,ENC_NIVEL_EDUCATIVO,0,8,0.008490414908954984,BAJO
ENC_ACTOS_SEXUALES_MENOR_14,ENC_NIVEL_EDUCATIVO,0,9,0.0012815720617290543,BAJO
ENC_ACTOS_SEXUALES_MENOR_14,ENC_NIVEL_EDUCATIVO,1,1,0.04410354745925216,BAJO
ENC_ACTOS_SEXUALES_MENOR_14,ENC_NIVEL_EDUCATIVO,1,6,0.03451581975071908,BAJO
ENC_ACTOS_SEXUALES_MENOR_14,ENC_NIVEL_EDUCATIVO,1,7,0.012464046021093002,BAJO
ENC_ACTOS_SEXUALES_MENOR_14,ENC_NIVEL_EDUCATIVO,1,8,0.02205177372962608,BAJO
ENC_ACTOS_SEXUALES_MENOR_14,ENC_NIVEL_EDUCATIVO,1,9,0.003835091083413231,BAJO
ENC_ACTOS_SEXUALES_MENOR_14,ENC_REGIONAL_CENTRAL,0,0,0.6442569551983767,ALTO
ENC_ACTOS_SEXUALES_MENOR_14,ENC_REGIONAL_CENTRAL,1,0,0.5848513902205177,ALTO
ENC_ACTOS_SEXUALES_MENOR_14,ENC_REGIONAL_OCCIDENTE,0,0,0.8030116943450633,ALTO
ENC_ACTOS_SEXUALES_MENOR_14,ENC_REGIONAL_OCCIDENTE,1,0,0.8427612655800575,ALTO
ENC_ACTOS_SEXUALES_MENOR_14,ENC_REGIONAL_NOROESTE,0,0,0.8662893148929354,ALTO
ENC_ACTOS_SEXUALES_MENOR_14,ENC_REGIONAL_NOROESTE,1,0,0.850431447746884,ALTO
ENC_ACTOS_SEXUALES_MENOR_14,ENC_REGIONAL_NORTE,0,0,0.8863138783574518,ALTO
ENC_ACTOS_SEXUALES_MENOR_14,ENC_REGIONAL_NORTE,1,0,0.9558964525407478,ALTO
ENC_ACTOS_SEXUALES_MENOR_14,ENC_REGIONAL_ORIENTE,0,0,0.9085277940940888,ALTO
ENC_ACTOS_SEXUALES_MENOR_14,ENC_REGIONAL_ORIENTE,1,0,0.8859060402684564,ALTO
ENC_ACTOS_SEXUALES_MENOR_14,ENC_REGIONAL_VIEJO_CALDAS,0,0,0.8916003631120841,ALTO
ENC_ACTOS_SEXUALES_MENOR_14,ENC_REGIONAL_VIEJO_CALDAS,1,0,0.8801534036433365,ALTO
ENC_ACC_CARNAL_14,ENC_ANNO_INGRESO,0,"(1996.976, 2003.0]",0.000719165767709457,BAJO
ENC_ACC_CARNAL_14,ENC_ANNO_INGRESO,0,"(2003.0, 2009.0]",0.007962192428211846,BAJO
ENC_ACC_CARNAL_14,ENC_ANNO_INGRESO,1,"(1996.976, 2003.0]",0.0,BAJO
ENC_ACC_CARNAL_14,ENC_ANNO_INGRESO,1,"(2003.0, 2009.0]",0.013201320132013201,BAJO
ENC_ACC_CARNAL_14,ENC_INTRAMUROS,0,1,0.6494066882416397,ALTO
ENC_ACC_CARNAL_14,ENC_INTRAMUROS,1,1,0.9735973597359736,ALTO
ENC_ACC_CARNAL_14,ENC_MESES_CONDENA,0,"(540.0, 720.0]",0.0074485025941336625,BAJO
ENC_ACC_CARNAL_14,ENC_MESES_CONDENA,1,"(360.0, 540.0]",0.04950495049504951,BAJO
ENC_ACC_CARNAL_14,ENC_MESES_CONDENA,1,"(540.0, 720.0]",0.006600660066006601,BAJO
ENC_ACC_CARNAL_14,ENC_RANGOS_EDAD_INPEC,0,8,0.03231109056351775,BAJO
ENC_ACC_CARNAL_14,ENC_RANGOS_EDAD_INPEC,0,9,0.020136641495864797,BAJO
ENC_ACC_CARNAL_14,ENC_RANGOS_EDAD_INPEC,0,10,0.012174449067652951,BAJO
ENC_ACC_CARNAL_14,ENC_RANGOS_EDAD_INPEC,1,1,0.013201320132013201,BAJO
ENC_ACC_CARNAL_14,ENC_RANGOS_EDAD_INPEC,1,2,0.0297029702970297,BAJO
ENC_ACC_CARNAL_14,ENC_NIVEL_EDUCATIVO,0,1,0.021831817948322802,BAJO
ENC_ACC_CARNAL_14,ENC_NIVEL_EDUCATIVO,0,6,0.01756819232547388,BAJO
ENC_ACC_CARNAL_14,ENC_NIVEL_EDUCATIVO,0,7,0.0048800534237427445,BAJO
ENC_ACC_CARNAL_14,ENC_NIVEL_EDUCATIVO,0,8,0.008938203112960395,BAJO
ENC_ACC_CARNAL_14,ENC_NIVEL_EDUCATIVO,0,9,0.0013869625520110957,BAJO
ENC_ACC_CARNAL_14,ENC_NIVEL_EDUCATIVO,1,1,0.026402640264026403,BAJO
ENC_ACC_CARNAL_14,ENC_NIVEL_EDUCATIVO,1,6,0.0297029702970297,BAJO
ENC_ACC_CARNAL_14,ENC_NIVEL_EDUCATIVO,1,7,0.0231023102310231,BAJO
ENC_ACC_CARNAL_14,ENC_NIVEL_EDUCATIVO,1,8,0.026402640264026403,BAJO
ENC_ACC_CARNAL_14,ENC_NIVEL_EDUCATIVO,1,9,0.0033003300330033004,BAJO
ENC_ACC_CARNAL_14,ENC_REGIONAL_CENTRAL,0,0,0.6424718754815842,ALTO
ENC_ACC_CARNAL_14,ENC_REGIONAL_CENTRAL,1,0,0.5544554455445545,ALTO
ENC_ACC_CARNAL_14,ENC_REGIONAL_OCCIDENTE,0,0,0.8049006010171059,ALTO
ENC_ACC_CARNAL_14,ENC_REGIONAL_OCCIDENTE,1,0,0.8184818481848185,ALTO
ENC_ACC_CARNAL_14,ENC_REGIONAL_NOROESTE,0,0,0.8652591565212925,ALTO
ENC_ACC_CARNAL_14,ENC_REGIONAL_NOROESTE,1,0,0.8778877887788779,ALTO
ENC_ACC_CARNAL_14,ENC_REGIONAL_NORTE,0,0,0.8888375199054811,ALTO
ENC_ACC_CARNAL_14,ENC_REGIONAL_NORTE,1,0,0.9636963696369637,ALTO
ENC_ACC_CARNAL_14,ENC_REGIONAL_ORIENTE,0,0,0.9075871988493348,ALTO
ENC_ACC_CARNAL_14,ENC_REGIONAL_ORIENTE,1,0,0.8910891089108911,ALTO
ENC_ACC_CARNAL_14,ENC_REGIONAL_VIEJO_CALDAS,0,0,0.8909436482252017,ALTO
ENC_ACC_CARNAL_14,ENC_REGIONAL_VIEJO_CALDAS,1,0,0.8943894389438944,ALTO
ENC_ANNO_INGRESO,ENC_INTRAMUROS,"(1996.976, 2003.0]",1,0.5714285714285714,ALTO
ENC_ANNO_INGRESO,ENC_INTRAMUROS,"(2003.0, 2009.0]",1,0.5094339622641509,ALTO
ENC_ANNO_INGRESO,ENC_INTRAMUROS,"(2009.0, 2015.0]",1,0.6246295686532762,ALTO
ENC_ANNO_INGRESO,ENC_INTRAMUROS,"(2015.0, 2021.0]",1,0.6612922705314009,ALTO
ENC_ANNO_INGRESO,ENC_MESES_CONDENA,"(1996.976, 2003.0]","(540.0, 720.0]",0.0,BAJO
ENC_ANNO_INGRESO,ENC_MESES_CONDENA,"(2009.0, 2015.0]","(540.0, 720.0]",0.017451432334540665,BAJO
ENC_ANNO_INGRESO,ENC_MESES_CONDENA,"(2015.0, 2021.0]","(360.0, 540.0]",0.036292270531400966,BAJO
ENC_ANNO_INGRESO,ENC_MESES_CONDENA,"(2015.0, 2021.0]","(540.0, 720.0]",0.005132850241545894,BAJO
ENC_ANNO_INGRESO,ENC_RANGOS_EDAD_INPEC,"(1996.976, 2003.0]",1,0.0,BAJO
ENC_ANNO_INGRESO,ENC_RANGOS_EDAD_INPEC,"(1996.976, 2003.0]",2,0.0,BAJO
ENC_ANNO_INGRESO,ENC_RANGOS_EDAD_INPEC,"(1996.976, 2003.0]",3,0.0,BAJO
ENC_ANNO_INGRESO,ENC_RANGOS_EDAD_INPEC,"(1996.976, 2003.0]",7,0.0,BAJO
ENC_ANNO_INGRESO,ENC_RANGOS_EDAD_INPEC,"(2003.0, 2009.0]",1,0.0,BAJO
ENC_ANNO_INGRESO,ENC_RANGOS_EDAD_INPEC,"(2003.0, 2009.0]",2,0.0,BAJO
ENC_ANNO_INGRESO,ENC_RANGOS_EDAD_INPEC,"(2003.0, 2009.0]",10,0.018867924528301886,BAJO
ENC_ANNO_INGRESO,ENC_RANGOS_EDAD_INPEC,"(2009.0, 2015.0]",1,0.014487981560750741,BAJO
ENC_ANNO_INGRESO,ENC_RANGOS_EDAD_INPEC,"(2009.0, 2015.0]",9,0.03523213697728021,BAJO
ENC_ANNO_INGRESO,ENC_RANGOS_EDAD_INPEC,"(2009.0, 2015.0]",10,0.024366150806717154,BAJO
ENC_ANNO_INGRESO,ENC_RANGOS_EDAD_INPEC,"(2015.0, 2021.0]",7,0.04752415458937198,BAJO
ENC_ANNO_INGRESO,ENC_RANGOS_EDAD_INPEC,"(2015.0, 2021.0]",8,0.02995169082125604,BAJO
ENC_ANNO_INGRESO,ENC_RANGOS_EDAD_INPEC,"(2015.0, 2021.0]",9,0.01817632850241546,BAJO
ENC_ANNO_INGRESO,ENC_RANGOS_EDAD_INPEC,"(2015.0, 2021.0]",10,0.010628019323671498,BAJO
ENC_ANNO_INGRESO,ENC_NIVEL_EDUCATIVO,"(1996.976, 2003.0]",6,0.0,BAJO
ENC_ANNO_INGRESO,ENC_NIVEL_EDUCATIVO,"(1996.976, 2003.0]",7,0.0,BAJO
ENC_ANNO_INGRESO,ENC_NIVEL_EDUCATIVO,"(1996.976, 2003.0]",8,0.0,BAJO
ENC_ANNO_INGRESO,ENC_NIVEL_EDUCATIVO,"(1996.976, 2003.0]",9,0.0,BAJO
ENC_ANNO_INGRESO,ENC_NIVEL_EDUCATIVO,"(2003.0, 2009.0]",1,0.025157232704402517,BAJO
ENC_ANNO_INGRESO,ENC_NIVEL_EDUCATIVO,"(2003.0, 2009.0]",6,0.006289308176100629,BAJO
ENC_ANNO_INGRESO,ENC_NIVEL_EDUCATIVO,"(2003.0, 2009.0]",7,0.006289308176100629,BAJO
ENC_ANNO_INGRESO,ENC_NIVEL_EDUCATIVO,"(2003.0, 2009.0]",8,0.03773584905660377,BAJO
ENC_ANNO_INGRESO,ENC_NIVEL_EDUCATIVO,"(2003.0, 2009.0]",9,0.0,BAJO
ENC_ANNO_INGRESO,ENC_NIVEL_EDUCATIVO,"(2009.0, 2015.0]",1,0.0405004939084623,BAJO
ENC_ANNO_INGRESO,ENC_NIVEL_EDUCATIVO,"(2009.0, 2015.0]",6,0.012512347711557459,BAJO
ENC_ANNO_INGRESO,ENC_NIVEL_EDUCATIVO,"(2009.0, 2015.0]",7,0.004609812314784327,BAJO
ENC_ANNO_INGRESO,ENC_NIVEL_EDUCATIVO,"(2009.0, 2015.0]",8,0.013170892327955219,BAJO
ENC_ANNO_INGRESO,ENC_NIVEL_EDUCATIVO,"(2009.0, 2015.0]",9,0.001975633849193283,BAJO
ENC_ANNO_INGRESO,ENC_NIVEL_EDUCATIVO,"(2015.0, 2021.0]",1,0.018417874396135264,BAJO
ENC_ANNO_INGRESO,ENC_NIVEL_EDUCATIVO,"(2015.0, 2021.0]",6,0.01884057971014493,BAJO
ENC_ANNO_INGRESO,ENC_NIVEL_EDUCATIVO,"(2015.0, 2021.0]",7,0.005253623188405797,BAJO
ENC_ANNO_INGRESO,ENC_NIVEL_EDUCATIVO,"(2015.0, 2021.0]",8,0.00821256038647343,BAJO
ENC_ANNO_INGRESO,ENC_NIVEL_EDUCATIVO,"(2015.0, 2021.0]",9,0.0013285024154589373,BAJO
ENC_ANNO_INGRESO,ENC_REGIONAL_CENTRAL,"(2003.0, 2009.0]",0,0.660377358490566,ALTO
ENC_ANNO_INGRESO,ENC_REGIONAL_CENTRAL,"(2009.0, 2015.0]",0,0.6661178794863352,ALTO
ENC_ANNO_INGRESO,ENC_REGIONAL_CENTRAL,"(2015.0, 2021.0]",0,0.6364734299516909,ALTO
ENC_ANNO_INGRESO,ENC_REGIONAL_OCCIDENTE,"(1996.976, 2003.0]",0,0.7142857142857143,ALTO
ENC_ANNO_INGRESO,ENC_REGIONAL_OCCIDENTE,"(2003.0, 2009.0]",0,0.7735849056603774,ALTO
ENC_ANNO_INGRESO,ENC_REGIONAL_OCCIDENTE,"(2009.0, 2015.0]",0,0.7728021073427724,ALTO
ENC_ANNO_INGRESO,ENC_REGIONAL_OCCIDENTE,"(2015.0, 2021.0]",0,0.8114130434782608,ALTO
ENC_ANNO_INGRESO,ENC_REGIONAL_NOROESTE,"(1996.976, 2003.0]",0,0.9285714285714286,ALTO
ENC_ANNO_INGRESO,ENC_REGIONAL_NOROESTE,"(2003.0, 2009.0]",0,0.9685534591194969,ALTO
ENC_ANNO_INGRESO,ENC_REGIONAL_NOROESTE,"(2009.0, 2015.0]",0,0.9137306552518933,ALTO
ENC_ANNO_INGRESO,ENC_REGIONAL_NOROESTE,"(2015.0, 2021.0]",0,0.8555555555555555,ALTO
ENC_ANNO_INGRESO,ENC_REGIONAL_NORTE,"(1996.976, 2003.0]",0,0.9285714285714286,ALTO
ENC_ANNO_INGRESO,ENC_REGIONAL_NORTE,"(2003.0, 2009.0]",0,0.6792452830188679,ALTO
ENC_ANNO_INGRESO,ENC_REGIONAL_NORTE,"(2009.0, 2015.0]",0,0.7984853473822852,ALTO
ENC_ANNO_INGRESO,ENC_REGIONAL_NORTE,"(2015.0, 2021.0]",0,0.908756038647343,ALTO
ENC_ANNO_INGRESO,ENC_REGIONAL_ORIENTE,"(1996.976, 2003.0]",0,0.9285714285714286,ALTO
ENC_ANNO_INGRESO,ENC_REGIONAL_ORIENTE,"(2003.0, 2009.0]",0,0.9245283018867925,ALTO
ENC_ANNO_INGRESO,ENC_REGIONAL_ORIENTE,"(2009.0, 2015.0]",0,0.9038524860059269,ALTO
ENC_ANNO_INGRESO,ENC_REGIONAL_ORIENTE,"(2015.0, 2021.0]",0,0.9077898550724638,ALTO
ENC_ANNO_INGRESO,ENC_REGIONAL_VIEJO_CALDAS,"(1996.976, 2003.0]",0,1.0,ALTO
ENC_ANNO_INGRESO,ENC_REGIONAL_VIEJO_CALDAS,"(2003.0, 2009.0]",0,0.9937106918238994,ALTO
ENC_ANNO_INGRESO,ENC_REGIONAL_VIEJO_CALDAS,"(2009.0, 2015.0]",0,0.945011524530787,ALTO
ENC_ANNO_INGRESO,ENC_REGIONAL_VIEJO_CALDAS,"(2015.0, 2021.0]",0,0.880012077294686,ALTO
ENC_INTRAMUROS,ENC_MESES_CONDENA,0,"(360.0, 540.0]",0.010976145177813552,BAJO
ENC_INTRAMUROS,ENC_MESES_CONDENA,0,"(540.0, 720.0]",0.0002926972047416947,BAJO
ENC_INTRAMUROS,ENC_MESES_CONDENA,1,"(540.0, 720.0]",0.011208162634304707,BAJO
ENC_INTRAMUROS,ENC_RANGOS_EDAD_INPEC,0,8,0.03278208693106981,BAJO
ENC_INTRAMUROS,ENC_RANGOS_EDAD_INPEC,0,9,0.02151324454851456,BAJO
ENC_INTRAMUROS,ENC_RANGOS_EDAD_INPEC,0,10,0.02004975852480609,BAJO
ENC_INTRAMUROS,ENC_RANGOS_EDAD_INPEC,1,8,0.03447476230965448,BAJO
ENC_INTRAMUROS,ENC_RANGOS_EDAD_INPEC,1,9,0.020870371801808764,BAJO
ENC_INTRAMUROS,ENC_RANGOS_EDAD_INPEC,1,10,0.009043827780783798,BAJO
ENC_INTRAMUROS,ENC_NIVEL_EDUCATIVO,0,1,0.021220547343772867,BAJO
ENC_INTRAMUROS,ENC_NIVEL_EDUCATIVO,0,6,0.023708473584077273,BAJO
ENC_INTRAMUROS,ENC_NIVEL_EDUCATIVO,0,7,0.0062929899019464365,BAJO
ENC_INTRAMUROS,ENC_NIVEL_EDUCATIVO,0,8,0.014634860237084735,BAJO
ENC_INTRAMUROS,ENC_NIVEL_EDUCATIVO,0,9,0.0023415776379335576,BAJO
ENC_INTRAMUROS,ENC_NIVEL_EDUCATIVO,1,1,0.02226172992192935,BAJO
ENC_INTRAMUROS,ENC_NIVEL_EDUCATIVO,1,6,0.014609260261266136,BAJO
ENC_INTRAMUROS,ENC_NIVEL_EDUCATIVO,1,7,0.004560562727061916,BAJO
ENC_INTRAMUROS,ENC_NIVEL_EDUCATIVO,1,8,0.006338409213882662,BAJO
ENC_INTRAMUROS,ENC_NIVEL_EDUCATIVO,1,9,0.0009275720800803896,BAJO
ENC_INTRAMUROS,ENC_REGIONAL_CENTRAL,0,0,0.7052539148251135,ALTO
ENC_INTRAMUROS,ENC_REGIONAL_CENTRAL,1,0,0.6072505217592951,ALTO
ENC_INTRAMUROS,ENC_REGIONAL_OCCIDENTE,0,0,0.7952583052831845,ALTO
ENC_INTRAMUROS,ENC_REGIONAL_OCCIDENTE,1,0,0.8103115096235604,ALTO
ENC_INTRAMUROS,ENC_REGIONAL_NOROESTE,0,0,0.8562856724718279,ALTO
ENC_INTRAMUROS,ENC_REGIONAL_NOROESTE,1,0,0.8702945041354255,ALTO
ENC_INTRAMUROS,ENC_REGIONAL_NORTE,0,0,0.8078442850870774,ALTO
ENC_INTRAMUROS,ENC_REGIONAL_NORTE,1,0,0.933369405580892,ALTO
ENC_INTRAMUROS,ENC_REGIONAL_ORIENTE,0,0,0.9094102151324455,ALTO
ENC_INTRAMUROS,ENC_REGIONAL_ORIENTE,1,0,0.9062379222385406,ALTO
ENC_INTRAMUROS,ENC_REGIONAL_VIEJO_CALDAS,0,0,0.9259476072003512,ALTO
ENC_INTRAMUROS,ENC_REGIONAL_VIEJO_CALDAS,1,0,0.8725361366622865,ALTO
ENC_MESES_CONDENA,ENC_RANGOS_EDAD_INPEC,"(-0.72, 180.0]",7,0.04773206751054852,BAJO
ENC_MESES_CONDENA,ENC_RANGOS_EDAD_INPEC,"(-0.72, 180.0]",8,0.029865506329113924,BAJO
ENC_MESES_CONDENA,ENC_RANGOS_EDAD_INPEC,"(-0.72, 180.0]",9,0.019712552742616032,BAJO
ENC_MESES_CONDENA,ENC_RANGOS_EDAD_INPEC,"(-0.72, 180.0]",10,0.0133834388185654,BAJO
ENC_MESES_CONDENA,ENC_RANGOS_EDAD_INPEC,"(180.0, 360.0]",8,0.04512583164593578,BAJO
ENC_MESES_CONDENA,ENC_RANGOS_EDAD_INPEC,"(180.0, 360.0]",9,0.026901938096615563,BAJO
ENC_MESES_CONDENA,ENC_RANGOS_EDAD_INPEC,"(180.0, 360.0]",10,0.011859994214636968,BAJO
ENC_MESES_CONDENA,ENC_RANGOS_EDAD_INPEC,"(360.0, 540.0]",1,0.017034068136272545,BAJO
ENC_MESES_CONDENA,ENC_RANGOS_EDAD_INPEC,"(360.0, 540.0]",9,0.023046092184368736,BAJO
ENC_MESES_CONDENA,ENC_RANGOS_EDAD_INPEC,"(360.0, 540.0]",10,0.01002004008016032,BAJO
ENC_MESES_CONDENA,ENC_RANGOS_EDAD_INPEC,"(540.0, 720.0]",1,0.013605442176870748,BAJO
ENC_MESES_CONDENA,ENC_RANGOS_EDAD_INPEC,"(540.0, 720.0]",8,0.013605442176870748,BAJO
ENC_MESES_CONDENA,ENC_RANGOS_EDAD_INPEC,"(540.0, 720.0]",9,0.013605442176870748,BAJO
ENC_MESES_CONDENA,ENC_RANGOS_EDAD_INPEC,"(540.0, 720.0]",10,0.0,BAJO
ENC_MESES_CONDENA,ENC_NIVEL_EDUCATIVO,"(-0.72, 180.0]",1,0.018591772151898733,BAJO
ENC_MESES_CONDENA,ENC_NIVEL_EDUCATIVO,"(-0.72, 180.0]",6,0.01964662447257384,BAJO
ENC_MESES_CONDENA,ENC_NIVEL_EDUCATIVO,"(-0.72, 180.0]",7,0.005274261603375527,BAJO
ENC_MESES_CONDENA,ENC_NIVEL_EDUCATIVO,"(-0.72, 180.0]",8,0.009361814345991561,BAJO
ENC_MESES_CONDENA,ENC_NIVEL_EDUCATIVO,"(-0.72, 180.0]",9,0.0015822784810126582,BAJO
ENC_MESES_CONDENA,ENC_NIVEL_EDUCATIVO,"(180.0, 360.0]",1,0.035290714492334396,BAJO
ENC_MESES_CONDENA,ENC_NIVEL_EDUCATIVO,"(180.0, 360.0]",6,0.011859994214636968,BAJO
ENC_MESES_CONDENA,ENC_NIVEL_EDUCATIVO,"(180.0, 360.0]",7,0.005785363031530229,BAJO
ENC_MESES_CONDENA,ENC_NIVEL_EDUCATIVO,"(180.0, 360.0]",8,0.007231703789412786,BAJO
ENC_MESES_CONDENA,ENC_NIVEL_EDUCATIVO,"(180.0, 360.0]",9,0.0011570726063060456,BAJO
ENC_MESES_CONDENA,ENC_NIVEL_EDUCATIVO,"(360.0, 540.0]",1,0.026052104208416832,BAJO
ENC_MESES_CONDENA,ENC_NIVEL_EDUCATIVO,"(360.0, 540.0]",6,0.009018036072144289,BAJO
ENC_MESES_CONDENA,ENC_NIVEL_EDUCATIVO,"(360.0, 540.0]",7,0.002004008016032064,BAJO
ENC_MESES_CONDENA,ENC_NIVEL_EDUCATIVO,"(360.0, 540.0]",8,0.01503006012024048,BAJO
ENC_MESES_CONDENA,ENC_NIVEL_EDUCATIVO,"(360.0, 540.0]",9,0.0,BAJO
ENC_MESES_CONDENA,ENC_NIVEL_EDUCATIVO,"(540.0, 720.0]",1,0.02040816326530612,BAJO
ENC_MESES_CONDENA,ENC_NIVEL_EDUCATIVO,"(540.0, 720.0]",6,0.02040816326530612,BAJO
ENC_MESES_CONDENA,ENC_NIVEL_EDUCATIVO,"(540.0, 720.0]",7,0.0,BAJO
ENC_MESES_CONDENA,ENC_NIVEL_EDUCATIVO,"(540.0, 720.0]",8,0.0,BAJO
ENC_MESES_CONDENA,ENC_NIVEL_EDUCATIVO,"(540.0, 720.0]",9,0.0,BAJO
ENC_MESES_CONDENA,ENC_REGIONAL_CENTRAL,"(-0.72, 180.0]",0,0.6517009493670886,ALTO
ENC_MESES_CONDENA,ENC_REGIONAL_CENTRAL,"(180.0, 360.0]",0,0.5924211744286954,ALTO
ENC_MESES_CONDENA,ENC_REGIONAL_CENTRAL,"(360.0, 540.0]",0,0.6462925851703407,ALTO
ENC_MESES_CONDENA,ENC_REGIONAL_CENTRAL,"(540.0, 720.0]",0,0.6598639455782312,ALTO
ENC_MESES_CONDENA,ENC_REGIONAL_OCCIDENTE,"(-0.72, 180.0]",0,0.8052478902953587,ALTO
ENC_MESES_CONDENA,ENC_REGIONAL_OCCIDENTE,"(180.0, 360.0]",0,0.8027191206248192,ALTO
ENC_MESES_CONDENA,ENC_REGIONAL_OCCIDENTE,"(360.0, 540.0]",0,0.8006012024048096,ALTO
ENC_MESES_CONDENA,ENC_REGIONAL_OCCIDENTE,"(540.0, 720.0]",0,0.8775510204081632,ALTO
ENC_MESES_CONDENA,ENC_REGIONAL_NOROESTE,"(-0.72, 180.0]",0,0.8491561181434599,ALTO
ENC_MESES_CONDENA,ENC_REGIONAL_NOROESTE,"(180.0, 360.0]",0,0.910037604859705,ALTO
ENC_MESES_CONDENA,ENC_REGIONAL_NOROESTE,"(360.0, 540.0]",0,0.9438877755511023,ALTO
ENC_MESES_CONDENA,ENC_REGIONAL_NOROESTE,"(540.0, 720.0]",0,0.9659863945578231,ALTO
ENC_MESES_CONDENA,ENC_REGIONAL_NORTE,"(-0.72, 180.0]",0,0.8787579113924051,ALTO
ENC_MESES_CONDENA,ENC_REGIONAL_NORTE,"(180.0, 360.0]",0,0.9398322244720856,ALTO
ENC_MESES_CONDENA,ENC_REGIONAL_NORTE,"(360.0, 540.0]",0,0.9028056112224448,ALTO
ENC_MESES_CONDENA,ENC_REGIONAL_NORTE,"(540.0, 720.0]",0,0.7891156462585034,ALTO
ENC_MESES_CONDENA,ENC_REGIONAL_ORIENTE,"(-0.72, 180.0]",0,0.9145569620253164,ALTO
ENC_MESES_CONDENA,ENC_REGIONAL_ORIENTE,"(180.0, 360.0]",0,0.8831356667630894,ALTO
ENC_MESES_CONDENA,ENC_REGIONAL_ORIENTE,"(360.0, 540.0]",0,0.8827655310621243,ALTO
ENC_MESES_CONDENA,ENC_REGIONAL_ORIENTE,"(540.0, 720.0]",0,0.8979591836734694,ALTO
ENC_MESES_CONDENA,ENC_REGIONAL_VIEJO_CALDAS,"(-0.72, 180.0]",0,0.9005801687763713,ALTO
ENC_MESES_CONDENA,ENC_REGIONAL_VIEJO_CALDAS,"(180.0, 360.0]",0,0.8718542088516055,ALTO
ENC_MESES_CONDENA,ENC_REGIONAL_VIEJO_CALDAS,"(360.0, 540.0]",0,0.8236472945891784,ALTO
ENC_MESES_CONDENA,ENC_REGIONAL_VIEJO_CALDAS,"(540.0, 720.0]",0,0.8095238095238095,ALTO
ENC_RANGOS_EDAD_INPEC,ENC_NIVEL_EDUCATIVO,1,1,0.005847953216374269,BAJO
ENC_RANGOS_EDAD_INPEC,ENC_NIVEL_EDUCATIVO,1,6,0.012865497076023392,BAJO
ENC_RANGOS_EDAD_INPEC,ENC_NIVEL_EDUCATIVO,1,7,0.001949317738791423,BAJO
ENC_RANGOS_EDAD_INPEC,ENC_NIVEL_EDUCATIVO,1,8,0.0007797270955165692,BAJO
ENC_RANGOS_EDAD_INPEC,ENC_NIVEL_EDUCATIVO,1,9,0.0,BAJO
ENC_RANGOS_EDAD_INPEC,ENC_NIVEL_EDUCATIVO,2,1,0.011180992313067784,BAJO
ENC_RANGOS_EDAD_INPEC,ENC_NIVEL_EDUCATIVO,2,6,0.01816911250873515,BAJO
ENC_RANGOS_EDAD_INPEC,ENC_NIVEL_EDUCATIVO,2,7,0.003028185418122525,BAJO
ENC_RANGOS_EDAD_INPEC,ENC_NIVEL_EDUCATIVO,2,8,0.0023293733985557887,BAJO
ENC_RANGOS_EDAD_INPEC,ENC_NIVEL_EDUCATIVO,2,9,0.0006988120195667365,BAJO
ENC_RANGOS_EDAD_INPEC,ENC_NIVEL_EDUCATIVO,3,1,0.018924033522573668,BAJO
ENC_RANGOS_EDAD_INPEC,ENC_NIVEL_EDUCATIVO,3,6,0.019464720194647202,BAJO
ENC_RANGOS_EDAD_INPEC,ENC_NIVEL_EDUCATIVO,3,7,0.004325493376588267,BAJO
ENC_RANGOS_EDAD_INPEC,ENC_NIVEL_EDUCATIVO,3,8,0.005136523384698567,BAJO
ENC_RANGOS_EDAD_INPEC,ENC_NIVEL_EDUCATIVO,3,9,0.0010813733441470668,BAJO
ENC_RANGOS_EDAD_INPEC,ENC_NIVEL_EDUCATIVO,4,1,0.02299222797927461,BAJO
ENC_RANGOS_EDAD_INPEC,ENC_NIVEL_EDUCATIVO,4,6,0.019753886010362695,BAJO
ENC_RANGOS_EDAD_INPEC,ENC_NIVEL_EDUCATIVO,4,7,0.007124352331606218,BAJO
ENC_RANGOS_EDAD_INPEC,ENC_NIVEL_EDUCATIVO,4,8,0.010038860103626942,BAJO
ENC_RANGOS_EDAD_INPEC,ENC_NIVEL_EDUCATIVO,4,9,0.0009715025906735751,BAJO
ENC_RANGOS_EDAD_INPEC,ENC_NIVEL_EDUCATIVO,5,1,0.02511415525114155,BAJO
ENC_RANGOS_EDAD_INPEC,ENC_NIVEL_EDUCATIVO,5,6,0.02009132420091324,BAJO
ENC_RANGOS_EDAD_INPEC,ENC_NIVEL_EDUCATIVO,5,7,0.008675799086757991,BAJO
ENC_RANGOS_EDAD_INPEC,ENC_NIVEL_EDUCATIVO,5,8,0.012785388127853882,BAJO
ENC_RANGOS_EDAD_INPEC,ENC_NIVEL_EDUCATIVO,5,9,0.0013698630136986301,BAJO
ENC_RANGOS_EDAD_INPEC,ENC_NIVEL_EDUCATIVO,6,1,0.03096774193548387,BAJO
ENC_RANGOS_EDAD_INPEC,ENC_NIVEL_EDUCATIVO,6,6,0.016774193548387096,BAJO
ENC_RANGOS_EDAD_INPEC,ENC_NIVEL_EDUCATIVO,6,7,0.0064516129032258064,BAJO
ENC_RANGOS_EDAD_INPEC,ENC_NIVEL_EDUCATIVO,6,8,0.01806451612903226,BAJO
ENC_RANGOS_EDAD_INPEC,ENC_NIVEL_EDUCATIVO,6,9,0.0025806451612903226,BAJO
ENC_RANGOS_EDAD_INPEC,ENC_NIVEL_EDUCATIVO,7,1,0.038314176245210725,BAJO
ENC_RANGOS_EDAD_INPEC,ENC_NIVEL_EDUCATIVO,7,6,0.016283524904214558,BAJO
ENC_RANGOS_EDAD_INPEC,ENC_NIVEL_EDUCATIVO,7,7,0.009578544061302681,BAJO
ENC_RANGOS_EDAD_INPEC,ENC_NIVEL_EDUCATIVO,7,8,0.022988505747126436,BAJO
ENC_RANGOS_EDAD_INPEC,ENC_NIVEL_EDUCATIVO,7,9,0.004789272030651341,BAJO
ENC_RANGOS_EDAD_INPEC,ENC_NIVEL_EDUCATIVO,8,1,0.049253731343283584,BAJO
ENC_RANGOS_EDAD_INPEC,ENC_NIVEL_EDUCATIVO,8,6,0.016417910447761194,BAJO
ENC_RANGOS_EDAD_INPEC,ENC_NIVEL_EDUCATIVO,8,7,0.007462686567164179,BAJO
ENC_RANGOS_EDAD_INPEC,ENC_NIVEL_EDUCATIVO,8,8,0.023880597014925373,BAJO
ENC_RANGOS_EDAD_INPEC,ENC_NIVEL_EDUCATIVO,8,9,0.005970149253731343,BAJO
ENC_RANGOS_EDAD_INPEC,ENC_NIVEL_EDUCATIVO,9,6,0.016786570743405275,BAJO
ENC_RANGOS_EDAD_INPEC,ENC_NIVEL_EDUCATIVO,9,7,0.002398081534772182,BAJO
ENC_RANGOS_EDAD_INPEC,ENC_NIVEL_EDUCATIVO,9,8,0.03597122302158273,BAJO
ENC_RANGOS_EDAD_INPEC,ENC_NIVEL_EDUCATIVO,9,9,0.004796163069544364,BAJO
ENC_RANGOS_EDAD_INPEC,ENC_NIVEL_EDUCATIVO,10,5,0.03543307086614173,BAJO
ENC_RANGOS_EDAD_INPEC,ENC_NIVEL_EDUCATIVO,10,6,0.007874015748031496,BAJO
ENC_RANGOS_EDAD_INPEC,ENC_NIVEL_EDUCATIVO,10,7,0.003937007874015748,BAJO
ENC_RANGOS_EDAD_INPEC,ENC_NIVEL_EDUCATIVO,10,8,0.03543307086614173,BAJO
ENC_RANGOS_EDAD_INPEC,ENC_NIVEL_EDUCATIVO,10,9,0.0,BAJO
ENC_RANGOS_EDAD_INPEC,ENC_REGIONAL_CENTRAL,1,0,0.6717348927875244,ALTO
ENC_RANGOS_EDAD_INPEC,ENC_REGIONAL_CENTRAL,2,0,0.6480316794782204,ALTO
ENC_RANGOS_EDAD_INPEC,ENC_REGIONAL_CENTRAL,3,0,0.6469316031359827,ALTO
ENC_RANGOS_EDAD_INPEC,ENC_REGIONAL_CENTRAL,4,0,0.6437823834196891,ALTO
ENC_RANGOS_EDAD_INPEC,ENC_REGIONAL_CENTRAL,5,0,0.6100456621004566,ALTO
ENC_RANGOS_EDAD_INPEC,ENC_REGIONAL_CENTRAL,6,0,0.6225806451612903,ALTO
ENC_RANGOS_EDAD_INPEC,ENC_REGIONAL_CENTRAL,7,0,0.6044061302681992,ALTO
ENC_RANGOS_EDAD_INPEC,ENC_REGIONAL_CENTRAL,8,0,0.6298507462686567,ALTO
ENC_RANGOS_EDAD_INPEC,ENC_REGIONAL_CENTRAL,9,0,0.6378896882494005,ALTO
ENC_RANGOS_EDAD_INPEC,ENC_REGIONAL_CENTRAL,10,0,0.6653543307086615,ALTO
ENC_RANGOS_EDAD_INPEC,ENC_REGIONAL_OCCIDENTE,1,0,0.7867446393762183,ALTO
ENC_RANGOS_EDAD_INPEC,ENC_REGIONAL_OCCIDENTE,2,0,0.7817377125553227,ALTO
ENC_RANGOS_EDAD_INPEC,ENC_REGIONAL_OCCIDENTE,3,0,0.8096782914301163,ALTO
ENC_RANGOS_EDAD_INPEC,ENC_REGIONAL_OCCIDENTE,4,0,0.8154145077720207,ALTO
ENC_RANGOS_EDAD_INPEC,ENC_REGIONAL_OCCIDENTE,5,0,0.8255707762557077,ALTO
ENC_RANGOS_EDAD_INPEC,ENC_REGIONAL_OCCIDENTE,6,0,0.8096774193548387,ALTO
ENC_RANGOS_EDAD_INPEC,ENC_REGIONAL_OCCIDENTE,7,0,0.814176245210728,ALTO
ENC_RANGOS_EDAD_INPEC,ENC_REGIONAL_OCCIDENTE,8,0,0.8328358208955224,ALTO
ENC_RANGOS_EDAD_INPEC,ENC_REGIONAL_OCCIDENTE,9,0,0.815347721822542,ALTO
ENC_RANGOS_EDAD_INPEC,ENC_REGIONAL_OCCIDENTE,10,0,0.8622047244094488,ALTO
ENC_RANGOS_EDAD_INPEC,ENC_REGIONAL_NOROESTE,1,0,0.8233918128654971,ALTO
ENC_RANGOS_EDAD_INPEC,ENC_REGIONAL_NOROESTE,2,0,0.8718844630794317,ALTO
ENC_RANGOS_EDAD_INPEC,ENC_REGIONAL_NOROESTE,3,0,0.857529061908624,ALTO
ENC_RANGOS_EDAD_INPEC,ENC_REGIONAL_NOROESTE,4,0,0.8714378238341969,ALTO
ENC_RANGOS_EDAD_INPEC,ENC_REGIONAL_NOROESTE,5,0,0.8785388127853881,ALTO
ENC_RANGOS_EDAD_INPEC,ENC_REGIONAL_NOROESTE,6,0,0.8722580645161291,ALTO
ENC_RANGOS_EDAD_INPEC,ENC_REGIONAL_NOROESTE,7,0,0.9032567049808429,ALTO
ENC_RANGOS_EDAD_INPEC,ENC_REGIONAL_NOROESTE,8,0,0.8835820895522388,ALTO
ENC_RANGOS_EDAD_INPEC,ENC_REGIONAL_NOROESTE,9,0,0.8752997601918465,ALTO
ENC_RANGOS_EDAD_INPEC,ENC_REGIONAL_NOROESTE,10,0,0.8503937007874016,ALTO
ENC_RANGOS_EDAD_INPEC,ENC_REGIONAL_NORTE,1,0,0.9231968810916179,ALTO
ENC_RANGOS_EDAD_INPEC,ENC_REGIONAL_NORTE,2,0,0.8977405078034009,ALTO
ENC_RANGOS_EDAD_INPEC,ENC_REGIONAL_NORTE,3,0,0.8848337388483374,ALTO
ENC_RANGOS_EDAD_INPEC,ENC_REGIONAL_NORTE,4,0,0.8698186528497409,ALTO
ENC_RANGOS_EDAD_INPEC,ENC_REGIONAL_NORTE,5,0,0.882648401826484,ALTO
ENC_RANGOS_EDAD_INPEC,ENC_REGIONAL_NORTE,6,0,0.8903225806451613,ALTO
ENC_RANGOS_EDAD_INPEC,ENC_REGIONAL_NORTE,7,0,0.8888888888888888,ALTO
ENC_RANGOS_EDAD_INPEC,ENC_REGIONAL_NORTE,8,0,0.8835820895522388,ALTO
ENC_RANGOS_EDAD_INPEC,ENC_REGIONAL_NORTE,9,0,0.8752997601918465,ALTO
ENC_RANGOS_EDAD_INPEC,ENC_REGIONAL_NORTE,10,0,0.8503937007874016,ALTO
ENC_RANGOS_EDAD_INPEC,ENC_REGIONAL_ORIENTE,1,0,0.9037037037037037,ALTO
ENC_RANGOS_EDAD_INPEC,ENC_REGIONAL_ORIENTE,2,0,0.9091544374563243,ALTO
ENC_RANGOS_EDAD_INPEC,ENC_REGIONAL_ORIENTE,3,0,0.9094349824276832,ALTO
ENC_RANGOS_EDAD_INPEC,ENC_REGIONAL_ORIENTE,4,0,0.9002590673575129,ALTO
ENC_RANGOS_EDAD_INPEC,ENC_REGIONAL_ORIENTE,5,0,0.9082191780821918,ALTO
ENC_RANGOS_EDAD_INPEC,ENC_REGIONAL_ORIENTE,6,0,0.915483870967742,ALTO
ENC_RANGOS_EDAD_INPEC,ENC_REGIONAL_ORIENTE,7,0,0.9061302681992337,ALTO
ENC_RANGOS_EDAD_INPEC,ENC_REGIONAL_ORIENTE,8,0,0.9119402985074627,ALTO
ENC_RANGOS_EDAD_INPEC,ENC_REGIONAL_ORIENTE,9,0,0.920863309352518,ALTO
ENC_RANGOS_EDAD_INPEC,ENC_REGIONAL_ORIENTE,10,0,0.8818897637795275,ALTO
ENC_RANGOS_EDAD_INPEC,ENC_REGIONAL_VIEJO_CALDAS,1,0,0.8912280701754386,ALTO
ENC_RANGOS_EDAD_INPEC,ENC_REGIONAL_VIEJO_CALDAS,2,0,0.8914511996273002,ALTO
ENC_RANGOS_EDAD_INPEC,ENC_REGIONAL_VIEJO_CALDAS,3,0,0.8915923222492566,ALTO
ENC_RANGOS_EDAD_INPEC,ENC_REGIONAL_VIEJO_CALDAS,4,0,0.8992875647668394,ALTO
ENC_RANGOS_EDAD_INPEC,ENC_REGIONAL_VIEJO_CALDAS,5,0,0.8949771689497716,ALTO
ENC_RANGOS_EDAD_INPEC,ENC_REGIONAL_VIEJO_CALDAS,6,0,0.8896774193548387,ALTO
ENC_RANGOS_EDAD_INPEC,ENC_REGIONAL_VIEJO_CALDAS,7,0,0.8831417624521073,ALTO
ENC_RANGOS_EDAD_INPEC,ENC_REGIONAL_VIEJO_CALDAS,8,0,0.8582089552238806,ALTO
ENC_RANGOS_EDAD_INPEC,ENC_REGIONAL_VIEJO_CALDAS,9,0,0.8752997601918465,ALTO
ENC_RANGOS_EDAD_INPEC,ENC_REGIONAL_VIEJO_CALDAS,10,0,0.889763779527559,ALTO
ENC_NIVEL_EDUCATIVO,ENC_REGIONAL_CENTRAL,1,0,0.74364896073903,ALTO
ENC_NIVEL_EDUCATIVO,ENC_REGIONAL_CENTRAL,2,0,0.6683587140439933,ALTO
ENC_NIVEL_EDUCATIVO,ENC_REGIONAL_CENTRAL,3,0,0.6271935361696755,ALTO
ENC_NIVEL_EDUCATIVO,ENC_REGIONAL_CENTRAL,4,0,0.6389284696494728,ALTO
ENC_NIVEL_EDUCATIVO,ENC_REGIONAL_CENTRAL,5,0,0.6346958480849694,ALTO
ENC_NIVEL_EDUCATIVO,ENC_REGIONAL_CENTRAL,6,0,0.6381766381766382,ALTO
ENC_NIVEL_EDUCATIVO,ENC_REGIONAL_CENTRAL,7,0,0.6176470588235294,ALTO
ENC_NIVEL_EDUCATIVO,ENC_REGIONAL_CENTRAL,8,0,0.5824175824175825,ALTO
ENC_NIVEL_EDUCATIVO,ENC_REGIONAL_CENTRAL,9,1,0.5357142857142857,ALTO
ENC_NIVEL_EDUCATIVO,ENC_REGIONAL_OCCIDENTE,1,0,0.8198614318706697,ALTO
ENC_NIVEL_EDUCATIVO,ENC_REGIONAL_OCCIDENTE,2,0,0.7868020304568528,ALTO
ENC_NIVEL_EDUCATIVO,ENC_REGIONAL_OCCIDENTE,3,0,0.8093675041030173,ALTO
ENC_NIVEL_EDUCATIVO,ENC_REGIONAL_OCCIDENTE,4,0,0.8110572812767171,ALTO
ENC_NIVEL_EDUCATIVO,ENC_REGIONAL_OCCIDENTE,5,0,0.8036691342130673,ALTO
ENC_NIVEL_EDUCATIVO,ENC_REGIONAL_OCCIDENTE,6,0,0.8262108262108262,ALTO
ENC_NIVEL_EDUCATIVO,ENC_REGIONAL_OCCIDENTE,7,0,0.8627450980392157,ALTO
ENC_NIVEL_EDUCATIVO,ENC_REGIONAL_OCCIDENTE,8,0,0.8241758241758241,ALTO
ENC_NIVEL_EDUCATIVO,ENC_REGIONAL_OCCIDENTE,9,0,0.8928571428571429,ALTO
ENC_NIVEL_EDUCATIVO,ENC_REGIONAL_NOROESTE,1,0,0.8683602771362586,ALTO
ENC_NIVEL_EDUCATIVO,ENC_REGIONAL_NOROESTE,2,0,0.882040125694948,ALTO
ENC_NIVEL_EDUCATIVO,ENC_REGIONAL_NOROESTE,3,0,0.8635273324075243,ALTO
ENC_NIVEL_EDUCATIVO,ENC_REGIONAL_NOROESTE,4,0,0.8512396694214877,ALTO
ENC_NIVEL_EDUCATIVO,ENC_REGIONAL_NOROESTE,5,0,0.8664306404892179,ALTO
ENC_NIVEL_EDUCATIVO,ENC_REGIONAL_NOROESTE,6,0,0.8290598290598291,ALTO
ENC_NIVEL_EDUCATIVO,ENC_REGIONAL_NOROESTE,7,0,0.8823529411764706,ALTO
ENC_NIVEL_EDUCATIVO,ENC_REGIONAL_NOROESTE,8,0,0.8846153846153846,ALTO
ENC_NIVEL_EDUCATIVO,ENC_REGIONAL_NOROESTE,9,0,0.8571428571428571,ALTO
ENC_NIVEL_EDUCATIVO,ENC_REGIONAL_NORTE,1,0,0.836027713625866,ALTO
ENC_NIVEL_EDUCATIVO,ENC_REGIONAL_NORTE,2,0,0.8861493836113126,ALTO
ENC_NIVEL_EDUCATIVO,ENC_REGIONAL_NORTE,3,0,0.8926903168791819,ALTO
ENC_NIVEL_EDUCATIVO,ENC_REGIONAL_NORTE,4,0,0.9002564833285837,ALTO
ENC_NIVEL_EDUCATIVO,ENC_REGIONAL_NORTE,5,0,0.8873511425812681,ALTO
ENC_NIVEL_EDUCATIVO,ENC_REGIONAL_NORTE,6,0,0.8974358974358975,ALTO
ENC_NIVEL_EDUCATIVO,ENC_REGIONAL_NORTE,7,0,0.8431372549019608,ALTO
ENC_NIVEL_EDUCATIVO,ENC_REGIONAL_NORTE,8,0,0.8461538461538461,ALTO
ENC_NIVEL_EDUCATIVO,ENC_REGIONAL_NORTE,9,0,0.8928571428571429,ALTO
ENC_NIVEL_EDUCATIVO,ENC_REGIONAL_ORIENTE,1,0,0.8799076212471132,ALTO
ENC_NIVEL_EDUCATIVO,ENC_REGIONAL_ORIENTE,2,0,0.9052453468697124,ALTO
ENC_NIVEL_EDUCATIVO,ENC_REGIONAL_ORIENTE,3,0,0.9049362454235577,ALTO
ENC_NIVEL_EDUCATIVO,ENC_REGIONAL_ORIENTE,4,0,0.9116557423767455,ALTO
ENC_NIVEL_EDUCATIVO,ENC_REGIONAL_ORIENTE,5,0,0.9169616993884776,ALTO
ENC_NIVEL_EDUCATIVO,ENC_REGIONAL_ORIENTE,6,0,0.8774928774928775,ALTO
ENC_NIVEL_EDUCATIVO,ENC_REGIONAL_ORIENTE,7,0,0.8823529411764706,ALTO
ENC_NIVEL_EDUCATIVO,ENC_REGIONAL_ORIENTE,8,0,0.945054945054945,ALTO
ENC_NIVEL_EDUCATIVO,ENC_REGIONAL_ORIENTE,9,0,0.9285714285714286,ALTO
ENC_NIVEL_EDUCATIVO,ENC_REGIONAL_VIEJO_CALDAS,1,0,0.8521939953810623,ALTO
ENC_NIVEL_EDUCATIVO,ENC_REGIONAL_VIEJO_CALDAS,2,0,0.871404399323181,ALTO
ENC_NIVEL_EDUCATIVO,ENC_REGIONAL_VIEJO_CALDAS,3,0,0.9022850650170433,ALTO
ENC_NIVEL_EDUCATIVO,ENC_REGIONAL_VIEJO_CALDAS,4,0,0.8868623539469934,ALTO
ENC_NIVEL_EDUCATIVO,ENC_REGIONAL_VIEJO_CALDAS,5,0,0.8908915352429997,ALTO
ENC_NIVEL_EDUCATIVO,ENC_REGIONAL_VIEJO_CALDAS,6,0,0.9316239316239316,ALTO
ENC_NIVEL_EDUCATIVO,ENC_REGIONAL_VIEJO_CALDAS,7,0,0.9117647058823529,ALTO
ENC_NIVEL_EDUCATIVO,ENC_REGIONAL_VIEJO_CALDAS,8,0,0.9175824175824175,ALTO
ENC_NIVEL_EDUCATIVO,ENC_REGIONAL_VIEJO_CALDAS,9,0,0.9642857142857143,ALTO
ENC_REGIONAL_CENTRAL,ENC_REGIONAL_OCCIDENTE,0,0,0.6960157790927022,ALTO
ENC_REGIONAL_CENTRAL,ENC_REGIONAL_OCCIDENTE,1,0,1.0,ALTO
ENC_REGIONAL_CENTRAL,ENC_REGIONAL_NOROESTE,0,0,0.790138067061144,ALTO
ENC_REGIONAL_CENTRAL,ENC_REGIONAL_NOROESTE,1,0,1.0,ALTO
ENC_REGIONAL_CENTRAL,ENC_REGIONAL_NORTE,0,0,0.8284023668639053,ALTO
ENC_REGIONAL_CENTRAL,ENC_REGIONAL_NORTE,1,0,1.0,ALTO
ENC_REGIONAL_CENTRAL,ENC_REGIONAL_ORIENTE,0,0,0.8554635108481262,ALTO
ENC_REGIONAL_CENTRAL,ENC_REGIONAL_ORIENTE,1,0,1.0,ALTO
ENC_REGIONAL_CENTRAL,ENC_REGIONAL_VIEJO_CALDAS,0,0,0.8299802761341223,ALTO
ENC_REGIONAL_CENTRAL,ENC_REGIONAL_VIEJO_CALDAS,1,0,1.0,ALTO
ENC_REGIONAL_OCCIDENTE,ENC_REGIONAL_NOROESTE,0,0,0.8328830809825972,ALTO
ENC_REGIONAL_OCCIDENTE,ENC_REGIONAL_NOROESTE,1,0,1.0,ALTO
ENC_REGIONAL_OCCIDENTE,ENC_REGIONAL_NORTE,0,0,0.8633536470440409,ALTO
ENC_REGIONAL_OCCIDENTE,ENC_REGIONAL_NORTE,1,0,1.0,ALTO
ENC_REGIONAL_OCCIDENTE,ENC_REGIONAL_ORIENTE,0,0,0.8849029339699692,ALTO
ENC_REGIONAL_OCCIDENTE,ENC_REGIONAL_ORIENTE,1,0,1.0,ALTO
ENC_REGIONAL_OCCIDENTE,ENC_REGIONAL_VIEJO_CALDAS,0,0,0.8646101652321417,ALTO
ENC_REGIONAL_OCCIDENTE,ENC_REGIONAL_VIEJO_CALDAS,1,0,1.0,ALTO
ENC_REGIONAL_NOROESTE,ENC_REGIONAL_NORTE,0,0,0.8728813559322034,ALTO
ENC_REGIONAL_NOROESTE,ENC_REGIONAL_NORTE,1,0,1.0,ALTO
ENC_REGIONAL_NOROESTE,ENC_REGIONAL_ORIENTE,0,0,0.892928112215079,ALTO
ENC_REGIONAL_NOROESTE,ENC_REGIONAL_ORIENTE,1,0,1.0,ALTO
ENC_REGIONAL_NOROESTE,ENC_REGIONAL_VIEJO_CALDAS,0,0,0.8740502630040912,ALTO
ENC_REGIONAL_NOROESTE,ENC_REGIONAL_VIEJO_CALDAS,1,0,1.0,ALTO
ENC_REGIONAL_NORTE,ENC_REGIONAL_ORIENTE,0,0,0.8958795112247797,ALTO
ENC_REGIONAL_NORTE,ENC_REGIONAL_ORIENTE,1,0,1.0,ALTO
ENC_REGIONAL_NORTE,ENC_REGIONAL_VIEJO_CALDAS,0,0,0.8775220233020744,ALTO
ENC_REGIONAL_NORTE,ENC_REGIONAL_VIEJO_CALDAS,1,0,1.0,ALTO
ENC_REGIONAL_ORIENTE,ENC_REGIONAL_VIEJO_CALDAS,0,0,0.8798639759170476,ALTO
ENC_REGIONAL_ORIENTE,ENC_REGIONAL_VIEJO_CALDAS,1,0,1.0,ALTO
ENC_GENERO,ENC_REINCIDENTE,0,0,0.8033519553072626,ALTO
ENC_GENERO,ENC_REINCIDENTE,1,0,0.7092880978865406,ALTO
