classifier,params,sensitive_group,positive_prediction_probability,variance,best_result
GaussianNB,"(('approach', 'hdmr'), ('cpu_time', 300), ('lambax', 0.01), ('maxorder', 1), ('spline_intervals', 2))",ENC_GENERO = 1,0.6466666666666666,0.22848888888888888,0
GaussianNB,"(('approach', 'hdmr'), ('cpu_time', 300), ('lambax', 0.01), ('maxorder', 1), ('spline_intervals', 2))",ENC_GENERO = 0,0.0,0.0,0
GaussianNB,"(('approach', 'kernel'), ('cpu_time', 300), ('lambax', 0.01), ('maxorder', 1), ('spline_intervals', 2))",ENC_GENERO = 1,0.6466666666666666,0.22848888888888888,0
GaussianNB,"(('approach', 'kernel'), ('cpu_time', 300), ('lambax', 0.01), ('maxorder', 1), ('spline_intervals', 2))",ENC_GENERO = 0,0.0,0.0,0
GaussianNB,"(('approach', 'hdmr'), ('cpu_time', 300), ('lambax', 0.01), ('maxorder', 1), ('spline_intervals', 3))",ENC_GENERO = 1,0.6466666666666666,0.22848888888888888,0
GaussianNB,"(('approach', 'hdmr'), ('cpu_time', 300), ('lambax', 0.01), ('maxorder', 1), ('spline_intervals', 3))",ENC_GENERO = 0,0.0,0.0,0
GaussianNB,"(('approach', 'kernel'), ('cpu_time', 300), ('lambax', 0.01), ('maxorder', 1), ('spline_intervals', 3))",ENC_GENERO = 1,0.6466666666666666,0.22848888888888888,0
GaussianNB,"(('approach', 'kernel'), ('cpu_time', 300), ('lambax', 0.01), ('maxorder', 1), ('spline_intervals', 3))",ENC_GENERO = 0,0.0,0.0,0
GaussianNB,"(('approach', 'hdmr'), ('cpu_time', 300), ('lambax', 0.1), ('maxorder', 1), ('spline_intervals', 2))",ENC_GENERO = 1,0.6466666666666666,0.22848888888888888,0
GaussianNB,"(('approach', 'hdmr'), ('cpu_time', 300), ('lambax', 0.1), ('maxorder', 1), ('spline_intervals', 2))",ENC_GENERO = 0,0.0,0.0,0
GaussianNB,"(('approach', 'kernel'), ('cpu_time', 300), ('lambax', 0.1), ('maxorder', 1), ('spline_intervals', 2))",ENC_GENERO = 1,0.6466666666666666,0.22848888888888888,0
GaussianNB,"(('approach', 'kernel'), ('cpu_time', 300), ('lambax', 0.1), ('maxorder', 1), ('spline_intervals', 2))",ENC_GENERO = 0,0.0,0.0,0
GaussianNB,"(('approach', 'hdmr'), ('cpu_time', 300), ('lambax', 0.1), ('maxorder', 1), ('spline_intervals', 3))",ENC_GENERO = 1,0.6466666666666666,0.22848888888888888,0
GaussianNB,"(('approach', 'hdmr'), ('cpu_time', 300), ('lambax', 0.1), ('maxorder', 1), ('spline_intervals', 3))",ENC_GENERO = 0,0.0,0.0,0
GaussianNB,"(('approach', 'kernel'), ('cpu_time', 300), ('lambax', 0.1), ('maxorder', 1), ('spline_intervals', 3))",ENC_GENERO = 1,0.6466666666666666,0.22848888888888888,0
GaussianNB,"(('approach', 'kernel'), ('cpu_time', 300), ('lambax', 0.1), ('maxorder', 1), ('spline_intervals', 3))",ENC_GENERO = 0,0.0,0.0,0
GaussianNB,"(('approach', 'hdmr'), ('cpu_time', 300), ('lambax', 0.01), ('maxorder', 2), ('spline_intervals', 2))",ENC_GENERO = 1,0.6466666666666666,0.22848888888888888,0
GaussianNB,"(('approach', 'hdmr'), ('cpu_time', 300), ('lambax', 0.01), ('maxorder', 2), ('spline_intervals', 2))",ENC_GENERO = 0,0.0,0.0,0
GaussianNB,"(('approach', 'kernel'), ('cpu_time', 300), ('lambax', 0.01), ('maxorder', 2), ('spline_intervals', 2))",ENC_GENERO = 1,0.6466666666666666,0.22848888888888888,0
GaussianNB,"(('approach', 'kernel'), ('cpu_time', 300), ('lambax', 0.01), ('maxorder', 2), ('spline_intervals', 2))",ENC_GENERO = 0,0.0,0.0,0
GaussianNB,"(('approach', 'hdmr'), ('cpu_time', 300), ('lambax', 0.01), ('maxorder', 2), ('spline_intervals', 3))",ENC_GENERO = 1,0.6466666666666666,0.22848888888888888,0
GaussianNB,"(('approach', 'hdmr'), ('cpu_time', 300), ('lambax', 0.01), ('maxorder', 2), ('spline_intervals', 3))",ENC_GENERO = 0,0.0,0.0,0
GaussianNB,"(('approach', 'kernel'), ('cpu_time', 300), ('lambax', 0.01), ('maxorder', 2), ('spline_intervals', 3))",ENC_GENERO = 1,0.6466666666666666,0.22848888888888888,0
GaussianNB,"(('approach', 'kernel'), ('cpu_time', 300), ('lambax', 0.01), ('maxorder', 2), ('spline_intervals', 3))",ENC_GENERO = 0,0.0,0.0,0
GaussianNB,"(('approach', 'hdmr'), ('cpu_time', 300), ('lambax', 0.1), ('maxorder', 2), ('spline_intervals', 2))",ENC_GENERO = 1,0.6466666666666666,0.22848888888888888,0
GaussianNB,"(('approach', 'hdmr'), ('cpu_time', 300), ('lambax', 0.1), ('maxorder', 2), ('spline_intervals', 2))",ENC_GENERO = 0,0.0,0.0,0
GaussianNB,"(('approach', 'kernel'), ('cpu_time', 300), ('lambax', 0.1), ('maxorder', 2), ('spline_intervals', 2))",ENC_GENERO = 1,0.6466666666666666,0.22848888888888888,0
GaussianNB,"(('approach', 'kernel'), ('cpu_time', 300), ('lambax', 0.1), ('maxorder', 2), ('spline_intervals', 2))",ENC_GENERO = 0,0.0,0.0,0
GaussianNB,"(('approach', 'hdmr'), ('cpu_time', 300), ('lambax', 0.1), ('maxorder', 2), ('spline_intervals', 3))",ENC_GENERO = 1,0.6466666666666666,0.22848888888888888,0
GaussianNB,"(('approach', 'hdmr'), ('cpu_time', 300), ('lambax', 0.1), ('maxorder', 2), ('spline_intervals', 3))",ENC_GENERO = 0,0.0,0.0,0
GaussianNB,"(('approach', 'kernel'), ('cpu_time', 300), ('lambax', 0.1), ('maxorder', 2), ('spline_intervals', 3))",ENC_GENERO = 1,0.6466666666666666,0.22848888888888888,0
GaussianNB,"(('approach', 'kernel'), ('cpu_time', 300), ('lambax', 0.1), ('maxorder', 2), ('spline_intervals', 3))",ENC_GENERO = 0,0.0,0.0,0
QuadraticDiscriminantAnalysis,"(('approach', 'hdmr'), ('cpu_time', 300), ('lambax', 0.01), ('maxorder', 1), ('spline_intervals', 2))",ENC_GENERO = 1,0.45555555555555555,0.24802469135802466,0
QuadraticDiscriminantAnalysis,"(('approach', 'hdmr'), ('cpu_time', 300), ('lambax', 0.01), ('maxorder', 1), ('spline_intervals', 2))",ENC_GENERO = 0,0.022727272727272728,0.02221074380165289,0
QuadraticDiscriminantAnalysis,"(('approach', 'kernel'), ('cpu_time', 300), ('lambax', 0.01), ('maxorder', 1), ('spline_intervals', 2))",ENC_GENERO = 1,0.45555555555555555,0.24802469135802466,0
QuadraticDiscriminantAnalysis,"(('approach', 'kernel'), ('cpu_time', 300), ('lambax', 0.01), ('maxorder', 1), ('spline_intervals', 2))",ENC_GENERO = 0,0.022727272727272728,0.02221074380165289,0
QuadraticDiscriminantAnalysis,"(('approach', 'hdmr'), ('cpu_time', 300), ('lambax', 0.01), ('maxorder', 1), ('spline_intervals', 3))",ENC_GENERO = 1,0.45555555555555555,0.24802469135802466,0
QuadraticDiscriminantAnalysis,"(('approach', 'hdmr'), ('cpu_time', 300), ('lambax', 0.01), ('maxorder', 1), ('spline_intervals', 3))",ENC_GENERO = 0,0.022727272727272728,0.02221074380165289,0
QuadraticDiscriminantAnalysis,"(('approach', 'kernel'), ('cpu_time', 300), ('lambax', 0.01), ('maxorder', 1), ('spline_intervals', 3))",ENC_GENERO = 1,0.45555555555555555,0.24802469135802466,0
QuadraticDiscriminantAnalysis,"(('approach', 'kernel'), ('cpu_time', 300), ('lambax', 0.01), ('maxorder', 1), ('spline_intervals', 3))",ENC_GENERO = 0,0.022727272727272728,0.02221074380165289,0
QuadraticDiscriminantAnalysis,"(('approach', 'hdmr'), ('cpu_time', 300), ('lambax', 0.1), ('maxorder', 1), ('spline_intervals', 2))",ENC_GENERO = 1,0.45555555555555555,0.24802469135802466,0
QuadraticDiscriminantAnalysis,"(('approach', 'hdmr'), ('cpu_time', 300), ('lambax', 0.1), ('maxorder', 1), ('spline_intervals', 2))",ENC_GENERO = 0,0.022727272727272728,0.02221074380165289,0
QuadraticDiscriminantAnalysis,"(('approach', 'kernel'), ('cpu_time', 300), ('lambax', 0.1), ('maxorder', 1), ('spline_intervals', 2))",ENC_GENERO = 1,0.45555555555555555,0.24802469135802466,0
QuadraticDiscriminantAnalysis,"(('approach', 'kernel'), ('cpu_time', 300), ('lambax', 0.1), ('maxorder', 1), ('spline_intervals', 2))",ENC_GENERO = 0,0.022727272727272728,0.02221074380165289,0
QuadraticDiscriminantAnalysis,"(('approach', 'hdmr'), ('cpu_time', 300), ('lambax', 0.1), ('maxorder', 1), ('spline_intervals', 3))",ENC_GENERO = 1,0.45555555555555555,0.24802469135802466,0
QuadraticDiscriminantAnalysis,"(('approach', 'hdmr'), ('cpu_time', 300), ('lambax', 0.1), ('maxorder', 1), ('spline_intervals', 3))",ENC_GENERO = 0,0.022727272727272728,0.02221074380165289,0
QuadraticDiscriminantAnalysis,"(('approach', 'kernel'), ('cpu_time', 300), ('lambax', 0.1), ('maxorder', 1), ('spline_intervals', 3))",ENC_GENERO = 1,0.45555555555555555,0.24802469135802466,0
QuadraticDiscriminantAnalysis,"(('approach', 'kernel'), ('cpu_time', 300), ('lambax', 0.1), ('maxorder', 1), ('spline_intervals', 3))",ENC_GENERO = 0,0.022727272727272728,0.02221074380165289,0
QuadraticDiscriminantAnalysis,"(('approach', 'hdmr'), ('cpu_time', 300), ('lambax', 0.01), ('maxorder', 2), ('spline_intervals', 2))",ENC_GENERO = 1,0.45555555555555555,0.24802469135802466,0
QuadraticDiscriminantAnalysis,"(('approach', 'hdmr'), ('cpu_time', 300), ('lambax', 0.01), ('maxorder', 2), ('spline_intervals', 2))",ENC_GENERO = 0,0.022727272727272728,0.02221074380165289,0
QuadraticDiscriminantAnalysis,"(('approach', 'kernel'), ('cpu_time', 300), ('lambax', 0.01), ('maxorder', 2), ('spline_intervals', 2))",ENC_GENERO = 1,0.45555555555555555,0.24802469135802466,0
QuadraticDiscriminantAnalysis,"(('approach', 'kernel'), ('cpu_time', 300), ('lambax', 0.01), ('maxorder', 2), ('spline_intervals', 2))",ENC_GENERO = 0,0.022727272727272728,0.02221074380165289,0
QuadraticDiscriminantAnalysis,"(('approach', 'hdmr'), ('cpu_time', 300), ('lambax', 0.01), ('maxorder', 2), ('spline_intervals', 3))",ENC_GENERO = 1,0.45555555555555555,0.24802469135802466,0
QuadraticDiscriminantAnalysis,"(('approach', 'hdmr'), ('cpu_time', 300), ('lambax', 0.01), ('maxorder', 2), ('spline_intervals', 3))",ENC_GENERO = 0,0.022727272727272728,0.02221074380165289,0
QuadraticDiscriminantAnalysis,"(('approach', 'kernel'), ('cpu_time', 300), ('lambax', 0.01), ('maxorder', 2), ('spline_intervals', 3))",ENC_GENERO = 1,0.45555555555555555,0.24802469135802466,0
QuadraticDiscriminantAnalysis,"(('approach', 'kernel'), ('cpu_time', 300), ('lambax', 0.01), ('maxorder', 2), ('spline_intervals', 3))",ENC_GENERO = 0,0.022727272727272728,0.02221074380165289,0
QuadraticDiscriminantAnalysis,"(('approach', 'hdmr'), ('cpu_time', 300), ('lambax', 0.1), ('maxorder', 2), ('spline_intervals', 2))",ENC_GENERO = 1,0.45555555555555555,0.24802469135802466,0
QuadraticDiscriminantAnalysis,"(('approach', 'hdmr'), ('cpu_time', 300), ('lambax', 0.1), ('maxorder', 2), ('spline_intervals', 2))",ENC_GENERO = 0,0.022727272727272728,0.02221074380165289,0
QuadraticDiscriminantAnalysis,"(('approach', 'kernel'), ('cpu_time', 300), ('lambax', 0.1), ('maxorder', 2), ('spline_intervals', 2))",ENC_GENERO = 1,0.45555555555555555,0.24802469135802466,0
QuadraticDiscriminantAnalysis,"(('approach', 'kernel'), ('cpu_time', 300), ('lambax', 0.1), ('maxorder', 2), ('spline_intervals', 2))",ENC_GENERO = 0,0.022727272727272728,0.02221074380165289,0
QuadraticDiscriminantAnalysis,"(('approach', 'hdmr'), ('cpu_time', 300), ('lambax', 0.1), ('maxorder', 2), ('spline_intervals', 3))",ENC_GENERO = 1,0.45555555555555555,0.24802469135802466,0
QuadraticDiscriminantAnalysis,"(('approach', 'hdmr'), ('cpu_time', 300), ('lambax', 0.1), ('maxorder', 2), ('spline_intervals', 3))",ENC_GENERO = 0,0.022727272727272728,0.02221074380165289,0
QuadraticDiscriminantAnalysis,"(('approach', 'kernel'), ('cpu_time', 300), ('lambax', 0.1), ('maxorder', 2), ('spline_intervals', 3))",ENC_GENERO = 1,0.45555555555555555,0.24802469135802466,0
QuadraticDiscriminantAnalysis,"(('approach', 'kernel'), ('cpu_time', 300), ('lambax', 0.1), ('maxorder', 2), ('spline_intervals', 3))",ENC_GENERO = 0,0.022727272727272728,0.02221074380165289,0
XGBClassifier,"(('approach', 'hdmr'), ('cpu_time', 300), ('lambax', 0.01), ('maxorder', 1), ('spline_intervals', 2))",ENC_GENERO = 1,0.12222222222222222,0.10728395061728396,1
XGBClassifier,"(('approach', 'hdmr'), ('cpu_time', 300), ('lambax', 0.01), ('maxorder', 1), ('spline_intervals', 2))",ENC_GENERO = 0,0.11363636363636363,0.10072314049586777,1
XGBClassifier,"(('approach', 'kernel'), ('cpu_time', 300), ('lambax', 0.01), ('maxorder', 1), ('spline_intervals', 2))",ENC_GENERO = 1,0.12222222222222222,0.10728395061728396,0
XGBClassifier,"(('approach', 'kernel'), ('cpu_time', 300), ('lambax', 0.01), ('maxorder', 1), ('spline_intervals', 2))",ENC_GENERO = 0,0.11363636363636363,0.10072314049586777,0
XGBClassifier,"(('approach', 'hdmr'), ('cpu_time', 300), ('lambax', 0.01), ('maxorder', 1), ('spline_intervals', 3))",ENC_GENERO = 1,0.12222222222222222,0.10728395061728396,0
XGBClassifier,"(('approach', 'hdmr'), ('cpu_time', 300), ('lambax', 0.01), ('maxorder', 1), ('spline_intervals', 3))",ENC_GENERO = 0,0.11363636363636363,0.10072314049586777,0
XGBClassifier,"(('approach', 'kernel'), ('cpu_time', 300), ('lambax', 0.01), ('maxorder', 1), ('spline_intervals', 3))",ENC_GENERO = 1,0.12222222222222222,0.10728395061728396,0
XGBClassifier,"(('approach', 'kernel'), ('cpu_time', 300), ('lambax', 0.01), ('maxorder', 1), ('spline_intervals', 3))",ENC_GENERO = 0,0.11363636363636363,0.10072314049586777,0
XGBClassifier,"(('approach', 'hdmr'), ('cpu_time', 300), ('lambax', 0.1), ('maxorder', 1), ('spline_intervals', 2))",ENC_GENERO = 1,0.12222222222222222,0.10728395061728396,0
XGBClassifier,"(('approach', 'hdmr'), ('cpu_time', 300), ('lambax', 0.1), ('maxorder', 1), ('spline_intervals', 2))",ENC_GENERO = 0,0.11363636363636363,0.10072314049586777,0
XGBClassifier,"(('approach', 'kernel'), ('cpu_time', 300), ('lambax', 0.1), ('maxorder', 1), ('spline_intervals', 2))",ENC_GENERO = 1,0.12222222222222222,0.10728395061728396,0
XGBClassifier,"(('approach', 'kernel'), ('cpu_time', 300), ('lambax', 0.1), ('maxorder', 1), ('spline_intervals', 2))",ENC_GENERO = 0,0.11363636363636363,0.10072314049586777,0
XGBClassifier,"(('approach', 'hdmr'), ('cpu_time', 300), ('lambax', 0.1), ('maxorder', 1), ('spline_intervals', 3))",ENC_GENERO = 1,0.12222222222222222,0.10728395061728396,0
XGBClassifier,"(('approach', 'hdmr'), ('cpu_time', 300), ('lambax', 0.1), ('maxorder', 1), ('spline_intervals', 3))",ENC_GENERO = 0,0.11363636363636363,0.10072314049586777,0
XGBClassifier,"(('approach', 'kernel'), ('cpu_time', 300), ('lambax', 0.1), ('maxorder', 1), ('spline_intervals', 3))",ENC_GENERO = 1,0.12222222222222222,0.10728395061728396,0
XGBClassifier,"(('approach', 'kernel'), ('cpu_time', 300), ('lambax', 0.1), ('maxorder', 1), ('spline_intervals', 3))",ENC_GENERO = 0,0.11363636363636363,0.10072314049586777,0
XGBClassifier,"(('approach', 'hdmr'), ('cpu_time', 300), ('lambax', 0.01), ('maxorder', 2), ('spline_intervals', 2))",ENC_GENERO = 1,0.12222222222222222,0.10728395061728396,0
XGBClassifier,"(('approach', 'hdmr'), ('cpu_time', 300), ('lambax', 0.01), ('maxorder', 2), ('spline_intervals', 2))",ENC_GENERO = 0,0.11363636363636363,0.10072314049586777,0
XGBClassifier,"(('approach', 'kernel'), ('cpu_time', 300), ('lambax', 0.01), ('maxorder', 2), ('spline_intervals', 2))",ENC_GENERO = 1,0.12222222222222222,0.10728395061728396,0
XGBClassifier,"(('approach', 'kernel'), ('cpu_time', 300), ('lambax', 0.01), ('maxorder', 2), ('spline_intervals', 2))",ENC_GENERO = 0,0.11363636363636363,0.10072314049586777,0
XGBClassifier,"(('approach', 'hdmr'), ('cpu_time', 300), ('lambax', 0.01), ('maxorder', 2), ('spline_intervals', 3))",ENC_GENERO = 1,0.12222222222222222,0.10728395061728396,0
XGBClassifier,"(('approach', 'hdmr'), ('cpu_time', 300), ('lambax', 0.01), ('maxorder', 2), ('spline_intervals', 3))",ENC_GENERO = 0,0.11363636363636363,0.10072314049586777,0
XGBClassifier,"(('approach', 'kernel'), ('cpu_time', 300), ('lambax', 0.01), ('maxorder', 2), ('spline_intervals', 3))",ENC_GENERO = 1,0.12222222222222222,0.10728395061728396,0
XGBClassifier,"(('approach', 'kernel'), ('cpu_time', 300), ('lambax', 0.01), ('maxorder', 2), ('spline_intervals', 3))",ENC_GENERO = 0,0.11363636363636363,0.10072314049586777,0
XGBClassifier,"(('approach', 'hdmr'), ('cpu_time', 300), ('lambax', 0.1), ('maxorder', 2), ('spline_intervals', 2))",ENC_GENERO = 1,0.12222222222222222,0.10728395061728396,0
XGBClassifier,"(('approach', 'hdmr'), ('cpu_time', 300), ('lambax', 0.1), ('maxorder', 2), ('spline_intervals', 2))",ENC_GENERO = 0,0.11363636363636363,0.10072314049586777,0
XGBClassifier,"(('approach', 'kernel'), ('cpu_time', 300), ('lambax', 0.1), ('maxorder', 2), ('spline_intervals', 2))",ENC_GENERO = 1,0.12222222222222222,0.10728395061728396,0
XGBClassifier,"(('approach', 'kernel'), ('cpu_time', 300), ('lambax', 0.1), ('maxorder', 2), ('spline_intervals', 2))",ENC_GENERO = 0,0.11363636363636363,0.10072314049586777,0
XGBClassifier,"(('approach', 'hdmr'), ('cpu_time', 300), ('lambax', 0.1), ('maxorder', 2), ('spline_intervals', 3))",ENC_GENERO = 1,0.12222222222222222,0.10728395061728396,0
XGBClassifier,"(('approach', 'hdmr'), ('cpu_time', 300), ('lambax', 0.1), ('maxorder', 2), ('spline_intervals', 3))",ENC_GENERO = 0,0.11363636363636363,0.10072314049586777,0
XGBClassifier,"(('approach', 'kernel'), ('cpu_time', 300), ('lambax', 0.1), ('maxorder', 2), ('spline_intervals', 3))",ENC_GENERO = 1,0.12222222222222222,0.10728395061728396,0
XGBClassifier,"(('approach', 'kernel'), ('cpu_time', 300), ('lambax', 0.1), ('maxorder', 2), ('spline_intervals', 3))",ENC_GENERO = 0,0.11363636363636363,0.10072314049586777,0
DecisionTreeClassifier,"(('approach', 'hdmr'), ('cpu_time', 300), ('lambax', 0.01), ('maxorder', 1), ('spline_intervals', 2))",ENC_GENERO = 1,0.2511111111111111,0.18805432098765437,0
DecisionTreeClassifier,"(('approach', 'hdmr'), ('cpu_time', 300), ('lambax', 0.01), ('maxorder', 1), ('spline_intervals', 2))",ENC_GENERO = 0,0.22727272727272727,0.17561983471074377,0
DecisionTreeClassifier,"(('approach', 'kernel'), ('cpu_time', 300), ('lambax', 0.01), ('maxorder', 1), ('spline_intervals', 2))",ENC_GENERO = 1,0.2511111111111111,0.18805432098765437,0
DecisionTreeClassifier,"(('approach', 'kernel'), ('cpu_time', 300), ('lambax', 0.01), ('maxorder', 1), ('spline_intervals', 2))",ENC_GENERO = 0,0.22727272727272727,0.17561983471074377,0
DecisionTreeClassifier,"(('approach', 'hdmr'), ('cpu_time', 300), ('lambax', 0.01), ('maxorder', 1), ('spline_intervals', 3))",ENC_GENERO = 1,0.2511111111111111,0.18805432098765437,0
DecisionTreeClassifier,"(('approach', 'hdmr'), ('cpu_time', 300), ('lambax', 0.01), ('maxorder', 1), ('spline_intervals', 3))",ENC_GENERO = 0,0.22727272727272727,0.17561983471074377,0
DecisionTreeClassifier,"(('approach', 'kernel'), ('cpu_time', 300), ('lambax', 0.01), ('maxorder', 1), ('spline_intervals', 3))",ENC_GENERO = 1,0.2511111111111111,0.18805432098765437,0
DecisionTreeClassifier,"(('approach', 'kernel'), ('cpu_time', 300), ('lambax', 0.01), ('maxorder', 1), ('spline_intervals', 3))",ENC_GENERO = 0,0.22727272727272727,0.17561983471074377,0
DecisionTreeClassifier,"(('approach', 'hdmr'), ('cpu_time', 300), ('lambax', 0.1), ('maxorder', 1), ('spline_intervals', 2))",ENC_GENERO = 1,0.2511111111111111,0.18805432098765437,0
DecisionTreeClassifier,"(('approach', 'hdmr'), ('cpu_time', 300), ('lambax', 0.1), ('maxorder', 1), ('spline_intervals', 2))",ENC_GENERO = 0,0.22727272727272727,0.17561983471074377,0
DecisionTreeClassifier,"(('approach', 'kernel'), ('cpu_time', 300), ('lambax', 0.1), ('maxorder', 1), ('spline_intervals', 2))",ENC_GENERO = 1,0.2511111111111111,0.18805432098765437,0
DecisionTreeClassifier,"(('approach', 'kernel'), ('cpu_time', 300), ('lambax', 0.1), ('maxorder', 1), ('spline_intervals', 2))",ENC_GENERO = 0,0.22727272727272727,0.17561983471074377,0
DecisionTreeClassifier,"(('approach', 'hdmr'), ('cpu_time', 300), ('lambax', 0.1), ('maxorder', 1), ('spline_intervals', 3))",ENC_GENERO = 1,0.2511111111111111,0.18805432098765437,0
DecisionTreeClassifier,"(('approach', 'hdmr'), ('cpu_time', 300), ('lambax', 0.1), ('maxorder', 1), ('spline_intervals', 3))",ENC_GENERO = 0,0.22727272727272727,0.17561983471074377,0
DecisionTreeClassifier,"(('approach', 'kernel'), ('cpu_time', 300), ('lambax', 0.1), ('maxorder', 1), ('spline_intervals', 3))",ENC_GENERO = 1,0.2511111111111111,0.18805432098765437,0
DecisionTreeClassifier,"(('approach', 'kernel'), ('cpu_time', 300), ('lambax', 0.1), ('maxorder', 1), ('spline_intervals', 3))",ENC_GENERO = 0,0.22727272727272727,0.17561983471074377,0
DecisionTreeClassifier,"(('approach', 'hdmr'), ('cpu_time', 300), ('lambax', 0.01), ('maxorder', 2), ('spline_intervals', 2))",ENC_GENERO = 1,0.2511111111111111,0.18805432098765437,0
DecisionTreeClassifier,"(('approach', 'hdmr'), ('cpu_time', 300), ('lambax', 0.01), ('maxorder', 2), ('spline_intervals', 2))",ENC_GENERO = 0,0.22727272727272727,0.17561983471074377,0
DecisionTreeClassifier,"(('approach', 'kernel'), ('cpu_time', 300), ('lambax', 0.01), ('maxorder', 2), ('spline_intervals', 2))",ENC_GENERO = 1,0.2511111111111111,0.18805432098765437,0
DecisionTreeClassifier,"(('approach', 'kernel'), ('cpu_time', 300), ('lambax', 0.01), ('maxorder', 2), ('spline_intervals', 2))",ENC_GENERO = 0,0.22727272727272727,0.17561983471074377,0
DecisionTreeClassifier,"(('approach', 'hdmr'), ('cpu_time', 300), ('lambax', 0.01), ('maxorder', 2), ('spline_intervals', 3))",ENC_GENERO = 1,0.2511111111111111,0.18805432098765437,0
DecisionTreeClassifier,"(('approach', 'hdmr'), ('cpu_time', 300), ('lambax', 0.01), ('maxorder', 2), ('spline_intervals', 3))",ENC_GENERO = 0,0.22727272727272727,0.17561983471074377,0
DecisionTreeClassifier,"(('approach', 'kernel'), ('cpu_time', 300), ('lambax', 0.01), ('maxorder', 2), ('spline_intervals', 3))",ENC_GENERO = 1,0.2511111111111111,0.18805432098765437,0
DecisionTreeClassifier,"(('approach', 'kernel'), ('cpu_time', 300), ('lambax', 0.01), ('maxorder', 2), ('spline_intervals', 3))",ENC_GENERO = 0,0.22727272727272727,0.17561983471074377,0
DecisionTreeClassifier,"(('approach', 'hdmr'), ('cpu_time', 300), ('lambax', 0.1), ('maxorder', 2), ('spline_intervals', 2))",ENC_GENERO = 1,0.2511111111111111,0.18805432098765437,0
DecisionTreeClassifier,"(('approach', 'hdmr'), ('cpu_time', 300), ('lambax', 0.1), ('maxorder', 2), ('spline_intervals', 2))",ENC_GENERO = 0,0.22727272727272727,0.17561983471074377,0
DecisionTreeClassifier,"(('approach', 'kernel'), ('cpu_time', 300), ('lambax', 0.1), ('maxorder', 2), ('spline_intervals', 2))",ENC_GENERO = 1,0.2511111111111111,0.18805432098765437,0
DecisionTreeClassifier,"(('approach', 'kernel'), ('cpu_time', 300), ('lambax', 0.1), ('maxorder', 2), ('spline_intervals', 2))",ENC_GENERO = 0,0.22727272727272727,0.17561983471074377,0
DecisionTreeClassifier,"(('approach', 'hdmr'), ('cpu_time', 300), ('lambax', 0.1), ('maxorder', 2), ('spline_intervals', 3))",ENC_GENERO = 1,0.2511111111111111,0.18805432098765437,0
DecisionTreeClassifier,"(('approach', 'hdmr'), ('cpu_time', 300), ('lambax', 0.1), ('maxorder', 2), ('spline_intervals', 3))",ENC_GENERO = 0,0.22727272727272727,0.17561983471074377,0
DecisionTreeClassifier,"(('approach', 'kernel'), ('cpu_time', 300), ('lambax', 0.1), ('maxorder', 2), ('spline_intervals', 3))",ENC_GENERO = 1,0.2511111111111111,0.18805432098765437,0
DecisionTreeClassifier,"(('approach', 'kernel'), ('cpu_time', 300), ('lambax', 0.1), ('maxorder', 2), ('spline_intervals', 3))",ENC_GENERO = 0,0.22727272727272727,0.17561983471074377,0
ExtraTreeClassifier,"(('approach', 'hdmr'), ('cpu_time', 300), ('lambax', 0.01), ('maxorder', 1), ('spline_intervals', 2))",ENC_GENERO = 1,0.26222222222222225,0.19346172839506176,0
ExtraTreeClassifier,"(('approach', 'hdmr'), ('cpu_time', 300), ('lambax', 0.01), ('maxorder', 1), ('spline_intervals', 2))",ENC_GENERO = 0,0.18181818181818182,0.14876033057851237,0
ExtraTreeClassifier,"(('approach', 'kernel'), ('cpu_time', 300), ('lambax', 0.01), ('maxorder', 1), ('spline_intervals', 2))",ENC_GENERO = 1,0.26222222222222225,0.19346172839506176,0
ExtraTreeClassifier,"(('approach', 'kernel'), ('cpu_time', 300), ('lambax', 0.01), ('maxorder', 1), ('spline_intervals', 2))",ENC_GENERO = 0,0.18181818181818182,0.14876033057851237,0
ExtraTreeClassifier,"(('approach', 'hdmr'), ('cpu_time', 300), ('lambax', 0.01), ('maxorder', 1), ('spline_intervals', 3))",ENC_GENERO = 1,0.26222222222222225,0.19346172839506176,0
ExtraTreeClassifier,"(('approach', 'hdmr'), ('cpu_time', 300), ('lambax', 0.01), ('maxorder', 1), ('spline_intervals', 3))",ENC_GENERO = 0,0.18181818181818182,0.14876033057851237,0
ExtraTreeClassifier,"(('approach', 'kernel'), ('cpu_time', 300), ('lambax', 0.01), ('maxorder', 1), ('spline_intervals', 3))",ENC_GENERO = 1,0.26222222222222225,0.19346172839506176,0
ExtraTreeClassifier,"(('approach', 'kernel'), ('cpu_time', 300), ('lambax', 0.01), ('maxorder', 1), ('spline_intervals', 3))",ENC_GENERO = 0,0.18181818181818182,0.14876033057851237,0
ExtraTreeClassifier,"(('approach', 'hdmr'), ('cpu_time', 300), ('lambax', 0.1), ('maxorder', 1), ('spline_intervals', 2))",ENC_GENERO = 1,0.26222222222222225,0.19346172839506176,0
ExtraTreeClassifier,"(('approach', 'hdmr'), ('cpu_time', 300), ('lambax', 0.1), ('maxorder', 1), ('spline_intervals', 2))",ENC_GENERO = 0,0.18181818181818182,0.14876033057851237,0
ExtraTreeClassifier,"(('approach', 'kernel'), ('cpu_time', 300), ('lambax', 0.1), ('maxorder', 1), ('spline_intervals', 2))",ENC_GENERO = 1,0.26222222222222225,0.19346172839506176,0
ExtraTreeClassifier,"(('approach', 'kernel'), ('cpu_time', 300), ('lambax', 0.1), ('maxorder', 1), ('spline_intervals', 2))",ENC_GENERO = 0,0.18181818181818182,0.14876033057851237,0
ExtraTreeClassifier,"(('approach', 'hdmr'), ('cpu_time', 300), ('lambax', 0.1), ('maxorder', 1), ('spline_intervals', 3))",ENC_GENERO = 1,0.26222222222222225,0.19346172839506176,0
ExtraTreeClassifier,"(('approach', 'hdmr'), ('cpu_time', 300), ('lambax', 0.1), ('maxorder', 1), ('spline_intervals', 3))",ENC_GENERO = 0,0.18181818181818182,0.14876033057851237,0
ExtraTreeClassifier,"(('approach', 'kernel'), ('cpu_time', 300), ('lambax', 0.1), ('maxorder', 1), ('spline_intervals', 3))",ENC_GENERO = 1,0.26222222222222225,0.19346172839506176,0
ExtraTreeClassifier,"(('approach', 'kernel'), ('cpu_time', 300), ('lambax', 0.1), ('maxorder', 1), ('spline_intervals', 3))",ENC_GENERO = 0,0.18181818181818182,0.14876033057851237,0
ExtraTreeClassifier,"(('approach', 'hdmr'), ('cpu_time', 300), ('lambax', 0.01), ('maxorder', 2), ('spline_intervals', 2))",ENC_GENERO = 1,0.26222222222222225,0.19346172839506176,0
ExtraTreeClassifier,"(('approach', 'hdmr'), ('cpu_time', 300), ('lambax', 0.01), ('maxorder', 2), ('spline_intervals', 2))",ENC_GENERO = 0,0.18181818181818182,0.14876033057851237,0
ExtraTreeClassifier,"(('approach', 'kernel'), ('cpu_time', 300), ('lambax', 0.01), ('maxorder', 2), ('spline_intervals', 2))",ENC_GENERO = 1,0.26222222222222225,0.19346172839506176,0
ExtraTreeClassifier,"(('approach', 'kernel'), ('cpu_time', 300), ('lambax', 0.01), ('maxorder', 2), ('spline_intervals', 2))",ENC_GENERO = 0,0.18181818181818182,0.14876033057851237,0
ExtraTreeClassifier,"(('approach', 'hdmr'), ('cpu_time', 300), ('lambax', 0.01), ('maxorder', 2), ('spline_intervals', 3))",ENC_GENERO = 1,0.26222222222222225,0.19346172839506176,0
ExtraTreeClassifier,"(('approach', 'hdmr'), ('cpu_time', 300), ('lambax', 0.01), ('maxorder', 2), ('spline_intervals', 3))",ENC_GENERO = 0,0.18181818181818182,0.14876033057851237,0
ExtraTreeClassifier,"(('approach', 'kernel'), ('cpu_time', 300), ('lambax', 0.01), ('maxorder', 2), ('spline_intervals', 3))",ENC_GENERO = 1,0.26222222222222225,0.19346172839506176,0
ExtraTreeClassifier,"(('approach', 'kernel'), ('cpu_time', 300), ('lambax', 0.01), ('maxorder', 2), ('spline_intervals', 3))",ENC_GENERO = 0,0.18181818181818182,0.14876033057851237,0
ExtraTreeClassifier,"(('approach', 'hdmr'), ('cpu_time', 300), ('lambax', 0.1), ('maxorder', 2), ('spline_intervals', 2))",ENC_GENERO = 1,0.26222222222222225,0.19346172839506176,0
ExtraTreeClassifier,"(('approach', 'hdmr'), ('cpu_time', 300), ('lambax', 0.1), ('maxorder', 2), ('spline_intervals', 2))",ENC_GENERO = 0,0.18181818181818182,0.14876033057851237,0
ExtraTreeClassifier,"(('approach', 'kernel'), ('cpu_time', 300), ('lambax', 0.1), ('maxorder', 2), ('spline_intervals', 2))",ENC_GENERO = 1,0.26222222222222225,0.19346172839506176,0
ExtraTreeClassifier,"(('approach', 'kernel'), ('cpu_time', 300), ('lambax', 0.1), ('maxorder', 2), ('spline_intervals', 2))",ENC_GENERO = 0,0.18181818181818182,0.14876033057851237,0
ExtraTreeClassifier,"(('approach', 'hdmr'), ('cpu_time', 300), ('lambax', 0.1), ('maxorder', 2), ('spline_intervals', 3))",ENC_GENERO = 1,0.26222222222222225,0.19346172839506176,0
ExtraTreeClassifier,"(('approach', 'hdmr'), ('cpu_time', 300), ('lambax', 0.1), ('maxorder', 2), ('spline_intervals', 3))",ENC_GENERO = 0,0.18181818181818182,0.14876033057851237,0
ExtraTreeClassifier,"(('approach', 'kernel'), ('cpu_time', 300), ('lambax', 0.1), ('maxorder', 2), ('spline_intervals', 3))",ENC_GENERO = 1,0.26222222222222225,0.19346172839506176,0
ExtraTreeClassifier,"(('approach', 'kernel'), ('cpu_time', 300), ('lambax', 0.1), ('maxorder', 2), ('spline_intervals', 3))",ENC_GENERO = 0,0.18181818181818182,0.14876033057851237,0
ExtraTreesClassifier,"(('approach', 'hdmr'), ('cpu_time', 300), ('lambax', 0.01), ('maxorder', 1), ('spline_intervals', 2))",ENC_GENERO = 1,0.19111111111111112,0.15458765432098762,0
ExtraTreesClassifier,"(('approach', 'hdmr'), ('cpu_time', 300), ('lambax', 0.01), ('maxorder', 1), ('spline_intervals', 2))",ENC_GENERO = 0,0.11363636363636363,0.10072314049586772,0
ExtraTreesClassifier,"(('approach', 'kernel'), ('cpu_time', 300), ('lambax', 0.01), ('maxorder', 1), ('spline_intervals', 2))",ENC_GENERO = 1,0.19111111111111112,0.15458765432098762,0
ExtraTreesClassifier,"(('approach', 'kernel'), ('cpu_time', 300), ('lambax', 0.01), ('maxorder', 1), ('spline_intervals', 2))",ENC_GENERO = 0,0.11363636363636363,0.10072314049586772,0
ExtraTreesClassifier,"(('approach', 'hdmr'), ('cpu_time', 300), ('lambax', 0.01), ('maxorder', 1), ('spline_intervals', 3))",ENC_GENERO = 1,0.19111111111111112,0.15458765432098762,0
ExtraTreesClassifier,"(('approach', 'hdmr'), ('cpu_time', 300), ('lambax', 0.01), ('maxorder', 1), ('spline_intervals', 3))",ENC_GENERO = 0,0.11363636363636363,0.10072314049586772,0
ExtraTreesClassifier,"(('approach', 'kernel'), ('cpu_time', 300), ('lambax', 0.01), ('maxorder', 1), ('spline_intervals', 3))",ENC_GENERO = 1,0.19111111111111112,0.15458765432098762,0
ExtraTreesClassifier,"(('approach', 'kernel'), ('cpu_time', 300), ('lambax', 0.01), ('maxorder', 1), ('spline_intervals', 3))",ENC_GENERO = 0,0.11363636363636363,0.10072314049586772,0
ExtraTreesClassifier,"(('approach', 'hdmr'), ('cpu_time', 300), ('lambax', 0.1), ('maxorder', 1), ('spline_intervals', 2))",ENC_GENERO = 1,0.19111111111111112,0.15458765432098762,0
ExtraTreesClassifier,"(('approach', 'hdmr'), ('cpu_time', 300), ('lambax', 0.1), ('maxorder', 1), ('spline_intervals', 2))",ENC_GENERO = 0,0.11363636363636363,0.10072314049586772,0
ExtraTreesClassifier,"(('approach', 'kernel'), ('cpu_time', 300), ('lambax', 0.1), ('maxorder', 1), ('spline_intervals', 2))",ENC_GENERO = 1,0.19111111111111112,0.15458765432098762,0
ExtraTreesClassifier,"(('approach', 'kernel'), ('cpu_time', 300), ('lambax', 0.1), ('maxorder', 1), ('spline_intervals', 2))",ENC_GENERO = 0,0.11363636363636363,0.10072314049586772,0
ExtraTreesClassifier,"(('approach', 'hdmr'), ('cpu_time', 300), ('lambax', 0.1), ('maxorder', 1), ('spline_intervals', 3))",ENC_GENERO = 1,0.19111111111111112,0.15458765432098762,0
ExtraTreesClassifier,"(('approach', 'hdmr'), ('cpu_time', 300), ('lambax', 0.1), ('maxorder', 1), ('spline_intervals', 3))",ENC_GENERO = 0,0.11363636363636363,0.10072314049586772,0
ExtraTreesClassifier,"(('approach', 'kernel'), ('cpu_time', 300), ('lambax', 0.1), ('maxorder', 1), ('spline_intervals', 3))",ENC_GENERO = 1,0.19111111111111112,0.15458765432098762,0
ExtraTreesClassifier,"(('approach', 'kernel'), ('cpu_time', 300), ('lambax', 0.1), ('maxorder', 1), ('spline_intervals', 3))",ENC_GENERO = 0,0.11363636363636363,0.10072314049586772,0
ExtraTreesClassifier,"(('approach', 'hdmr'), ('cpu_time', 300), ('lambax', 0.01), ('maxorder', 2), ('spline_intervals', 2))",ENC_GENERO = 1,0.19111111111111112,0.15458765432098762,0
ExtraTreesClassifier,"(('approach', 'hdmr'), ('cpu_time', 300), ('lambax', 0.01), ('maxorder', 2), ('spline_intervals', 2))",ENC_GENERO = 0,0.11363636363636363,0.10072314049586772,0
ExtraTreesClassifier,"(('approach', 'kernel'), ('cpu_time', 300), ('lambax', 0.01), ('maxorder', 2), ('spline_intervals', 2))",ENC_GENERO = 1,0.19111111111111112,0.15458765432098762,0
ExtraTreesClassifier,"(('approach', 'kernel'), ('cpu_time', 300), ('lambax', 0.01), ('maxorder', 2), ('spline_intervals', 2))",ENC_GENERO = 0,0.11363636363636363,0.10072314049586772,0
ExtraTreesClassifier,"(('approach', 'hdmr'), ('cpu_time', 300), ('lambax', 0.01), ('maxorder', 2), ('spline_intervals', 3))",ENC_GENERO = 1,0.19111111111111112,0.15458765432098762,0
ExtraTreesClassifier,"(('approach', 'hdmr'), ('cpu_time', 300), ('lambax', 0.01), ('maxorder', 2), ('spline_intervals', 3))",ENC_GENERO = 0,0.11363636363636363,0.10072314049586772,0
ExtraTreesClassifier,"(('approach', 'kernel'), ('cpu_time', 300), ('lambax', 0.01), ('maxorder', 2), ('spline_intervals', 3))",ENC_GENERO = 1,0.19111111111111112,0.15458765432098762,0
ExtraTreesClassifier,"(('approach', 'kernel'), ('cpu_time', 300), ('lambax', 0.01), ('maxorder', 2), ('spline_intervals', 3))",ENC_GENERO = 0,0.11363636363636363,0.10072314049586772,0
ExtraTreesClassifier,"(('approach', 'hdmr'), ('cpu_time', 300), ('lambax', 0.1), ('maxorder', 2), ('spline_intervals', 2))",ENC_GENERO = 1,0.19111111111111112,0.15458765432098762,0
ExtraTreesClassifier,"(('approach', 'hdmr'), ('cpu_time', 300), ('lambax', 0.1), ('maxorder', 2), ('spline_intervals', 2))",ENC_GENERO = 0,0.11363636363636363,0.10072314049586772,0
ExtraTreesClassifier,"(('approach', 'kernel'), ('cpu_time', 300), ('lambax', 0.1), ('maxorder', 2), ('spline_intervals', 2))",ENC_GENERO = 1,0.19111111111111112,0.15458765432098762,0
ExtraTreesClassifier,"(('approach', 'kernel'), ('cpu_time', 300), ('lambax', 0.1), ('maxorder', 2), ('spline_intervals', 2))",ENC_GENERO = 0,0.11363636363636363,0.10072314049586772,0
ExtraTreesClassifier,"(('approach', 'hdmr'), ('cpu_time', 300), ('lambax', 0.1), ('maxorder', 2), ('spline_intervals', 3))",ENC_GENERO = 1,0.19111111111111112,0.15458765432098762,0
ExtraTreesClassifier,"(('approach', 'hdmr'), ('cpu_time', 300), ('lambax', 0.1), ('maxorder', 2), ('spline_intervals', 3))",ENC_GENERO = 0,0.11363636363636363,0.10072314049586772,0
ExtraTreesClassifier,"(('approach', 'kernel'), ('cpu_time', 300), ('lambax', 0.1), ('maxorder', 2), ('spline_intervals', 3))",ENC_GENERO = 1,0.19111111111111112,0.15458765432098762,0
ExtraTreesClassifier,"(('approach', 'kernel'), ('cpu_time', 300), ('lambax', 0.1), ('maxorder', 2), ('spline_intervals', 3))",ENC_GENERO = 0,0.11363636363636363,0.10072314049586772,0
QuadraticDiscriminantAnalysis,"(('approach', 'hdmr'), ('cpu_time', 300), ('lambax', 0.01), ('maxorder', 1), ('spline_intervals', 2))",ENC_GENERO = 1,0.017777777777777778,0.017461728395061722,0
QuadraticDiscriminantAnalysis,"(('approach', 'hdmr'), ('cpu_time', 300), ('lambax', 0.01), ('maxorder', 1), ('spline_intervals', 2))",ENC_GENERO = 0,0.022727272727272728,0.02221074380165289,0
QuadraticDiscriminantAnalysis,"(('approach', 'kernel'), ('cpu_time', 300), ('lambax', 0.01), ('maxorder', 1), ('spline_intervals', 2))",ENC_GENERO = 1,0.017777777777777778,0.017461728395061722,0
QuadraticDiscriminantAnalysis,"(('approach', 'kernel'), ('cpu_time', 300), ('lambax', 0.01), ('maxorder', 1), ('spline_intervals', 2))",ENC_GENERO = 0,0.022727272727272728,0.02221074380165289,0
QuadraticDiscriminantAnalysis,"(('approach', 'hdmr'), ('cpu_time', 300), ('lambax', 0.01), ('maxorder', 1), ('spline_intervals', 3))",ENC_GENERO = 1,0.017777777777777778,0.017461728395061722,0
QuadraticDiscriminantAnalysis,"(('approach', 'hdmr'), ('cpu_time', 300), ('lambax', 0.01), ('maxorder', 1), ('spline_intervals', 3))",ENC_GENERO = 0,0.022727272727272728,0.02221074380165289,0
QuadraticDiscriminantAnalysis,"(('approach', 'kernel'), ('cpu_time', 300), ('lambax', 0.01), ('maxorder', 1), ('spline_intervals', 3))",ENC_GENERO = 1,0.017777777777777778,0.017461728395061722,0
QuadraticDiscriminantAnalysis,"(('approach', 'kernel'), ('cpu_time', 300), ('lambax', 0.01), ('maxorder', 1), ('spline_intervals', 3))",ENC_GENERO = 0,0.022727272727272728,0.02221074380165289,0
QuadraticDiscriminantAnalysis,"(('approach', 'hdmr'), ('cpu_time', 300), ('lambax', 0.1), ('maxorder', 1), ('spline_intervals', 2))",ENC_GENERO = 1,0.017777777777777778,0.017461728395061722,0
QuadraticDiscriminantAnalysis,"(('approach', 'hdmr'), ('cpu_time', 300), ('lambax', 0.1), ('maxorder', 1), ('spline_intervals', 2))",ENC_GENERO = 0,0.022727272727272728,0.02221074380165289,0
QuadraticDiscriminantAnalysis,"(('approach', 'kernel'), ('cpu_time', 300), ('lambax', 0.1), ('maxorder', 1), ('spline_intervals', 2))",ENC_GENERO = 1,0.017777777777777778,0.017461728395061722,0
QuadraticDiscriminantAnalysis,"(('approach', 'kernel'), ('cpu_time', 300), ('lambax', 0.1), ('maxorder', 1), ('spline_intervals', 2))",ENC_GENERO = 0,0.022727272727272728,0.02221074380165289,0
QuadraticDiscriminantAnalysis,"(('approach', 'hdmr'), ('cpu_time', 300), ('lambax', 0.1), ('maxorder', 1), ('spline_intervals', 3))",ENC_GENERO = 1,0.017777777777777778,0.017461728395061722,0
QuadraticDiscriminantAnalysis,"(('approach', 'hdmr'), ('cpu_time', 300), ('lambax', 0.1), ('maxorder', 1), ('spline_intervals', 3))",ENC_GENERO = 0,0.022727272727272728,0.02221074380165289,0
QuadraticDiscriminantAnalysis,"(('approach', 'kernel'), ('cpu_time', 300), ('lambax', 0.1), ('maxorder', 1), ('spline_intervals', 3))",ENC_GENERO = 1,0.017777777777777778,0.017461728395061722,0
QuadraticDiscriminantAnalysis,"(('approach', 'kernel'), ('cpu_time', 300), ('lambax', 0.1), ('maxorder', 1), ('spline_intervals', 3))",ENC_GENERO = 0,0.022727272727272728,0.02221074380165289,0
QuadraticDiscriminantAnalysis,"(('approach', 'hdmr'), ('cpu_time', 300), ('lambax', 0.01), ('maxorder', 2), ('spline_intervals', 2))",ENC_GENERO = 1,0.017777777777777778,0.017461728395061722,0
QuadraticDiscriminantAnalysis,"(('approach', 'hdmr'), ('cpu_time', 300), ('lambax', 0.01), ('maxorder', 2), ('spline_intervals', 2))",ENC_GENERO = 0,0.022727272727272728,0.02221074380165289,0
QuadraticDiscriminantAnalysis,"(('approach', 'kernel'), ('cpu_time', 300), ('lambax', 0.01), ('maxorder', 2), ('spline_intervals', 2))",ENC_GENERO = 1,0.017777777777777778,0.017461728395061722,0
QuadraticDiscriminantAnalysis,"(('approach', 'kernel'), ('cpu_time', 300), ('lambax', 0.01), ('maxorder', 2), ('spline_intervals', 2))",ENC_GENERO = 0,0.022727272727272728,0.02221074380165289,0
QuadraticDiscriminantAnalysis,"(('approach', 'hdmr'), ('cpu_time', 300), ('lambax', 0.01), ('maxorder', 2), ('spline_intervals', 3))",ENC_GENERO = 1,0.017777777777777778,0.017461728395061722,0
QuadraticDiscriminantAnalysis,"(('approach', 'hdmr'), ('cpu_time', 300), ('lambax', 0.01), ('maxorder', 2), ('spline_intervals', 3))",ENC_GENERO = 0,0.022727272727272728,0.02221074380165289,0
QuadraticDiscriminantAnalysis,"(('approach', 'kernel'), ('cpu_time', 300), ('lambax', 0.01), ('maxorder', 2), ('spline_intervals', 3))",ENC_GENERO = 1,0.017777777777777778,0.017461728395061722,0
QuadraticDiscriminantAnalysis,"(('approach', 'kernel'), ('cpu_time', 300), ('lambax', 0.01), ('maxorder', 2), ('spline_intervals', 3))",ENC_GENERO = 0,0.022727272727272728,0.02221074380165289,0
QuadraticDiscriminantAnalysis,"(('approach', 'hdmr'), ('cpu_time', 300), ('lambax', 0.1), ('maxorder', 2), ('spline_intervals', 2))",ENC_GENERO = 1,0.017777777777777778,0.017461728395061722,0
QuadraticDiscriminantAnalysis,"(('approach', 'hdmr'), ('cpu_time', 300), ('lambax', 0.1), ('maxorder', 2), ('spline_intervals', 2))",ENC_GENERO = 0,0.022727272727272728,0.02221074380165289,0
QuadraticDiscriminantAnalysis,"(('approach', 'kernel'), ('cpu_time', 300), ('lambax', 0.1), ('maxorder', 2), ('spline_intervals', 2))",ENC_GENERO = 1,0.017777777777777778,0.017461728395061722,0
QuadraticDiscriminantAnalysis,"(('approach', 'kernel'), ('cpu_time', 300), ('lambax', 0.1), ('maxorder', 2), ('spline_intervals', 2))",ENC_GENERO = 0,0.022727272727272728,0.02221074380165289,0
QuadraticDiscriminantAnalysis,"(('approach', 'hdmr'), ('cpu_time', 300), ('lambax', 0.1), ('maxorder', 2), ('spline_intervals', 3))",ENC_GENERO = 1,0.017777777777777778,0.017461728395061722,0
QuadraticDiscriminantAnalysis,"(('approach', 'hdmr'), ('cpu_time', 300), ('lambax', 0.1), ('maxorder', 2), ('spline_intervals', 3))",ENC_GENERO = 0,0.022727272727272728,0.02221074380165289,0
QuadraticDiscriminantAnalysis,"(('approach', 'kernel'), ('cpu_time', 300), ('lambax', 0.1), ('maxorder', 2), ('spline_intervals', 3))",ENC_GENERO = 1,0.017777777777777778,0.017461728395061722,0
QuadraticDiscriminantAnalysis,"(('approach', 'kernel'), ('cpu_time', 300), ('lambax', 0.1), ('maxorder', 2), ('spline_intervals', 3))",ENC_GENERO = 0,0.022727272727272728,0.02221074380165289,0
DecisionTreeClassifier,"(('approach', 'hdmr'), ('cpu_time', 300), ('lambax', 0.01), ('maxorder', 1), ('spline_intervals', 2))",ENC_GENERO = 1,0.08666666666666667,0.07915555555555555,0
DecisionTreeClassifier,"(('approach', 'hdmr'), ('cpu_time', 300), ('lambax', 0.01), ('maxorder', 1), ('spline_intervals', 2))",ENC_GENERO = 0,0.09090909090909091,0.08264462809917356,0
DecisionTreeClassifier,"(('approach', 'kernel'), ('cpu_time', 300), ('lambax', 0.01), ('maxorder', 1), ('spline_intervals', 2))",ENC_GENERO = 1,0.08666666666666667,0.07915555555555555,0
DecisionTreeClassifier,"(('approach', 'kernel'), ('cpu_time', 300), ('lambax', 0.01), ('maxorder', 1), ('spline_intervals', 2))",ENC_GENERO = 0,0.09090909090909091,0.08264462809917356,0
DecisionTreeClassifier,"(('approach', 'hdmr'), ('cpu_time', 300), ('lambax', 0.01), ('maxorder', 1), ('spline_intervals', 3))",ENC_GENERO = 1,0.08666666666666667,0.07915555555555555,0
DecisionTreeClassifier,"(('approach', 'hdmr'), ('cpu_time', 300), ('lambax', 0.01), ('maxorder', 1), ('spline_intervals', 3))",ENC_GENERO = 0,0.09090909090909091,0.08264462809917356,0
DecisionTreeClassifier,"(('approach', 'kernel'), ('cpu_time', 300), ('lambax', 0.01), ('maxorder', 1), ('spline_intervals', 3))",ENC_GENERO = 1,0.08666666666666667,0.07915555555555555,0
DecisionTreeClassifier,"(('approach', 'kernel'), ('cpu_time', 300), ('lambax', 0.01), ('maxorder', 1), ('spline_intervals', 3))",ENC_GENERO = 0,0.09090909090909091,0.08264462809917356,0
DecisionTreeClassifier,"(('approach', 'hdmr'), ('cpu_time', 300), ('lambax', 0.1), ('maxorder', 1), ('spline_intervals', 2))",ENC_GENERO = 1,0.08666666666666667,0.07915555555555555,0
DecisionTreeClassifier,"(('approach', 'hdmr'), ('cpu_time', 300), ('lambax', 0.1), ('maxorder', 1), ('spline_intervals', 2))",ENC_GENERO = 0,0.09090909090909091,0.08264462809917356,0
DecisionTreeClassifier,"(('approach', 'kernel'), ('cpu_time', 300), ('lambax', 0.1), ('maxorder', 1), ('spline_intervals', 2))",ENC_GENERO = 1,0.08666666666666667,0.07915555555555555,0
DecisionTreeClassifier,"(('approach', 'kernel'), ('cpu_time', 300), ('lambax', 0.1), ('maxorder', 1), ('spline_intervals', 2))",ENC_GENERO = 0,0.09090909090909091,0.08264462809917356,0
DecisionTreeClassifier,"(('approach', 'hdmr'), ('cpu_time', 300), ('lambax', 0.1), ('maxorder', 1), ('spline_intervals', 3))",ENC_GENERO = 1,0.08666666666666667,0.07915555555555555,0
DecisionTreeClassifier,"(('approach', 'hdmr'), ('cpu_time', 300), ('lambax', 0.1), ('maxorder', 1), ('spline_intervals', 3))",ENC_GENERO = 0,0.09090909090909091,0.08264462809917356,0
DecisionTreeClassifier,"(('approach', 'kernel'), ('cpu_time', 300), ('lambax', 0.1), ('maxorder', 1), ('spline_intervals', 3))",ENC_GENERO = 1,0.08666666666666667,0.07915555555555555,0
DecisionTreeClassifier,"(('approach', 'kernel'), ('cpu_time', 300), ('lambax', 0.1), ('maxorder', 1), ('spline_intervals', 3))",ENC_GENERO = 0,0.09090909090909091,0.08264462809917356,0
DecisionTreeClassifier,"(('approach', 'hdmr'), ('cpu_time', 300), ('lambax', 0.01), ('maxorder', 2), ('spline_intervals', 2))",ENC_GENERO = 1,0.08666666666666667,0.07915555555555555,0
DecisionTreeClassifier,"(('approach', 'hdmr'), ('cpu_time', 300), ('lambax', 0.01), ('maxorder', 2), ('spline_intervals', 2))",ENC_GENERO = 0,0.09090909090909091,0.08264462809917356,0
DecisionTreeClassifier,"(('approach', 'kernel'), ('cpu_time', 300), ('lambax', 0.01), ('maxorder', 2), ('spline_intervals', 2))",ENC_GENERO = 1,0.08666666666666667,0.07915555555555555,0
DecisionTreeClassifier,"(('approach', 'kernel'), ('cpu_time', 300), ('lambax', 0.01), ('maxorder', 2), ('spline_intervals', 2))",ENC_GENERO = 0,0.09090909090909091,0.08264462809917356,0
DecisionTreeClassifier,"(('approach', 'hdmr'), ('cpu_time', 300), ('lambax', 0.01), ('maxorder', 2), ('spline_intervals', 3))",ENC_GENERO = 1,0.08666666666666667,0.07915555555555555,0
DecisionTreeClassifier,"(('approach', 'hdmr'), ('cpu_time', 300), ('lambax', 0.01), ('maxorder', 2), ('spline_intervals', 3))",ENC_GENERO = 0,0.09090909090909091,0.08264462809917356,0
DecisionTreeClassifier,"(('approach', 'kernel'), ('cpu_time', 300), ('lambax', 0.01), ('maxorder', 2), ('spline_intervals', 3))",ENC_GENERO = 1,0.08666666666666667,0.07915555555555555,0
DecisionTreeClassifier,"(('approach', 'kernel'), ('cpu_time', 300), ('lambax', 0.01), ('maxorder', 2), ('spline_intervals', 3))",ENC_GENERO = 0,0.09090909090909091,0.08264462809917356,0
DecisionTreeClassifier,"(('approach', 'hdmr'), ('cpu_time', 300), ('lambax', 0.1), ('maxorder', 2), ('spline_intervals', 2))",ENC_GENERO = 1,0.08666666666666667,0.07915555555555555,0
DecisionTreeClassifier,"(('approach', 'hdmr'), ('cpu_time', 300), ('lambax', 0.1), ('maxorder', 2), ('spline_intervals', 2))",ENC_GENERO = 0,0.09090909090909091,0.08264462809917356,0
DecisionTreeClassifier,"(('approach', 'kernel'), ('cpu_time', 300), ('lambax', 0.1), ('maxorder', 2), ('spline_intervals', 2))",ENC_GENERO = 1,0.08666666666666667,0.07915555555555555,0
DecisionTreeClassifier,"(('approach', 'kernel'), ('cpu_time', 300), ('lambax', 0.1), ('maxorder', 2), ('spline_intervals', 2))",ENC_GENERO = 0,0.09090909090909091,0.08264462809917356,0
DecisionTreeClassifier,"(('approach', 'hdmr'), ('cpu_time', 300), ('lambax', 0.1), ('maxorder', 2), ('spline_intervals', 3))",ENC_GENERO = 1,0.08666666666666667,0.07915555555555555,0
DecisionTreeClassifier,"(('approach', 'hdmr'), ('cpu_time', 300), ('lambax', 0.1), ('maxorder', 2), ('spline_intervals', 3))",ENC_GENERO = 0,0.09090909090909091,0.08264462809917356,0
DecisionTreeClassifier,"(('approach', 'kernel'), ('cpu_time', 300), ('lambax', 0.1), ('maxorder', 2), ('spline_intervals', 3))",ENC_GENERO = 1,0.08666666666666667,0.07915555555555555,0
DecisionTreeClassifier,"(('approach', 'kernel'), ('cpu_time', 300), ('lambax', 0.1), ('maxorder', 2), ('spline_intervals', 3))",ENC_GENERO = 0,0.09090909090909091,0.08264462809917356,0
XGBClassifier,"(('approach', 'hdmr'), ('cpu_time', 300), ('lambax', 0.01), ('maxorder', 1), ('spline_intervals', 2))",ENC_GENERO = 1,0.07111111111111111,0.06605432098765433,1
XGBClassifier,"(('approach', 'hdmr'), ('cpu_time', 300), ('lambax', 0.01), ('maxorder', 1), ('spline_intervals', 2))",ENC_GENERO = 0,0.06818181818181818,0.06353305785123968,1
XGBClassifier,"(('approach', 'kernel'), ('cpu_time', 300), ('lambax', 0.01), ('maxorder', 1), ('spline_intervals', 2))",ENC_GENERO = 1,0.07111111111111111,0.06605432098765433,0
XGBClassifier,"(('approach', 'kernel'), ('cpu_time', 300), ('lambax', 0.01), ('maxorder', 1), ('spline_intervals', 2))",ENC_GENERO = 0,0.06818181818181818,0.06353305785123968,0
XGBClassifier,"(('approach', 'hdmr'), ('cpu_time', 300), ('lambax', 0.01), ('maxorder', 1), ('spline_intervals', 3))",ENC_GENERO = 1,0.07111111111111111,0.06605432098765433,0
XGBClassifier,"(('approach', 'hdmr'), ('cpu_time', 300), ('lambax', 0.01), ('maxorder', 1), ('spline_intervals', 3))",ENC_GENERO = 0,0.06818181818181818,0.06353305785123968,0
XGBClassifier,"(('approach', 'kernel'), ('cpu_time', 300), ('lambax', 0.01), ('maxorder', 1), ('spline_intervals', 3))",ENC_GENERO = 1,0.07111111111111111,0.06605432098765433,0
XGBClassifier,"(('approach', 'kernel'), ('cpu_time', 300), ('lambax', 0.01), ('maxorder', 1), ('spline_intervals', 3))",ENC_GENERO = 0,0.06818181818181818,0.06353305785123968,0
XGBClassifier,"(('approach', 'hdmr'), ('cpu_time', 300), ('lambax', 0.1), ('maxorder', 1), ('spline_intervals', 2))",ENC_GENERO = 1,0.07111111111111111,0.06605432098765433,0
XGBClassifier,"(('approach', 'hdmr'), ('cpu_time', 300), ('lambax', 0.1), ('maxorder', 1), ('spline_intervals', 2))",ENC_GENERO = 0,0.06818181818181818,0.06353305785123968,0
XGBClassifier,"(('approach', 'kernel'), ('cpu_time', 300), ('lambax', 0.1), ('maxorder', 1), ('spline_intervals', 2))",ENC_GENERO = 1,0.07111111111111111,0.06605432098765433,0
XGBClassifier,"(('approach', 'kernel'), ('cpu_time', 300), ('lambax', 0.1), ('maxorder', 1), ('spline_intervals', 2))",ENC_GENERO = 0,0.06818181818181818,0.06353305785123968,0
XGBClassifier,"(('approach', 'hdmr'), ('cpu_time', 300), ('lambax', 0.1), ('maxorder', 1), ('spline_intervals', 3))",ENC_GENERO = 1,0.07111111111111111,0.06605432098765433,0
XGBClassifier,"(('approach', 'hdmr'), ('cpu_time', 300), ('lambax', 0.1), ('maxorder', 1), ('spline_intervals', 3))",ENC_GENERO = 0,0.06818181818181818,0.06353305785123968,0
XGBClassifier,"(('approach', 'kernel'), ('cpu_time', 300), ('lambax', 0.1), ('maxorder', 1), ('spline_intervals', 3))",ENC_GENERO = 1,0.07111111111111111,0.06605432098765433,0
XGBClassifier,"(('approach', 'kernel'), ('cpu_time', 300), ('lambax', 0.1), ('maxorder', 1), ('spline_intervals', 3))",ENC_GENERO = 0,0.06818181818181818,0.06353305785123968,0
XGBClassifier,"(('approach', 'hdmr'), ('cpu_time', 300), ('lambax', 0.01), ('maxorder', 2), ('spline_intervals', 2))",ENC_GENERO = 1,0.07111111111111111,0.06605432098765433,0
XGBClassifier,"(('approach', 'hdmr'), ('cpu_time', 300), ('lambax', 0.01), ('maxorder', 2), ('spline_intervals', 2))",ENC_GENERO = 0,0.06818181818181818,0.06353305785123968,0
XGBClassifier,"(('approach', 'kernel'), ('cpu_time', 300), ('lambax', 0.01), ('maxorder', 2), ('spline_intervals', 2))",ENC_GENERO = 1,0.07111111111111111,0.06605432098765433,0
XGBClassifier,"(('approach', 'kernel'), ('cpu_time', 300), ('lambax', 0.01), ('maxorder', 2), ('spline_intervals', 2))",ENC_GENERO = 0,0.06818181818181818,0.06353305785123968,0
XGBClassifier,"(('approach', 'hdmr'), ('cpu_time', 300), ('lambax', 0.01), ('maxorder', 2), ('spline_intervals', 3))",ENC_GENERO = 1,0.07111111111111111,0.06605432098765433,0
XGBClassifier,"(('approach', 'hdmr'), ('cpu_time', 300), ('lambax', 0.01), ('maxorder', 2), ('spline_intervals', 3))",ENC_GENERO = 0,0.06818181818181818,0.06353305785123968,0
XGBClassifier,"(('approach', 'kernel'), ('cpu_time', 300), ('lambax', 0.01), ('maxorder', 2), ('spline_intervals', 3))",ENC_GENERO = 1,0.07111111111111111,0.06605432098765433,0
XGBClassifier,"(('approach', 'kernel'), ('cpu_time', 300), ('lambax', 0.01), ('maxorder', 2), ('spline_intervals', 3))",ENC_GENERO = 0,0.06818181818181818,0.06353305785123968,0
XGBClassifier,"(('approach', 'hdmr'), ('cpu_time', 300), ('lambax', 0.1), ('maxorder', 2), ('spline_intervals', 2))",ENC_GENERO = 1,0.07111111111111111,0.06605432098765433,0
XGBClassifier,"(('approach', 'hdmr'), ('cpu_time', 300), ('lambax', 0.1), ('maxorder', 2), ('spline_intervals', 2))",ENC_GENERO = 0,0.06818181818181818,0.06353305785123968,0
XGBClassifier,"(('approach', 'kernel'), ('cpu_time', 300), ('lambax', 0.1), ('maxorder', 2), ('spline_intervals', 2))",ENC_GENERO = 1,0.07111111111111111,0.06605432098765433,0
XGBClassifier,"(('approach', 'kernel'), ('cpu_time', 300), ('lambax', 0.1), ('maxorder', 2), ('spline_intervals', 2))",ENC_GENERO = 0,0.06818181818181818,0.06353305785123968,0
XGBClassifier,"(('approach', 'hdmr'), ('cpu_time', 300), ('lambax', 0.1), ('maxorder', 2), ('spline_intervals', 3))",ENC_GENERO = 1,0.07111111111111111,0.06605432098765433,0
XGBClassifier,"(('approach', 'hdmr'), ('cpu_time', 300), ('lambax', 0.1), ('maxorder', 2), ('spline_intervals', 3))",ENC_GENERO = 0,0.06818181818181818,0.06353305785123968,0
XGBClassifier,"(('approach', 'kernel'), ('cpu_time', 300), ('lambax', 0.1), ('maxorder', 2), ('spline_intervals', 3))",ENC_GENERO = 1,0.07111111111111111,0.06605432098765433,0
XGBClassifier,"(('approach', 'kernel'), ('cpu_time', 300), ('lambax', 0.1), ('maxorder', 2), ('spline_intervals', 3))",ENC_GENERO = 0,0.06818181818181818,0.06353305785123968,0
QuadraticDiscriminantAnalysis_BAL_GAN_FAIR_HYPERPARAMETER,"(('approach', 'hdmr'), ('cpu_time', 300), ('lambax', 0.01), ('maxorder', 1), ('spline_intervals', 2))",ENC_GENERO = 1,0.4866666666666667,0.24982222222222225,0
QuadraticDiscriminantAnalysis_BAL_GAN_FAIR_HYPERPARAMETER,"(('approach', 'hdmr'), ('cpu_time', 300), ('lambax', 0.01), ('maxorder', 1), ('spline_intervals', 2))",ENC_GENERO = 0,0.6136363636363636,0.23708677685950413,0
QuadraticDiscriminantAnalysis_BAL_GAN_FAIR_HYPERPARAMETER,"(('approach', 'kernel'), ('cpu_time', 300), ('lambax', 0.01), ('maxorder', 1), ('spline_intervals', 2))",ENC_GENERO = 1,0.4866666666666667,0.24982222222222225,0
QuadraticDiscriminantAnalysis_BAL_GAN_FAIR_HYPERPARAMETER,"(('approach', 'kernel'), ('cpu_time', 300), ('lambax', 0.01), ('maxorder', 1), ('spline_intervals', 2))",ENC_GENERO = 0,0.6136363636363636,0.23708677685950413,0
QuadraticDiscriminantAnalysis_BAL_GAN_FAIR_HYPERPARAMETER,"(('approach', 'hdmr'), ('cpu_time', 300), ('lambax', 0.01), ('maxorder', 1), ('spline_intervals', 3))",ENC_GENERO = 1,0.4866666666666667,0.24982222222222225,0
QuadraticDiscriminantAnalysis_BAL_GAN_FAIR_HYPERPARAMETER,"(('approach', 'hdmr'), ('cpu_time', 300), ('lambax', 0.01), ('maxorder', 1), ('spline_intervals', 3))",ENC_GENERO = 0,0.6136363636363636,0.23708677685950413,0
QuadraticDiscriminantAnalysis_BAL_GAN_FAIR_HYPERPARAMETER,"(('approach', 'kernel'), ('cpu_time', 300), ('lambax', 0.01), ('maxorder', 1), ('spline_intervals', 3))",ENC_GENERO = 1,0.4866666666666667,0.24982222222222225,0
QuadraticDiscriminantAnalysis_BAL_GAN_FAIR_HYPERPARAMETER,"(('approach', 'kernel'), ('cpu_time', 300), ('lambax', 0.01), ('maxorder', 1), ('spline_intervals', 3))",ENC_GENERO = 0,0.6136363636363636,0.23708677685950413,0
QuadraticDiscriminantAnalysis_BAL_GAN_FAIR_HYPERPARAMETER,"(('approach', 'hdmr'), ('cpu_time', 300), ('lambax', 0.1), ('maxorder', 1), ('spline_intervals', 2))",ENC_GENERO = 1,0.4866666666666667,0.24982222222222225,0
QuadraticDiscriminantAnalysis_BAL_GAN_FAIR_HYPERPARAMETER,"(('approach', 'hdmr'), ('cpu_time', 300), ('lambax', 0.1), ('maxorder', 1), ('spline_intervals', 2))",ENC_GENERO = 0,0.6136363636363636,0.23708677685950413,0
QuadraticDiscriminantAnalysis_BAL_GAN_FAIR_HYPERPARAMETER,"(('approach', 'kernel'), ('cpu_time', 300), ('lambax', 0.1), ('maxorder', 1), ('spline_intervals', 2))",ENC_GENERO = 1,0.4866666666666667,0.24982222222222225,0
QuadraticDiscriminantAnalysis_BAL_GAN_FAIR_HYPERPARAMETER,"(('approach', 'kernel'), ('cpu_time', 300), ('lambax', 0.1), ('maxorder', 1), ('spline_intervals', 2))",ENC_GENERO = 0,0.6136363636363636,0.23708677685950413,0
QuadraticDiscriminantAnalysis_BAL_GAN_FAIR_HYPERPARAMETER,"(('approach', 'hdmr'), ('cpu_time', 300), ('lambax', 0.1), ('maxorder', 1), ('spline_intervals', 3))",ENC_GENERO = 1,0.4866666666666667,0.24982222222222225,0
QuadraticDiscriminantAnalysis_BAL_GAN_FAIR_HYPERPARAMETER,"(('approach', 'hdmr'), ('cpu_time', 300), ('lambax', 0.1), ('maxorder', 1), ('spline_intervals', 3))",ENC_GENERO = 0,0.6136363636363636,0.23708677685950413,0
QuadraticDiscriminantAnalysis_BAL_GAN_FAIR_HYPERPARAMETER,"(('approach', 'kernel'), ('cpu_time', 300), ('lambax', 0.1), ('maxorder', 1), ('spline_intervals', 3))",ENC_GENERO = 1,0.4866666666666667,0.24982222222222225,0
QuadraticDiscriminantAnalysis_BAL_GAN_FAIR_HYPERPARAMETER,"(('approach', 'kernel'), ('cpu_time', 300), ('lambax', 0.1), ('maxorder', 1), ('spline_intervals', 3))",ENC_GENERO = 0,0.6136363636363636,0.23708677685950413,0
QuadraticDiscriminantAnalysis_BAL_GAN_FAIR_HYPERPARAMETER,"(('approach', 'hdmr'), ('cpu_time', 300), ('lambax', 0.01), ('maxorder', 2), ('spline_intervals', 2))",ENC_GENERO = 1,0.4866666666666667,0.24982222222222225,0
QuadraticDiscriminantAnalysis_BAL_GAN_FAIR_HYPERPARAMETER,"(('approach', 'hdmr'), ('cpu_time', 300), ('lambax', 0.01), ('maxorder', 2), ('spline_intervals', 2))",ENC_GENERO = 0,0.6136363636363636,0.23708677685950413,0
QuadraticDiscriminantAnalysis_BAL_GAN_FAIR_HYPERPARAMETER,"(('approach', 'kernel'), ('cpu_time', 300), ('lambax', 0.01), ('maxorder', 2), ('spline_intervals', 2))",ENC_GENERO = 1,0.4866666666666667,0.24982222222222225,0
QuadraticDiscriminantAnalysis_BAL_GAN_FAIR_HYPERPARAMETER,"(('approach', 'kernel'), ('cpu_time', 300), ('lambax', 0.01), ('maxorder', 2), ('spline_intervals', 2))",ENC_GENERO = 0,0.6136363636363636,0.23708677685950413,0
QuadraticDiscriminantAnalysis_BAL_GAN_FAIR_HYPERPARAMETER,"(('approach', 'hdmr'), ('cpu_time', 300), ('lambax', 0.01), ('maxorder', 2), ('spline_intervals', 3))",ENC_GENERO = 1,0.4866666666666667,0.24982222222222225,0
QuadraticDiscriminantAnalysis_BAL_GAN_FAIR_HYPERPARAMETER,"(('approach', 'hdmr'), ('cpu_time', 300), ('lambax', 0.01), ('maxorder', 2), ('spline_intervals', 3))",ENC_GENERO = 0,0.6136363636363636,0.23708677685950413,0
QuadraticDiscriminantAnalysis_BAL_GAN_FAIR_HYPERPARAMETER,"(('approach', 'kernel'), ('cpu_time', 300), ('lambax', 0.01), ('maxorder', 2), ('spline_intervals', 3))",ENC_GENERO = 1,0.4866666666666667,0.24982222222222225,0
QuadraticDiscriminantAnalysis_BAL_GAN_FAIR_HYPERPARAMETER,"(('approach', 'kernel'), ('cpu_time', 300), ('lambax', 0.01), ('maxorder', 2), ('spline_intervals', 3))",ENC_GENERO = 0,0.6136363636363636,0.23708677685950413,0
QuadraticDiscriminantAnalysis_BAL_GAN_FAIR_HYPERPARAMETER,"(('approach', 'hdmr'), ('cpu_time', 300), ('lambax', 0.1), ('maxorder', 2), ('spline_intervals', 2))",ENC_GENERO = 1,0.4866666666666667,0.24982222222222225,0
QuadraticDiscriminantAnalysis_BAL_GAN_FAIR_HYPERPARAMETER,"(('approach', 'hdmr'), ('cpu_time', 300), ('lambax', 0.1), ('maxorder', 2), ('spline_intervals', 2))",ENC_GENERO = 0,0.6136363636363636,0.23708677685950413,0
QuadraticDiscriminantAnalysis_BAL_GAN_FAIR_HYPERPARAMETER,"(('approach', 'kernel'), ('cpu_time', 300), ('lambax', 0.1), ('maxorder', 2), ('spline_intervals', 2))",ENC_GENERO = 1,0.4866666666666667,0.24982222222222225,0
QuadraticDiscriminantAnalysis_BAL_GAN_FAIR_HYPERPARAMETER,"(('approach', 'kernel'), ('cpu_time', 300), ('lambax', 0.1), ('maxorder', 2), ('spline_intervals', 2))",ENC_GENERO = 0,0.6136363636363636,0.23708677685950413,0
QuadraticDiscriminantAnalysis_BAL_GAN_FAIR_HYPERPARAMETER,"(('approach', 'hdmr'), ('cpu_time', 300), ('lambax', 0.1), ('maxorder', 2), ('spline_intervals', 3))",ENC_GENERO = 1,0.4866666666666667,0.24982222222222225,0
QuadraticDiscriminantAnalysis_BAL_GAN_FAIR_HYPERPARAMETER,"(('approach', 'hdmr'), ('cpu_time', 300), ('lambax', 0.1), ('maxorder', 2), ('spline_intervals', 3))",ENC_GENERO = 0,0.6136363636363636,0.23708677685950413,0
QuadraticDiscriminantAnalysis_BAL_GAN_FAIR_HYPERPARAMETER,"(('approach', 'kernel'), ('cpu_time', 300), ('lambax', 0.1), ('maxorder', 2), ('spline_intervals', 3))",ENC_GENERO = 1,0.4866666666666667,0.24982222222222225,0
QuadraticDiscriminantAnalysis_BAL_GAN_FAIR_HYPERPARAMETER,"(('approach', 'kernel'), ('cpu_time', 300), ('lambax', 0.1), ('maxorder', 2), ('spline_intervals', 3))",ENC_GENERO = 0,0.6136363636363636,0.23708677685950413,0
QuadraticDiscriminantAnalysis_FOS_HYPERPARAMETER,"(('approach', 'hdmr'), ('cpu_time', 300), ('lambax', 0.01), ('maxorder', 1), ('spline_intervals', 2))",ENC_GENERO = 1,0.017777777777777778,0.017461728395061722,1
QuadraticDiscriminantAnalysis_FOS_HYPERPARAMETER,"(('approach', 'hdmr'), ('cpu_time', 300), ('lambax', 0.01), ('maxorder', 1), ('spline_intervals', 2))",ENC_GENERO = 0,0.022727272727272728,0.02221074380165289,1
QuadraticDiscriminantAnalysis_FOS_HYPERPARAMETER,"(('approach', 'kernel'), ('cpu_time', 300), ('lambax', 0.01), ('maxorder', 1), ('spline_intervals', 2))",ENC_GENERO = 1,0.017777777777777778,0.017461728395061722,0
QuadraticDiscriminantAnalysis_FOS_HYPERPARAMETER,"(('approach', 'kernel'), ('cpu_time', 300), ('lambax', 0.01), ('maxorder', 1), ('spline_intervals', 2))",ENC_GENERO = 0,0.022727272727272728,0.02221074380165289,0
QuadraticDiscriminantAnalysis_FOS_HYPERPARAMETER,"(('approach', 'hdmr'), ('cpu_time', 300), ('lambax', 0.01), ('maxorder', 1), ('spline_intervals', 3))",ENC_GENERO = 1,0.017777777777777778,0.017461728395061722,0
QuadraticDiscriminantAnalysis_FOS_HYPERPARAMETER,"(('approach', 'hdmr'), ('cpu_time', 300), ('lambax', 0.01), ('maxorder', 1), ('spline_intervals', 3))",ENC_GENERO = 0,0.022727272727272728,0.02221074380165289,0
QuadraticDiscriminantAnalysis_FOS_HYPERPARAMETER,"(('approach', 'kernel'), ('cpu_time', 300), ('lambax', 0.01), ('maxorder', 1), ('spline_intervals', 3))",ENC_GENERO = 1,0.017777777777777778,0.017461728395061722,0
QuadraticDiscriminantAnalysis_FOS_HYPERPARAMETER,"(('approach', 'kernel'), ('cpu_time', 300), ('lambax', 0.01), ('maxorder', 1), ('spline_intervals', 3))",ENC_GENERO = 0,0.022727272727272728,0.02221074380165289,0
QuadraticDiscriminantAnalysis_FOS_HYPERPARAMETER,"(('approach', 'hdmr'), ('cpu_time', 300), ('lambax', 0.1), ('maxorder', 1), ('spline_intervals', 2))",ENC_GENERO = 1,0.017777777777777778,0.017461728395061722,0
QuadraticDiscriminantAnalysis_FOS_HYPERPARAMETER,"(('approach', 'hdmr'), ('cpu_time', 300), ('lambax', 0.1), ('maxorder', 1), ('spline_intervals', 2))",ENC_GENERO = 0,0.022727272727272728,0.02221074380165289,0
QuadraticDiscriminantAnalysis_FOS_HYPERPARAMETER,"(('approach', 'kernel'), ('cpu_time', 300), ('lambax', 0.1), ('maxorder', 1), ('spline_intervals', 2))",ENC_GENERO = 1,0.017777777777777778,0.017461728395061722,0
QuadraticDiscriminantAnalysis_FOS_HYPERPARAMETER,"(('approach', 'kernel'), ('cpu_time', 300), ('lambax', 0.1), ('maxorder', 1), ('spline_intervals', 2))",ENC_GENERO = 0,0.022727272727272728,0.02221074380165289,0
QuadraticDiscriminantAnalysis_FOS_HYPERPARAMETER,"(('approach', 'hdmr'), ('cpu_time', 300), ('lambax', 0.1), ('maxorder', 1), ('spline_intervals', 3))",ENC_GENERO = 1,0.017777777777777778,0.017461728395061722,0
QuadraticDiscriminantAnalysis_FOS_HYPERPARAMETER,"(('approach', 'hdmr'), ('cpu_time', 300), ('lambax', 0.1), ('maxorder', 1), ('spline_intervals', 3))",ENC_GENERO = 0,0.022727272727272728,0.02221074380165289,0
QuadraticDiscriminantAnalysis_FOS_HYPERPARAMETER,"(('approach', 'kernel'), ('cpu_time', 300), ('lambax', 0.1), ('maxorder', 1), ('spline_intervals', 3))",ENC_GENERO = 1,0.017777777777777778,0.017461728395061722,0
QuadraticDiscriminantAnalysis_FOS_HYPERPARAMETER,"(('approach', 'kernel'), ('cpu_time', 300), ('lambax', 0.1), ('maxorder', 1), ('spline_intervals', 3))",ENC_GENERO = 0,0.022727272727272728,0.02221074380165289,0
QuadraticDiscriminantAnalysis_FOS_HYPERPARAMETER,"(('approach', 'hdmr'), ('cpu_time', 300), ('lambax', 0.01), ('maxorder', 2), ('spline_intervals', 2))",ENC_GENERO = 1,0.017777777777777778,0.017461728395061722,0
QuadraticDiscriminantAnalysis_FOS_HYPERPARAMETER,"(('approach', 'hdmr'), ('cpu_time', 300), ('lambax', 0.01), ('maxorder', 2), ('spline_intervals', 2))",ENC_GENERO = 0,0.022727272727272728,0.02221074380165289,0
QuadraticDiscriminantAnalysis_FOS_HYPERPARAMETER,"(('approach', 'kernel'), ('cpu_time', 300), ('lambax', 0.01), ('maxorder', 2), ('spline_intervals', 2))",ENC_GENERO = 1,0.017777777777777778,0.017461728395061722,0
QuadraticDiscriminantAnalysis_FOS_HYPERPARAMETER,"(('approach', 'kernel'), ('cpu_time', 300), ('lambax', 0.01), ('maxorder', 2), ('spline_intervals', 2))",ENC_GENERO = 0,0.022727272727272728,0.02221074380165289,0
QuadraticDiscriminantAnalysis_FOS_HYPERPARAMETER,"(('approach', 'hdmr'), ('cpu_time', 300), ('lambax', 0.01), ('maxorder', 2), ('spline_intervals', 3))",ENC_GENERO = 1,0.017777777777777778,0.017461728395061722,0
QuadraticDiscriminantAnalysis_FOS_HYPERPARAMETER,"(('approach', 'hdmr'), ('cpu_time', 300), ('lambax', 0.01), ('maxorder', 2), ('spline_intervals', 3))",ENC_GENERO = 0,0.022727272727272728,0.02221074380165289,0
QuadraticDiscriminantAnalysis_FOS_HYPERPARAMETER,"(('approach', 'kernel'), ('cpu_time', 300), ('lambax', 0.01), ('maxorder', 2), ('spline_intervals', 3))",ENC_GENERO = 1,0.017777777777777778,0.017461728395061722,0
QuadraticDiscriminantAnalysis_FOS_HYPERPARAMETER,"(('approach', 'kernel'), ('cpu_time', 300), ('lambax', 0.01), ('maxorder', 2), ('spline_intervals', 3))",ENC_GENERO = 0,0.022727272727272728,0.02221074380165289,0
QuadraticDiscriminantAnalysis_FOS_HYPERPARAMETER,"(('approach', 'hdmr'), ('cpu_time', 300), ('lambax', 0.1), ('maxorder', 2), ('spline_intervals', 2))",ENC_GENERO = 1,0.017777777777777778,0.017461728395061722,0
QuadraticDiscriminantAnalysis_FOS_HYPERPARAMETER,"(('approach', 'hdmr'), ('cpu_time', 300), ('lambax', 0.1), ('maxorder', 2), ('spline_intervals', 2))",ENC_GENERO = 0,0.022727272727272728,0.02221074380165289,0
QuadraticDiscriminantAnalysis_FOS_HYPERPARAMETER,"(('approach', 'kernel'), ('cpu_time', 300), ('lambax', 0.1), ('maxorder', 2), ('spline_intervals', 2))",ENC_GENERO = 1,0.017777777777777778,0.017461728395061722,0
QuadraticDiscriminantAnalysis_FOS_HYPERPARAMETER,"(('approach', 'kernel'), ('cpu_time', 300), ('lambax', 0.1), ('maxorder', 2), ('spline_intervals', 2))",ENC_GENERO = 0,0.022727272727272728,0.02221074380165289,0
QuadraticDiscriminantAnalysis_FOS_HYPERPARAMETER,"(('approach', 'hdmr'), ('cpu_time', 300), ('lambax', 0.1), ('maxorder', 2), ('spline_intervals', 3))",ENC_GENERO = 1,0.017777777777777778,0.017461728395061722,0
QuadraticDiscriminantAnalysis_FOS_HYPERPARAMETER,"(('approach', 'hdmr'), ('cpu_time', 300), ('lambax', 0.1), ('maxorder', 2), ('spline_intervals', 3))",ENC_GENERO = 0,0.022727272727272728,0.02221074380165289,0
QuadraticDiscriminantAnalysis_FOS_HYPERPARAMETER,"(('approach', 'kernel'), ('cpu_time', 300), ('lambax', 0.1), ('maxorder', 2), ('spline_intervals', 3))",ENC_GENERO = 1,0.017777777777777778,0.017461728395061722,0
QuadraticDiscriminantAnalysis_FOS_HYPERPARAMETER,"(('approach', 'kernel'), ('cpu_time', 300), ('lambax', 0.1), ('maxorder', 2), ('spline_intervals', 3))",ENC_GENERO = 0,0.022727272727272728,0.02221074380165289,0
QuadraticDiscriminantAnalysis_REWEIGHTER_HYPERPARAMETER,"(('approach', 'hdmr'), ('cpu_time', 300), ('lambax', 0.01), ('maxorder', 1), ('spline_intervals', 2))",ENC_GENERO = 1,0.017777777777777778,0.017461728395061722,0
QuadraticDiscriminantAnalysis_REWEIGHTER_HYPERPARAMETER,"(('approach', 'hdmr'), ('cpu_time', 300), ('lambax', 0.01), ('maxorder', 1), ('spline_intervals', 2))",ENC_GENERO = 0,0.022727272727272728,0.02221074380165289,0
QuadraticDiscriminantAnalysis_REWEIGHTER_HYPERPARAMETER,"(('approach', 'kernel'), ('cpu_time', 300), ('lambax', 0.01), ('maxorder', 1), ('spline_intervals', 2))",ENC_GENERO = 1,0.017777777777777778,0.017461728395061722,0
QuadraticDiscriminantAnalysis_REWEIGHTER_HYPERPARAMETER,"(('approach', 'kernel'), ('cpu_time', 300), ('lambax', 0.01), ('maxorder', 1), ('spline_intervals', 2))",ENC_GENERO = 0,0.022727272727272728,0.02221074380165289,0
QuadraticDiscriminantAnalysis_REWEIGHTER_HYPERPARAMETER,"(('approach', 'hdmr'), ('cpu_time', 300), ('lambax', 0.01), ('maxorder', 1), ('spline_intervals', 3))",ENC_GENERO = 1,0.017777777777777778,0.017461728395061722,0
QuadraticDiscriminantAnalysis_REWEIGHTER_HYPERPARAMETER,"(('approach', 'hdmr'), ('cpu_time', 300), ('lambax', 0.01), ('maxorder', 1), ('spline_intervals', 3))",ENC_GENERO = 0,0.022727272727272728,0.02221074380165289,0
QuadraticDiscriminantAnalysis_REWEIGHTER_HYPERPARAMETER,"(('approach', 'kernel'), ('cpu_time', 300), ('lambax', 0.01), ('maxorder', 1), ('spline_intervals', 3))",ENC_GENERO = 1,0.017777777777777778,0.017461728395061722,0
QuadraticDiscriminantAnalysis_REWEIGHTER_HYPERPARAMETER,"(('approach', 'kernel'), ('cpu_time', 300), ('lambax', 0.01), ('maxorder', 1), ('spline_intervals', 3))",ENC_GENERO = 0,0.022727272727272728,0.02221074380165289,0
QuadraticDiscriminantAnalysis_REWEIGHTER_HYPERPARAMETER,"(('approach', 'hdmr'), ('cpu_time', 300), ('lambax', 0.1), ('maxorder', 1), ('spline_intervals', 2))",ENC_GENERO = 1,0.017777777777777778,0.017461728395061722,0
QuadraticDiscriminantAnalysis_REWEIGHTER_HYPERPARAMETER,"(('approach', 'hdmr'), ('cpu_time', 300), ('lambax', 0.1), ('maxorder', 1), ('spline_intervals', 2))",ENC_GENERO = 0,0.022727272727272728,0.02221074380165289,0
QuadraticDiscriminantAnalysis_REWEIGHTER_HYPERPARAMETER,"(('approach', 'kernel'), ('cpu_time', 300), ('lambax', 0.1), ('maxorder', 1), ('spline_intervals', 2))",ENC_GENERO = 1,0.017777777777777778,0.017461728395061722,0
QuadraticDiscriminantAnalysis_REWEIGHTER_HYPERPARAMETER,"(('approach', 'kernel'), ('cpu_time', 300), ('lambax', 0.1), ('maxorder', 1), ('spline_intervals', 2))",ENC_GENERO = 0,0.022727272727272728,0.02221074380165289,0
QuadraticDiscriminantAnalysis_REWEIGHTER_HYPERPARAMETER,"(('approach', 'hdmr'), ('cpu_time', 300), ('lambax', 0.1), ('maxorder', 1), ('spline_intervals', 3))",ENC_GENERO = 1,0.017777777777777778,0.017461728395061722,0
QuadraticDiscriminantAnalysis_REWEIGHTER_HYPERPARAMETER,"(('approach', 'hdmr'), ('cpu_time', 300), ('lambax', 0.1), ('maxorder', 1), ('spline_intervals', 3))",ENC_GENERO = 0,0.022727272727272728,0.02221074380165289,0
QuadraticDiscriminantAnalysis_REWEIGHTER_HYPERPARAMETER,"(('approach', 'kernel'), ('cpu_time', 300), ('lambax', 0.1), ('maxorder', 1), ('spline_intervals', 3))",ENC_GENERO = 1,0.017777777777777778,0.017461728395061722,0
QuadraticDiscriminantAnalysis_REWEIGHTER_HYPERPARAMETER,"(('approach', 'kernel'), ('cpu_time', 300), ('lambax', 0.1), ('maxorder', 1), ('spline_intervals', 3))",ENC_GENERO = 0,0.022727272727272728,0.02221074380165289,0
QuadraticDiscriminantAnalysis_REWEIGHTER_HYPERPARAMETER,"(('approach', 'hdmr'), ('cpu_time', 300), ('lambax', 0.01), ('maxorder', 2), ('spline_intervals', 2))",ENC_GENERO = 1,0.017777777777777778,0.017461728395061722,0
QuadraticDiscriminantAnalysis_REWEIGHTER_HYPERPARAMETER,"(('approach', 'hdmr'), ('cpu_time', 300), ('lambax', 0.01), ('maxorder', 2), ('spline_intervals', 2))",ENC_GENERO = 0,0.022727272727272728,0.02221074380165289,0
QuadraticDiscriminantAnalysis_REWEIGHTER_HYPERPARAMETER,"(('approach', 'kernel'), ('cpu_time', 300), ('lambax', 0.01), ('maxorder', 2), ('spline_intervals', 2))",ENC_GENERO = 1,0.017777777777777778,0.017461728395061722,0
QuadraticDiscriminantAnalysis_REWEIGHTER_HYPERPARAMETER,"(('approach', 'kernel'), ('cpu_time', 300), ('lambax', 0.01), ('maxorder', 2), ('spline_intervals', 2))",ENC_GENERO = 0,0.022727272727272728,0.02221074380165289,0
QuadraticDiscriminantAnalysis_REWEIGHTER_HYPERPARAMETER,"(('approach', 'hdmr'), ('cpu_time', 300), ('lambax', 0.01), ('maxorder', 2), ('spline_intervals', 3))",ENC_GENERO = 1,0.017777777777777778,0.017461728395061722,0
QuadraticDiscriminantAnalysis_REWEIGHTER_HYPERPARAMETER,"(('approach', 'hdmr'), ('cpu_time', 300), ('lambax', 0.01), ('maxorder', 2), ('spline_intervals', 3))",ENC_GENERO = 0,0.022727272727272728,0.02221074380165289,0
QuadraticDiscriminantAnalysis_REWEIGHTER_HYPERPARAMETER,"(('approach', 'kernel'), ('cpu_time', 300), ('lambax', 0.01), ('maxorder', 2), ('spline_intervals', 3))",ENC_GENERO = 1,0.017777777777777778,0.017461728395061722,0
QuadraticDiscriminantAnalysis_REWEIGHTER_HYPERPARAMETER,"(('approach', 'kernel'), ('cpu_time', 300), ('lambax', 0.01), ('maxorder', 2), ('spline_intervals', 3))",ENC_GENERO = 0,0.022727272727272728,0.02221074380165289,0
QuadraticDiscriminantAnalysis_REWEIGHTER_HYPERPARAMETER,"(('approach', 'hdmr'), ('cpu_time', 300), ('lambax', 0.1), ('maxorder', 2), ('spline_intervals', 2))",ENC_GENERO = 1,0.017777777777777778,0.017461728395061722,0
QuadraticDiscriminantAnalysis_REWEIGHTER_HYPERPARAMETER,"(('approach', 'hdmr'), ('cpu_time', 300), ('lambax', 0.1), ('maxorder', 2), ('spline_intervals', 2))",ENC_GENERO = 0,0.022727272727272728,0.02221074380165289,0
QuadraticDiscriminantAnalysis_REWEIGHTER_HYPERPARAMETER,"(('approach', 'kernel'), ('cpu_time', 300), ('lambax', 0.1), ('maxorder', 2), ('spline_intervals', 2))",ENC_GENERO = 1,0.017777777777777778,0.017461728395061722,0
QuadraticDiscriminantAnalysis_REWEIGHTER_HYPERPARAMETER,"(('approach', 'kernel'), ('cpu_time', 300), ('lambax', 0.1), ('maxorder', 2), ('spline_intervals', 2))",ENC_GENERO = 0,0.022727272727272728,0.02221074380165289,0
QuadraticDiscriminantAnalysis_REWEIGHTER_HYPERPARAMETER,"(('approach', 'hdmr'), ('cpu_time', 300), ('lambax', 0.1), ('maxorder', 2), ('spline_intervals', 3))",ENC_GENERO = 1,0.017777777777777778,0.017461728395061722,0
QuadraticDiscriminantAnalysis_REWEIGHTER_HYPERPARAMETER,"(('approach', 'hdmr'), ('cpu_time', 300), ('lambax', 0.1), ('maxorder', 2), ('spline_intervals', 3))",ENC_GENERO = 0,0.022727272727272728,0.02221074380165289,0
QuadraticDiscriminantAnalysis_REWEIGHTER_HYPERPARAMETER,"(('approach', 'kernel'), ('cpu_time', 300), ('lambax', 0.1), ('maxorder', 2), ('spline_intervals', 3))",ENC_GENERO = 1,0.017777777777777778,0.017461728395061722,0
QuadraticDiscriminantAnalysis_REWEIGHTER_HYPERPARAMETER,"(('approach', 'kernel'), ('cpu_time', 300), ('lambax', 0.1), ('maxorder', 2), ('spline_intervals', 3))",ENC_GENERO = 0,0.022727272727272728,0.02221074380165289,0
QuadraticDiscriminantAnalysis_ROS_HYPERPARAMETER,"(('approach', 'hdmr'), ('cpu_time', 300), ('lambax', 0.01), ('maxorder', 1), ('spline_intervals', 2))",ENC_GENERO = 1,0.5244444444444445,0.24940246913580255,0
QuadraticDiscriminantAnalysis_ROS_HYPERPARAMETER,"(('approach', 'hdmr'), ('cpu_time', 300), ('lambax', 0.01), ('maxorder', 1), ('spline_intervals', 2))",ENC_GENERO = 0,0.6363636363636364,0.2314049586776859,0
QuadraticDiscriminantAnalysis_ROS_HYPERPARAMETER,"(('approach', 'kernel'), ('cpu_time', 300), ('lambax', 0.01), ('maxorder', 1), ('spline_intervals', 2))",ENC_GENERO = 1,0.5244444444444445,0.24940246913580255,0
QuadraticDiscriminantAnalysis_ROS_HYPERPARAMETER,"(('approach', 'kernel'), ('cpu_time', 300), ('lambax', 0.01), ('maxorder', 1), ('spline_intervals', 2))",ENC_GENERO = 0,0.6363636363636364,0.2314049586776859,0
QuadraticDiscriminantAnalysis_ROS_HYPERPARAMETER,"(('approach', 'hdmr'), ('cpu_time', 300), ('lambax', 0.01), ('maxorder', 1), ('spline_intervals', 3))",ENC_GENERO = 1,0.5244444444444445,0.24940246913580255,0
QuadraticDiscriminantAnalysis_ROS_HYPERPARAMETER,"(('approach', 'hdmr'), ('cpu_time', 300), ('lambax', 0.01), ('maxorder', 1), ('spline_intervals', 3))",ENC_GENERO = 0,0.6363636363636364,0.2314049586776859,0
QuadraticDiscriminantAnalysis_ROS_HYPERPARAMETER,"(('approach', 'kernel'), ('cpu_time', 300), ('lambax', 0.01), ('maxorder', 1), ('spline_intervals', 3))",ENC_GENERO = 1,0.5244444444444445,0.24940246913580255,0
QuadraticDiscriminantAnalysis_ROS_HYPERPARAMETER,"(('approach', 'kernel'), ('cpu_time', 300), ('lambax', 0.01), ('maxorder', 1), ('spline_intervals', 3))",ENC_GENERO = 0,0.6363636363636364,0.2314049586776859,0
QuadraticDiscriminantAnalysis_ROS_HYPERPARAMETER,"(('approach', 'hdmr'), ('cpu_time', 300), ('lambax', 0.1), ('maxorder', 1), ('spline_intervals', 2))",ENC_GENERO = 1,0.5244444444444445,0.24940246913580255,0
QuadraticDiscriminantAnalysis_ROS_HYPERPARAMETER,"(('approach', 'hdmr'), ('cpu_time', 300), ('lambax', 0.1), ('maxorder', 1), ('spline_intervals', 2))",ENC_GENERO = 0,0.6363636363636364,0.2314049586776859,0
QuadraticDiscriminantAnalysis_ROS_HYPERPARAMETER,"(('approach', 'kernel'), ('cpu_time', 300), ('lambax', 0.1), ('maxorder', 1), ('spline_intervals', 2))",ENC_GENERO = 1,0.5244444444444445,0.24940246913580255,0
QuadraticDiscriminantAnalysis_ROS_HYPERPARAMETER,"(('approach', 'kernel'), ('cpu_time', 300), ('lambax', 0.1), ('maxorder', 1), ('spline_intervals', 2))",ENC_GENERO = 0,0.6363636363636364,0.2314049586776859,0
QuadraticDiscriminantAnalysis_ROS_HYPERPARAMETER,"(('approach', 'hdmr'), ('cpu_time', 300), ('lambax', 0.1), ('maxorder', 1), ('spline_intervals', 3))",ENC_GENERO = 1,0.5244444444444445,0.24940246913580255,0
QuadraticDiscriminantAnalysis_ROS_HYPERPARAMETER,"(('approach', 'hdmr'), ('cpu_time', 300), ('lambax', 0.1), ('maxorder', 1), ('spline_intervals', 3))",ENC_GENERO = 0,0.6363636363636364,0.2314049586776859,0
QuadraticDiscriminantAnalysis_ROS_HYPERPARAMETER,"(('approach', 'kernel'), ('cpu_time', 300), ('lambax', 0.1), ('maxorder', 1), ('spline_intervals', 3))",ENC_GENERO = 1,0.5244444444444445,0.24940246913580255,0
QuadraticDiscriminantAnalysis_ROS_HYPERPARAMETER,"(('approach', 'kernel'), ('cpu_time', 300), ('lambax', 0.1), ('maxorder', 1), ('spline_intervals', 3))",ENC_GENERO = 0,0.6363636363636364,0.2314049586776859,0
QuadraticDiscriminantAnalysis_ROS_HYPERPARAMETER,"(('approach', 'hdmr'), ('cpu_time', 300), ('lambax', 0.01), ('maxorder', 2), ('spline_intervals', 2))",ENC_GENERO = 1,0.5244444444444445,0.24940246913580255,0
QuadraticDiscriminantAnalysis_ROS_HYPERPARAMETER,"(('approach', 'hdmr'), ('cpu_time', 300), ('lambax', 0.01), ('maxorder', 2), ('spline_intervals', 2))",ENC_GENERO = 0,0.6363636363636364,0.2314049586776859,0
QuadraticDiscriminantAnalysis_ROS_HYPERPARAMETER,"(('approach', 'kernel'), ('cpu_time', 300), ('lambax', 0.01), ('maxorder', 2), ('spline_intervals', 2))",ENC_GENERO = 1,0.5244444444444445,0.24940246913580255,0
QuadraticDiscriminantAnalysis_ROS_HYPERPARAMETER,"(('approach', 'kernel'), ('cpu_time', 300), ('lambax', 0.01), ('maxorder', 2), ('spline_intervals', 2))",ENC_GENERO = 0,0.6363636363636364,0.2314049586776859,0
QuadraticDiscriminantAnalysis_ROS_HYPERPARAMETER,"(('approach', 'hdmr'), ('cpu_time', 300), ('lambax', 0.01), ('maxorder', 2), ('spline_intervals', 3))",ENC_GENERO = 1,0.5244444444444445,0.24940246913580255,0
QuadraticDiscriminantAnalysis_ROS_HYPERPARAMETER,"(('approach', 'hdmr'), ('cpu_time', 300), ('lambax', 0.01), ('maxorder', 2), ('spline_intervals', 3))",ENC_GENERO = 0,0.6363636363636364,0.2314049586776859,0
QuadraticDiscriminantAnalysis_ROS_HYPERPARAMETER,"(('approach', 'kernel'), ('cpu_time', 300), ('lambax', 0.01), ('maxorder', 2), ('spline_intervals', 3))",ENC_GENERO = 1,0.5244444444444445,0.24940246913580255,0
QuadraticDiscriminantAnalysis_ROS_HYPERPARAMETER,"(('approach', 'kernel'), ('cpu_time', 300), ('lambax', 0.01), ('maxorder', 2), ('spline_intervals', 3))",ENC_GENERO = 0,0.6363636363636364,0.2314049586776859,0
QuadraticDiscriminantAnalysis_ROS_HYPERPARAMETER,"(('approach', 'hdmr'), ('cpu_time', 300), ('lambax', 0.1), ('maxorder', 2), ('spline_intervals', 2))",ENC_GENERO = 1,0.5244444444444445,0.24940246913580255,0
QuadraticDiscriminantAnalysis_ROS_HYPERPARAMETER,"(('approach', 'hdmr'), ('cpu_time', 300), ('lambax', 0.1), ('maxorder', 2), ('spline_intervals', 2))",ENC_GENERO = 0,0.6363636363636364,0.2314049586776859,0
QuadraticDiscriminantAnalysis_ROS_HYPERPARAMETER,"(('approach', 'kernel'), ('cpu_time', 300), ('lambax', 0.1), ('maxorder', 2), ('spline_intervals', 2))",ENC_GENERO = 1,0.5244444444444445,0.24940246913580255,0
QuadraticDiscriminantAnalysis_ROS_HYPERPARAMETER,"(('approach', 'kernel'), ('cpu_time', 300), ('lambax', 0.1), ('maxorder', 2), ('spline_intervals', 2))",ENC_GENERO = 0,0.6363636363636364,0.2314049586776859,0
QuadraticDiscriminantAnalysis_ROS_HYPERPARAMETER,"(('approach', 'hdmr'), ('cpu_time', 300), ('lambax', 0.1), ('maxorder', 2), ('spline_intervals', 3))",ENC_GENERO = 1,0.5244444444444445,0.24940246913580255,0
QuadraticDiscriminantAnalysis_ROS_HYPERPARAMETER,"(('approach', 'hdmr'), ('cpu_time', 300), ('lambax', 0.1), ('maxorder', 2), ('spline_intervals', 3))",ENC_GENERO = 0,0.6363636363636364,0.2314049586776859,0
QuadraticDiscriminantAnalysis_ROS_HYPERPARAMETER,"(('approach', 'kernel'), ('cpu_time', 300), ('lambax', 0.1), ('maxorder', 2), ('spline_intervals', 3))",ENC_GENERO = 1,0.5244444444444445,0.24940246913580255,0
QuadraticDiscriminantAnalysis_ROS_HYPERPARAMETER,"(('approach', 'kernel'), ('cpu_time', 300), ('lambax', 0.1), ('maxorder', 2), ('spline_intervals', 3))",ENC_GENERO = 0,0.6363636363636364,0.2314049586776859,0
QuadraticDiscriminantAnalysis_SMOTE_HYPERPARAMETER,"(('approach', 'hdmr'), ('cpu_time', 300), ('lambax', 0.01), ('maxorder', 1), ('spline_intervals', 2))",ENC_GENERO = 1,0.5733333333333334,0.24462222222222219,0
QuadraticDiscriminantAnalysis_SMOTE_HYPERPARAMETER,"(('approach', 'hdmr'), ('cpu_time', 300), ('lambax', 0.01), ('maxorder', 1), ('spline_intervals', 2))",ENC_GENERO = 0,0.6818181818181818,0.21694214876033052,0
QuadraticDiscriminantAnalysis_SMOTE_HYPERPARAMETER,"(('approach', 'kernel'), ('cpu_time', 300), ('lambax', 0.01), ('maxorder', 1), ('spline_intervals', 2))",ENC_GENERO = 1,0.5733333333333334,0.24462222222222219,0
QuadraticDiscriminantAnalysis_SMOTE_HYPERPARAMETER,"(('approach', 'kernel'), ('cpu_time', 300), ('lambax', 0.01), ('maxorder', 1), ('spline_intervals', 2))",ENC_GENERO = 0,0.6818181818181818,0.21694214876033052,0
QuadraticDiscriminantAnalysis_SMOTE_HYPERPARAMETER,"(('approach', 'hdmr'), ('cpu_time', 300), ('lambax', 0.01), ('maxorder', 1), ('spline_intervals', 3))",ENC_GENERO = 1,0.5733333333333334,0.24462222222222219,0
QuadraticDiscriminantAnalysis_SMOTE_HYPERPARAMETER,"(('approach', 'hdmr'), ('cpu_time', 300), ('lambax', 0.01), ('maxorder', 1), ('spline_intervals', 3))",ENC_GENERO = 0,0.6818181818181818,0.21694214876033052,0
QuadraticDiscriminantAnalysis_SMOTE_HYPERPARAMETER,"(('approach', 'kernel'), ('cpu_time', 300), ('lambax', 0.01), ('maxorder', 1), ('spline_intervals', 3))",ENC_GENERO = 1,0.5733333333333334,0.24462222222222219,0
QuadraticDiscriminantAnalysis_SMOTE_HYPERPARAMETER,"(('approach', 'kernel'), ('cpu_time', 300), ('lambax', 0.01), ('maxorder', 1), ('spline_intervals', 3))",ENC_GENERO = 0,0.6818181818181818,0.21694214876033052,0
QuadraticDiscriminantAnalysis_SMOTE_HYPERPARAMETER,"(('approach', 'hdmr'), ('cpu_time', 300), ('lambax', 0.1), ('maxorder', 1), ('spline_intervals', 2))",ENC_GENERO = 1,0.5733333333333334,0.24462222222222219,0
QuadraticDiscriminantAnalysis_SMOTE_HYPERPARAMETER,"(('approach', 'hdmr'), ('cpu_time', 300), ('lambax', 0.1), ('maxorder', 1), ('spline_intervals', 2))",ENC_GENERO = 0,0.6818181818181818,0.21694214876033052,0
QuadraticDiscriminantAnalysis_SMOTE_HYPERPARAMETER,"(('approach', 'kernel'), ('cpu_time', 300), ('lambax', 0.1), ('maxorder', 1), ('spline_intervals', 2))",ENC_GENERO = 1,0.5733333333333334,0.24462222222222219,0
QuadraticDiscriminantAnalysis_SMOTE_HYPERPARAMETER,"(('approach', 'kernel'), ('cpu_time', 300), ('lambax', 0.1), ('maxorder', 1), ('spline_intervals', 2))",ENC_GENERO = 0,0.6818181818181818,0.21694214876033052,0
QuadraticDiscriminantAnalysis_SMOTE_HYPERPARAMETER,"(('approach', 'hdmr'), ('cpu_time', 300), ('lambax', 0.1), ('maxorder', 1), ('spline_intervals', 3))",ENC_GENERO = 1,0.5733333333333334,0.24462222222222219,0
QuadraticDiscriminantAnalysis_SMOTE_HYPERPARAMETER,"(('approach', 'hdmr'), ('cpu_time', 300), ('lambax', 0.1), ('maxorder', 1), ('spline_intervals', 3))",ENC_GENERO = 0,0.6818181818181818,0.21694214876033052,0
QuadraticDiscriminantAnalysis_SMOTE_HYPERPARAMETER,"(('approach', 'kernel'), ('cpu_time', 300), ('lambax', 0.1), ('maxorder', 1), ('spline_intervals', 3))",ENC_GENERO = 1,0.5733333333333334,0.24462222222222219,0
QuadraticDiscriminantAnalysis_SMOTE_HYPERPARAMETER,"(('approach', 'kernel'), ('cpu_time', 300), ('lambax', 0.1), ('maxorder', 1), ('spline_intervals', 3))",ENC_GENERO = 0,0.6818181818181818,0.21694214876033052,0
QuadraticDiscriminantAnalysis_SMOTE_HYPERPARAMETER,"(('approach', 'hdmr'), ('cpu_time', 300), ('lambax', 0.01), ('maxorder', 2), ('spline_intervals', 2))",ENC_GENERO = 1,0.5733333333333334,0.24462222222222219,0
QuadraticDiscriminantAnalysis_SMOTE_HYPERPARAMETER,"(('approach', 'hdmr'), ('cpu_time', 300), ('lambax', 0.01), ('maxorder', 2), ('spline_intervals', 2))",ENC_GENERO = 0,0.6818181818181818,0.21694214876033052,0
QuadraticDiscriminantAnalysis_SMOTE_HYPERPARAMETER,"(('approach', 'kernel'), ('cpu_time', 300), ('lambax', 0.01), ('maxorder', 2), ('spline_intervals', 2))",ENC_GENERO = 1,0.5733333333333334,0.24462222222222219,0
QuadraticDiscriminantAnalysis_SMOTE_HYPERPARAMETER,"(('approach', 'kernel'), ('cpu_time', 300), ('lambax', 0.01), ('maxorder', 2), ('spline_intervals', 2))",ENC_GENERO = 0,0.6818181818181818,0.21694214876033052,0
QuadraticDiscriminantAnalysis_SMOTE_HYPERPARAMETER,"(('approach', 'hdmr'), ('cpu_time', 300), ('lambax', 0.01), ('maxorder', 2), ('spline_intervals', 3))",ENC_GENERO = 1,0.5733333333333334,0.24462222222222219,0
QuadraticDiscriminantAnalysis_SMOTE_HYPERPARAMETER,"(('approach', 'hdmr'), ('cpu_time', 300), ('lambax', 0.01), ('maxorder', 2), ('spline_intervals', 3))",ENC_GENERO = 0,0.6818181818181818,0.21694214876033052,0
QuadraticDiscriminantAnalysis_SMOTE_HYPERPARAMETER,"(('approach', 'kernel'), ('cpu_time', 300), ('lambax', 0.01), ('maxorder', 2), ('spline_intervals', 3))",ENC_GENERO = 1,0.5733333333333334,0.24462222222222219,0
QuadraticDiscriminantAnalysis_SMOTE_HYPERPARAMETER,"(('approach', 'kernel'), ('cpu_time', 300), ('lambax', 0.01), ('maxorder', 2), ('spline_intervals', 3))",ENC_GENERO = 0,0.6818181818181818,0.21694214876033052,0
QuadraticDiscriminantAnalysis_SMOTE_HYPERPARAMETER,"(('approach', 'hdmr'), ('cpu_time', 300), ('lambax', 0.1), ('maxorder', 2), ('spline_intervals', 2))",ENC_GENERO = 1,0.5733333333333334,0.24462222222222219,0
QuadraticDiscriminantAnalysis_SMOTE_HYPERPARAMETER,"(('approach', 'hdmr'), ('cpu_time', 300), ('lambax', 0.1), ('maxorder', 2), ('spline_intervals', 2))",ENC_GENERO = 0,0.6818181818181818,0.21694214876033052,0
QuadraticDiscriminantAnalysis_SMOTE_HYPERPARAMETER,"(('approach', 'kernel'), ('cpu_time', 300), ('lambax', 0.1), ('maxorder', 2), ('spline_intervals', 2))",ENC_GENERO = 1,0.5733333333333334,0.24462222222222219,0
QuadraticDiscriminantAnalysis_SMOTE_HYPERPARAMETER,"(('approach', 'kernel'), ('cpu_time', 300), ('lambax', 0.1), ('maxorder', 2), ('spline_intervals', 2))",ENC_GENERO = 0,0.6818181818181818,0.21694214876033052,0
QuadraticDiscriminantAnalysis_SMOTE_HYPERPARAMETER,"(('approach', 'hdmr'), ('cpu_time', 300), ('lambax', 0.1), ('maxorder', 2), ('spline_intervals', 3))",ENC_GENERO = 1,0.5733333333333334,0.24462222222222219,0
QuadraticDiscriminantAnalysis_SMOTE_HYPERPARAMETER,"(('approach', 'hdmr'), ('cpu_time', 300), ('lambax', 0.1), ('maxorder', 2), ('spline_intervals', 3))",ENC_GENERO = 0,0.6818181818181818,0.21694214876033052,0
QuadraticDiscriminantAnalysis_SMOTE_HYPERPARAMETER,"(('approach', 'kernel'), ('cpu_time', 300), ('lambax', 0.1), ('maxorder', 2), ('spline_intervals', 3))",ENC_GENERO = 1,0.5733333333333334,0.24462222222222219,0
QuadraticDiscriminantAnalysis_SMOTE_HYPERPARAMETER,"(('approach', 'kernel'), ('cpu_time', 300), ('lambax', 0.1), ('maxorder', 2), ('spline_intervals', 3))",ENC_GENERO = 0,0.6818181818181818,0.21694214876033052,0
XGBClassifier_BAL_GAN_FAIR_HYPERPARAMETER,"(('approach', 'hdmr'), ('cpu_time', 300), ('lambax', 0.01), ('maxorder', 1), ('spline_intervals', 2))",ENC_GENERO = 1,0.3711111111111111,0.2333876543209876,0
XGBClassifier_BAL_GAN_FAIR_HYPERPARAMETER,"(('approach', 'hdmr'), ('cpu_time', 300), ('lambax', 0.01), ('maxorder', 1), ('spline_intervals', 2))",ENC_GENERO = 0,0.3181818181818182,0.2169421487603306,0
XGBClassifier_BAL_GAN_FAIR_HYPERPARAMETER,"(('approach', 'kernel'), ('cpu_time', 300), ('lambax', 0.01), ('maxorder', 1), ('spline_intervals', 2))",ENC_GENERO = 1,0.3711111111111111,0.2333876543209876,0
XGBClassifier_BAL_GAN_FAIR_HYPERPARAMETER,"(('approach', 'kernel'), ('cpu_time', 300), ('lambax', 0.01), ('maxorder', 1), ('spline_intervals', 2))",ENC_GENERO = 0,0.3181818181818182,0.2169421487603306,0
XGBClassifier_BAL_GAN_FAIR_HYPERPARAMETER,"(('approach', 'hdmr'), ('cpu_time', 300), ('lambax', 0.01), ('maxorder', 1), ('spline_intervals', 3))",ENC_GENERO = 1,0.3711111111111111,0.2333876543209876,0
XGBClassifier_BAL_GAN_FAIR_HYPERPARAMETER,"(('approach', 'hdmr'), ('cpu_time', 300), ('lambax', 0.01), ('maxorder', 1), ('spline_intervals', 3))",ENC_GENERO = 0,0.3181818181818182,0.2169421487603306,0
XGBClassifier_BAL_GAN_FAIR_HYPERPARAMETER,"(('approach', 'kernel'), ('cpu_time', 300), ('lambax', 0.01), ('maxorder', 1), ('spline_intervals', 3))",ENC_GENERO = 1,0.3711111111111111,0.2333876543209876,0
XGBClassifier_BAL_GAN_FAIR_HYPERPARAMETER,"(('approach', 'kernel'), ('cpu_time', 300), ('lambax', 0.01), ('maxorder', 1), ('spline_intervals', 3))",ENC_GENERO = 0,0.3181818181818182,0.2169421487603306,0
XGBClassifier_BAL_GAN_FAIR_HYPERPARAMETER,"(('approach', 'hdmr'), ('cpu_time', 300), ('lambax', 0.1), ('maxorder', 1), ('spline_intervals', 2))",ENC_GENERO = 1,0.3711111111111111,0.2333876543209876,0
XGBClassifier_BAL_GAN_FAIR_HYPERPARAMETER,"(('approach', 'hdmr'), ('cpu_time', 300), ('lambax', 0.1), ('maxorder', 1), ('spline_intervals', 2))",ENC_GENERO = 0,0.3181818181818182,0.2169421487603306,0
XGBClassifier_BAL_GAN_FAIR_HYPERPARAMETER,"(('approach', 'kernel'), ('cpu_time', 300), ('lambax', 0.1), ('maxorder', 1), ('spline_intervals', 2))",ENC_GENERO = 1,0.3711111111111111,0.2333876543209876,0
XGBClassifier_BAL_GAN_FAIR_HYPERPARAMETER,"(('approach', 'kernel'), ('cpu_time', 300), ('lambax', 0.1), ('maxorder', 1), ('spline_intervals', 2))",ENC_GENERO = 0,0.3181818181818182,0.2169421487603306,0
XGBClassifier_BAL_GAN_FAIR_HYPERPARAMETER,"(('approach', 'hdmr'), ('cpu_time', 300), ('lambax', 0.1), ('maxorder', 1), ('spline_intervals', 3))",ENC_GENERO = 1,0.3711111111111111,0.2333876543209876,0
XGBClassifier_BAL_GAN_FAIR_HYPERPARAMETER,"(('approach', 'hdmr'), ('cpu_time', 300), ('lambax', 0.1), ('maxorder', 1), ('spline_intervals', 3))",ENC_GENERO = 0,0.3181818181818182,0.2169421487603306,0
XGBClassifier_BAL_GAN_FAIR_HYPERPARAMETER,"(('approach', 'kernel'), ('cpu_time', 300), ('lambax', 0.1), ('maxorder', 1), ('spline_intervals', 3))",ENC_GENERO = 1,0.3711111111111111,0.2333876543209876,0
XGBClassifier_BAL_GAN_FAIR_HYPERPARAMETER,"(('approach', 'kernel'), ('cpu_time', 300), ('lambax', 0.1), ('maxorder', 1), ('spline_intervals', 3))",ENC_GENERO = 0,0.3181818181818182,0.2169421487603306,0
XGBClassifier_BAL_GAN_FAIR_HYPERPARAMETER,"(('approach', 'hdmr'), ('cpu_time', 300), ('lambax', 0.01), ('maxorder', 2), ('spline_intervals', 2))",ENC_GENERO = 1,0.3711111111111111,0.2333876543209876,0
XGBClassifier_BAL_GAN_FAIR_HYPERPARAMETER,"(('approach', 'hdmr'), ('cpu_time', 300), ('lambax', 0.01), ('maxorder', 2), ('spline_intervals', 2))",ENC_GENERO = 0,0.3181818181818182,0.2169421487603306,0
XGBClassifier_BAL_GAN_FAIR_HYPERPARAMETER,"(('approach', 'kernel'), ('cpu_time', 300), ('lambax', 0.01), ('maxorder', 2), ('spline_intervals', 2))",ENC_GENERO = 1,0.3711111111111111,0.2333876543209876,0
XGBClassifier_BAL_GAN_FAIR_HYPERPARAMETER,"(('approach', 'kernel'), ('cpu_time', 300), ('lambax', 0.01), ('maxorder', 2), ('spline_intervals', 2))",ENC_GENERO = 0,0.3181818181818182,0.2169421487603306,0
XGBClassifier_BAL_GAN_FAIR_HYPERPARAMETER,"(('approach', 'hdmr'), ('cpu_time', 300), ('lambax', 0.01), ('maxorder', 2), ('spline_intervals', 3))",ENC_GENERO = 1,0.3711111111111111,0.2333876543209876,0
XGBClassifier_BAL_GAN_FAIR_HYPERPARAMETER,"(('approach', 'hdmr'), ('cpu_time', 300), ('lambax', 0.01), ('maxorder', 2), ('spline_intervals', 3))",ENC_GENERO = 0,0.3181818181818182,0.2169421487603306,0
XGBClassifier_BAL_GAN_FAIR_HYPERPARAMETER,"(('approach', 'kernel'), ('cpu_time', 300), ('lambax', 0.01), ('maxorder', 2), ('spline_intervals', 3))",ENC_GENERO = 1,0.3711111111111111,0.2333876543209876,0
XGBClassifier_BAL_GAN_FAIR_HYPERPARAMETER,"(('approach', 'kernel'), ('cpu_time', 300), ('lambax', 0.01), ('maxorder', 2), ('spline_intervals', 3))",ENC_GENERO = 0,0.3181818181818182,0.2169421487603306,0
XGBClassifier_BAL_GAN_FAIR_HYPERPARAMETER,"(('approach', 'hdmr'), ('cpu_time', 300), ('lambax', 0.1), ('maxorder', 2), ('spline_intervals', 2))",ENC_GENERO = 1,0.3711111111111111,0.2333876543209876,0
XGBClassifier_BAL_GAN_FAIR_HYPERPARAMETER,"(('approach', 'hdmr'), ('cpu_time', 300), ('lambax', 0.1), ('maxorder', 2), ('spline_intervals', 2))",ENC_GENERO = 0,0.3181818181818182,0.2169421487603306,0
XGBClassifier_BAL_GAN_FAIR_HYPERPARAMETER,"(('approach', 'kernel'), ('cpu_time', 300), ('lambax', 0.1), ('maxorder', 2), ('spline_intervals', 2))",ENC_GENERO = 1,0.3711111111111111,0.2333876543209876,0
XGBClassifier_BAL_GAN_FAIR_HYPERPARAMETER,"(('approach', 'kernel'), ('cpu_time', 300), ('lambax', 0.1), ('maxorder', 2), ('spline_intervals', 2))",ENC_GENERO = 0,0.3181818181818182,0.2169421487603306,0
XGBClassifier_BAL_GAN_FAIR_HYPERPARAMETER,"(('approach', 'hdmr'), ('cpu_time', 300), ('lambax', 0.1), ('maxorder', 2), ('spline_intervals', 3))",ENC_GENERO = 1,0.3711111111111111,0.2333876543209876,0
XGBClassifier_BAL_GAN_FAIR_HYPERPARAMETER,"(('approach', 'hdmr'), ('cpu_time', 300), ('lambax', 0.1), ('maxorder', 2), ('spline_intervals', 3))",ENC_GENERO = 0,0.3181818181818182,0.2169421487603306,0
XGBClassifier_BAL_GAN_FAIR_HYPERPARAMETER,"(('approach', 'kernel'), ('cpu_time', 300), ('lambax', 0.1), ('maxorder', 2), ('spline_intervals', 3))",ENC_GENERO = 1,0.3711111111111111,0.2333876543209876,0
XGBClassifier_BAL_GAN_FAIR_HYPERPARAMETER,"(('approach', 'kernel'), ('cpu_time', 300), ('lambax', 0.1), ('maxorder', 2), ('spline_intervals', 3))",ENC_GENERO = 0,0.3181818181818182,0.2169421487603306,0
XGBClassifier_DEMV_HYPERPARAMETER,"(('approach', 'hdmr'), ('cpu_time', 300), ('lambax', 0.01), ('maxorder', 1), ('spline_intervals', 2))",ENC_GENERO = 1,0.3711111111111111,0.2333876543209876,0
XGBClassifier_DEMV_HYPERPARAMETER,"(('approach', 'hdmr'), ('cpu_time', 300), ('lambax', 0.01), ('maxorder', 1), ('spline_intervals', 2))",ENC_GENERO = 0,0.3181818181818182,0.2169421487603306,0
XGBClassifier_DEMV_HYPERPARAMETER,"(('approach', 'kernel'), ('cpu_time', 300), ('lambax', 0.01), ('maxorder', 1), ('spline_intervals', 2))",ENC_GENERO = 1,0.3711111111111111,0.2333876543209876,0
XGBClassifier_DEMV_HYPERPARAMETER,"(('approach', 'kernel'), ('cpu_time', 300), ('lambax', 0.01), ('maxorder', 1), ('spline_intervals', 2))",ENC_GENERO = 0,0.3181818181818182,0.2169421487603306,0
XGBClassifier_DEMV_HYPERPARAMETER,"(('approach', 'hdmr'), ('cpu_time', 300), ('lambax', 0.01), ('maxorder', 1), ('spline_intervals', 3))",ENC_GENERO = 1,0.3711111111111111,0.2333876543209876,0
XGBClassifier_DEMV_HYPERPARAMETER,"(('approach', 'hdmr'), ('cpu_time', 300), ('lambax', 0.01), ('maxorder', 1), ('spline_intervals', 3))",ENC_GENERO = 0,0.3181818181818182,0.2169421487603306,0
XGBClassifier_DEMV_HYPERPARAMETER,"(('approach', 'kernel'), ('cpu_time', 300), ('lambax', 0.01), ('maxorder', 1), ('spline_intervals', 3))",ENC_GENERO = 1,0.3711111111111111,0.2333876543209876,0
XGBClassifier_DEMV_HYPERPARAMETER,"(('approach', 'kernel'), ('cpu_time', 300), ('lambax', 0.01), ('maxorder', 1), ('spline_intervals', 3))",ENC_GENERO = 0,0.3181818181818182,0.2169421487603306,0
XGBClassifier_DEMV_HYPERPARAMETER,"(('approach', 'hdmr'), ('cpu_time', 300), ('lambax', 0.1), ('maxorder', 1), ('spline_intervals', 2))",ENC_GENERO = 1,0.3711111111111111,0.2333876543209876,0
XGBClassifier_DEMV_HYPERPARAMETER,"(('approach', 'hdmr'), ('cpu_time', 300), ('lambax', 0.1), ('maxorder', 1), ('spline_intervals', 2))",ENC_GENERO = 0,0.3181818181818182,0.2169421487603306,0
XGBClassifier_DEMV_HYPERPARAMETER,"(('approach', 'kernel'), ('cpu_time', 300), ('lambax', 0.1), ('maxorder', 1), ('spline_intervals', 2))",ENC_GENERO = 1,0.3711111111111111,0.2333876543209876,0
XGBClassifier_DEMV_HYPERPARAMETER,"(('approach', 'kernel'), ('cpu_time', 300), ('lambax', 0.1), ('maxorder', 1), ('spline_intervals', 2))",ENC_GENERO = 0,0.3181818181818182,0.2169421487603306,0
XGBClassifier_DEMV_HYPERPARAMETER,"(('approach', 'hdmr'), ('cpu_time', 300), ('lambax', 0.1), ('maxorder', 1), ('spline_intervals', 3))",ENC_GENERO = 1,0.3711111111111111,0.2333876543209876,0
XGBClassifier_DEMV_HYPERPARAMETER,"(('approach', 'hdmr'), ('cpu_time', 300), ('lambax', 0.1), ('maxorder', 1), ('spline_intervals', 3))",ENC_GENERO = 0,0.3181818181818182,0.2169421487603306,0
XGBClassifier_DEMV_HYPERPARAMETER,"(('approach', 'kernel'), ('cpu_time', 300), ('lambax', 0.1), ('maxorder', 1), ('spline_intervals', 3))",ENC_GENERO = 1,0.3711111111111111,0.2333876543209876,0
XGBClassifier_DEMV_HYPERPARAMETER,"(('approach', 'kernel'), ('cpu_time', 300), ('lambax', 0.1), ('maxorder', 1), ('spline_intervals', 3))",ENC_GENERO = 0,0.3181818181818182,0.2169421487603306,0
XGBClassifier_DEMV_HYPERPARAMETER,"(('approach', 'hdmr'), ('cpu_time', 300), ('lambax', 0.01), ('maxorder', 2), ('spline_intervals', 2))",ENC_GENERO = 1,0.3711111111111111,0.2333876543209876,0
XGBClassifier_DEMV_HYPERPARAMETER,"(('approach', 'hdmr'), ('cpu_time', 300), ('lambax', 0.01), ('maxorder', 2), ('spline_intervals', 2))",ENC_GENERO = 0,0.3181818181818182,0.2169421487603306,0
XGBClassifier_DEMV_HYPERPARAMETER,"(('approach', 'kernel'), ('cpu_time', 300), ('lambax', 0.01), ('maxorder', 2), ('spline_intervals', 2))",ENC_GENERO = 1,0.3711111111111111,0.2333876543209876,0
XGBClassifier_DEMV_HYPERPARAMETER,"(('approach', 'kernel'), ('cpu_time', 300), ('lambax', 0.01), ('maxorder', 2), ('spline_intervals', 2))",ENC_GENERO = 0,0.3181818181818182,0.2169421487603306,0
XGBClassifier_DEMV_HYPERPARAMETER,"(('approach', 'hdmr'), ('cpu_time', 300), ('lambax', 0.01), ('maxorder', 2), ('spline_intervals', 3))",ENC_GENERO = 1,0.3711111111111111,0.2333876543209876,0
XGBClassifier_DEMV_HYPERPARAMETER,"(('approach', 'hdmr'), ('cpu_time', 300), ('lambax', 0.01), ('maxorder', 2), ('spline_intervals', 3))",ENC_GENERO = 0,0.3181818181818182,0.2169421487603306,0
XGBClassifier_DEMV_HYPERPARAMETER,"(('approach', 'kernel'), ('cpu_time', 300), ('lambax', 0.01), ('maxorder', 2), ('spline_intervals', 3))",ENC_GENERO = 1,0.3711111111111111,0.2333876543209876,0
XGBClassifier_DEMV_HYPERPARAMETER,"(('approach', 'kernel'), ('cpu_time', 300), ('lambax', 0.01), ('maxorder', 2), ('spline_intervals', 3))",ENC_GENERO = 0,0.3181818181818182,0.2169421487603306,0
XGBClassifier_DEMV_HYPERPARAMETER,"(('approach', 'hdmr'), ('cpu_time', 300), ('lambax', 0.1), ('maxorder', 2), ('spline_intervals', 2))",ENC_GENERO = 1,0.3711111111111111,0.2333876543209876,0
XGBClassifier_DEMV_HYPERPARAMETER,"(('approach', 'hdmr'), ('cpu_time', 300), ('lambax', 0.1), ('maxorder', 2), ('spline_intervals', 2))",ENC_GENERO = 0,0.3181818181818182,0.2169421487603306,0
XGBClassifier_DEMV_HYPERPARAMETER,"(('approach', 'kernel'), ('cpu_time', 300), ('lambax', 0.1), ('maxorder', 2), ('spline_intervals', 2))",ENC_GENERO = 1,0.3711111111111111,0.2333876543209876,0
XGBClassifier_DEMV_HYPERPARAMETER,"(('approach', 'kernel'), ('cpu_time', 300), ('lambax', 0.1), ('maxorder', 2), ('spline_intervals', 2))",ENC_GENERO = 0,0.3181818181818182,0.2169421487603306,0
XGBClassifier_DEMV_HYPERPARAMETER,"(('approach', 'hdmr'), ('cpu_time', 300), ('lambax', 0.1), ('maxorder', 2), ('spline_intervals', 3))",ENC_GENERO = 1,0.3711111111111111,0.2333876543209876,0
XGBClassifier_DEMV_HYPERPARAMETER,"(('approach', 'hdmr'), ('cpu_time', 300), ('lambax', 0.1), ('maxorder', 2), ('spline_intervals', 3))",ENC_GENERO = 0,0.3181818181818182,0.2169421487603306,0
XGBClassifier_DEMV_HYPERPARAMETER,"(('approach', 'kernel'), ('cpu_time', 300), ('lambax', 0.1), ('maxorder', 2), ('spline_intervals', 3))",ENC_GENERO = 1,0.3711111111111111,0.2333876543209876,0
XGBClassifier_DEMV_HYPERPARAMETER,"(('approach', 'kernel'), ('cpu_time', 300), ('lambax', 0.1), ('maxorder', 2), ('spline_intervals', 3))",ENC_GENERO = 0,0.3181818181818182,0.2169421487603306,0
